parameter_subsection,simulator_field,provenance_class,current_status,source_dataset,source_columns,estimator,output_artefact,blocking_dependency,notes
4.1.1 `n_steps`,n_steps,experimental_scenario,scenario_only,Experimental design,,No empirical estimator,,,Review is required before simulator adoption.
4.1.2 `n_vaults`,n_vaults,empirical_pending,blocked_pending_phase1e_b,Planned Phase 1E-B representative vault panels,,,,Representative vault opening states and mutations,No numerical value is assigned while blocked or deferred.
4.1.3 `random_seed`,random_seed,experimental_scenario,scenario_only,Experimental design,,No empirical estimator,,,Review is required before simulator adoption.
4.1.4 `execute_liquidations`,execute_liquidations,experimental_scenario,scenario_only,Experimental design,,No empirical estimator,,,Review is required before simulator adoption.
"4.1.5 `collateral_portfolio`, `collaterals` and portfolio `name`","collateral_portfolio, collaterals and portfolio name",experimental_scenario,scenario_only,Experimental design,,No empirical estimator,,,Review is required before simulator adoption.
4.1.6 collateral `name` and vault `collateral_type`,collateral name and vault collateral_type,protocol_constant,protocol_constant,Phase 1D protocol parameter panel,timestamp_utc;ilk;parameter-specific effective value,Effective-dated direct protocol-state extraction,protocol/protocol_parameter_summary.csv,,Review is required before simulator adoption.
4.1.7 `price_col` and `oracle_col`,price_col and oracle_col,experimental_scenario,scenario_only,Experimental design,,No empirical estimator,,,Review is required before simulator adoption.
4.2.1 `initial_eth_price` and collateral `initial_price`,initial_eth_price and collateral initial_price,empirical_estimation,phase2a_estimable,Phase 1A market panel,timestamp_utc;eth_price_usd;wbtc_price_usd;usdc_price_usd,Exact replay-start observation,market/initial_prices.csv,,Review is required before simulator adoption.
4.2.2 `initial_dai_price`,initial_dai_price,empirical_estimation,phase2a_estimable,Phase 1A market panel,timestamp_utc;dai_price_usd,Exact replay-start observation,market/initial_prices.csv,,Review is required before simulator adoption.
4.2.3 `target_debt_share`,target_debt_share,empirical_pending,blocked_pending_phase1e_b,Planned Phase 1E-B representative vault panels,,,,Representative vault opening states and mutations,No numerical value is assigned while blocked or deferred.
4.2.4 `debt_mean`,debt_mean,empirical_pending,blocked_pending_phase1e_b,Planned Phase 1E-B representative vault panels,,,,Representative vault opening states and mutations,No numerical value is assigned while blocked or deferred.
4.2.5 `debt_std`,debt_std,empirical_pending,blocked_pending_phase1e_b,Planned Phase 1E-B representative vault panels,,,,Representative vault opening states and mutations,No numerical value is assigned while blocked or deferred.
4.2.6 `collateral_ratio_mean`,collateral_ratio_mean,empirical_pending,blocked_pending_phase1e_b,Planned Phase 1E-B representative vault panels,,,,Representative vault opening states and mutations,No numerical value is assigned while blocked or deferred.
4.2.7 `collateral_ratio_std`,collateral_ratio_std,empirical_pending,blocked_pending_phase1e_b,Planned Phase 1E-B representative vault panels,,,,Representative vault opening states and mutations,No numerical value is assigned while blocked or deferred.
4.2.8 `min_collateral_ratio_buffer`,min_collateral_ratio_buffer,empirical_pending,blocked_pending_phase1e_b,Planned Phase 1E-B representative vault panels,,,,Representative vault opening states and mutations,No numerical value is assigned while blocked or deferred.
4.3.1 `price_path`,price_path,empirical_estimation,phase2a_estimable,Phase 1A market panel,timestamp_utc;eth_log_return;wbtc_log_return;usdc_log_return,Aligned empirical moving blocks,market/return_block_index.csv,,Review is required before simulator adoption.
4.3.2 `mu`,mu,empirical_estimation,phase2a_estimable,Phase 1A market panel,eth_log_return;wbtc_log_return;usdc_log_return,Hourly sample mean with moving-block-bootstrap uncertainty,market/return_distribution.csv,,Review is required before simulator adoption.
4.3.3 `sigma`,sigma,empirical_estimation,phase2a_estimable,Phase 1A market panel,eth_log_return;wbtc_log_return;usdc_log_return,Hourly sample standard deviation by regime,market/return_distribution.csv,,Review is required before simulator adoption.
4.3.4 `dt`,dt,experimental_scenario,scenario_only,Experimental design,,No empirical estimator,,,Review is required before simulator adoption.
4.3.5 `floor_price`,floor_price,experimental_scenario,scenario_only,Experimental design,,No empirical estimator,,,Review is required before simulator adoption.
4.3.6 `shock_time`,shock_time,experimental_scenario,scenario_only,Experimental design,,No empirical estimator,,,Review is required before simulator adoption.
"4.3.7 `shock_size`, `shock_sizes`, `crypto_crash_size` and `stable_depeg_size`","shock_size, shock_sizes, crypto_crash_size and stable_depeg_size",empirical_estimation,phase2a_estimable,Phase 1A market panel,eth_log_return;wbtc_log_return;usdc_log_return,Empirical lower-tail quantiles,market/return_distribution.csv,,Review is required before simulator adoption.
4.3.8 `pre_shock_drift` and `post_shock_drift`,pre_shock_drift and post_shock_drift,experimental_scenario,scenario_only,Experimental design,,No empirical estimator,,,Review is required before simulator adoption.
4.3.9 `recovery_start`,recovery_start,experimental_scenario,scenario_only,Experimental design,,No empirical estimator,,,Review is required before simulator adoption.
4.3.10 `recovery_end`,recovery_end,experimental_scenario,scenario_only,Experimental design,,No empirical estimator,,,Review is required before simulator adoption.
4.3.11 `recovery_fraction`,recovery_fraction,experimental_scenario,scenario_only,Experimental design,,No empirical estimator,,,Review is required before simulator adoption.
4.3.12 `oracle_delay_steps` and `delay_steps`,oracle_delay_steps and delay_steps,literature,literature_required,Phase 1D mappings plus oracle documentation/literature,oracle_adapter,Literature/protocol-bounded scenario set,,Historical oracle update delay is not present in Phase 1D,No numerical value is assigned while blocked or deferred.
4.4.1 `liquidation_ratio`,liquidation_ratio,protocol_constant,protocol_constant,Phase 1D protocol parameter panel,timestamp_utc;ilk;parameter-specific effective value,Effective-dated direct protocol-state extraction,protocol/protocol_parameter_summary.csv,,Review is required before simulator adoption.
4.4.2 `liquidation_penalty`,liquidation_penalty,protocol_constant,protocol_constant,Phase 1D protocol parameter panel,timestamp_utc;ilk;parameter-specific effective value,Effective-dated direct protocol-state extraction,protocol/protocol_parameter_summary.csv,,Review is required before simulator adoption.
4.4.3 `gas_cost`,gas_cost,empirical_estimation,phase2a_estimable,Phase 1C actions and transactions; Phase 1A ETH price,record_type;tx_hash;gas_used;gas_price;block_time;eth_price_usd,Clean successful-Take top-level transaction distribution,liquidations/liquidation_transaction_gas.csv,,Review is required before simulator adoption.
4.4.4 `risk_cost_rate`,risk_cost_rate,model_calibration,requires_model_calibration,Phase 1A–1C target moments and later simulator outputs,,Deferred minimum-distance or SMM calibration,,Observable inputs must be fixed before simulator calibration,No numerical value is assigned while blocked or deferred.
4.4.5 `max_close_factor`,max_close_factor,empirical_pending,blocked_pending_phase1e_b,Planned Phase 1E-B representative vault panels,,,,Representative vault opening states and mutations,No numerical value is assigned while blocked or deferred.
4.4.6 `max_liquidations_per_step`,max_liquidations_per_step,empirical_estimation,phase2a_estimable,Phase 1C hourly liquidation panel,timestamp_utc;auctions_completed;successful_takes;unique_keepers,Regime-conditioned empirical hourly throughput distribution,liquidations/hourly_liquidation_summary.csv,,Review is required before simulator adoption.
4.5.1 `normal_lower_price`,normal_lower_price,empirical_estimation,phase2a_estimable,Phase 1A DAI price panel,dai_price_usd,Calibration-sample fifth percentile,market/dai_peg_distribution.csv,,Review is required before simulator adoption.
4.5.2 `normal_upper_price`,normal_upper_price,empirical_estimation,phase2a_estimable,Phase 1A DAI price panel,dai_price_usd,Calibration-sample ninety-fifth percentile,market/dai_peg_distribution.csv,,Review is required before simulator adoption.
4.5.3 `stress_lower_price`,stress_lower_price,empirical_estimation,phase2a_estimable,Phase 1A DAI price panel,dai_price_usd,Calibration-sample first percentile,market/dai_peg_distribution.csv,,Review is required before simulator adoption.
4.5.4 `max_normal_liquidatable_share`,max_normal_liquidatable_share,empirical_pending,blocked_pending_phase1e_b,Planned Phase 1E-B representative vault panels,,,,Representative vault opening states and mutations,No numerical value is assigned while blocked or deferred.
4.5.5 `max_stress_liquidatable_share`,max_stress_liquidatable_share,empirical_pending,blocked_pending_phase1e_b,Planned Phase 1E-B representative vault panels,,,,Representative vault opening states and mutations,No numerical value is assigned while blocked or deferred.
4.5.6 `bad_debt_panic_threshold`,bad_debt_panic_threshold,model_calibration,requires_model_calibration,Phase 1A–1C target moments and later simulator outputs,,Deferred minimum-distance or SMM calibration,,Observable inputs must be fixed before simulator calibration,No numerical value is assigned while blocked or deferred.
4.5.7 `normal_confidence`,normal_confidence,model_calibration,requires_model_calibration,Phase 1A–1C target moments and later simulator outputs,,Deferred minimum-distance or SMM calibration,,Observable inputs must be fixed before simulator calibration,No numerical value is assigned while blocked or deferred.
4.5.8 `stress_confidence`,stress_confidence,model_calibration,requires_model_calibration,Phase 1A–1C target moments and later simulator outputs,,Deferred minimum-distance or SMM calibration,,Observable inputs must be fixed before simulator calibration,No numerical value is assigned while blocked or deferred.
4.5.9 `panic_confidence`,panic_confidence,model_calibration,requires_model_calibration,Phase 1A–1C target moments and later simulator outputs,,Deferred minimum-distance or SMM calibration,,Observable inputs must be fixed before simulator calibration,No numerical value is assigned while blocked or deferred.
4.5.10 `panic_selling_multiplier`,panic_selling_multiplier,model_calibration,requires_model_calibration,Phase 1A–1C target moments and later simulator outputs,,Deferred minimum-distance or SMM calibration,,Observable inputs must be fixed before simulator calibration,No numerical value is assigned while blocked or deferred.
4.6.1 `peg_price`,peg_price,protocol_constant,protocol_constant,Phase 1D protocol parameter panel,timestamp_utc;ilk;parameter-specific effective value,Effective-dated direct protocol-state extraction,protocol/protocol_parameter_summary.csv,,Review is required before simulator adoption.
4.6.2 `price_adjustment_speed`,price_adjustment_speed,model_calibration,requires_model_calibration,Phase 1A–1C target moments and later simulator outputs,,Deferred minimum-distance or SMM calibration,,Observable inputs must be fixed before simulator calibration,No numerical value is assigned while blocked or deferred.
4.6.3 `arbitrage_strength`,arbitrage_strength,model_calibration,requires_model_calibration,Phase 1A–1C target moments and later simulator outputs,,Deferred minimum-distance or SMM calibration,,Observable inputs must be fixed before simulator calibration,No numerical value is assigned while blocked or deferred.
4.6.4 `above_peg_supply_strength`,above_peg_supply_strength,model_calibration,requires_model_calibration,Phase 1A–1C target moments and later simulator outputs,,Deferred minimum-distance or SMM calibration,,Observable inputs must be fixed before simulator calibration,No numerical value is assigned while blocked or deferred.
4.6.5 `panic_strength`,panic_strength,model_calibration,requires_model_calibration,Phase 1A–1C target moments and later simulator outputs,,Deferred minimum-distance or SMM calibration,,Observable inputs must be fixed before simulator calibration,No numerical value is assigned while blocked or deferred.
4.6.6 `noise_std`,noise_std,model_calibration,requires_model_calibration,Phase 1A–1C target moments and later simulator outputs,,Deferred minimum-distance or SMM calibration,,Observable inputs must be fixed before simulator calibration,No numerical value is assigned while blocked or deferred.
4.6.7 `min_price`,min_price,experimental_scenario,scenario_only,Experimental design,,No empirical estimator,,,Review is required before simulator adoption.
4.6.8 `max_price`,max_price,experimental_scenario,scenario_only,Experimental design,,No empirical estimator,,,Review is required before simulator adoption.
4.6.9 `enable_peg_recovery`,enable_peg_recovery,experimental_scenario,scenario_only,Experimental design,,No empirical estimator,,,Review is required before simulator adoption.
4.6.10 `arbitrage_recovery_strength`,arbitrage_recovery_strength,model_calibration,requires_model_calibration,Phase 1A–1C target moments and later simulator outputs,,Deferred minimum-distance or SMM calibration,,Observable inputs must be fixed before simulator calibration,No numerical value is assigned while blocked or deferred.
4.6.11 `policy_feedback_strength`,policy_feedback_strength,model_calibration,requires_model_calibration,Phase 1A–1C target moments and later simulator outputs,,Deferred minimum-distance or SMM calibration,,Observable inputs must be fixed before simulator calibration,No numerical value is assigned while blocked or deferred.
4.6.12 `bad_debt_recovery_drag`,bad_debt_recovery_drag,model_calibration,requires_model_calibration,Phase 1A–1C target moments and later simulator outputs,,Deferred minimum-distance or SMM calibration,,Observable inputs must be fixed before simulator calibration,No numerical value is assigned while blocked or deferred.
4.6.13 `min_recovery_confidence`,min_recovery_confidence,model_calibration,requires_model_calibration,Phase 1A–1C target moments and later simulator outputs,,Deferred minimum-distance or SMM calibration,,Observable inputs must be fixed before simulator calibration,No numerical value is assigned while blocked or deferred.
