test_node_id,dependency_classification,missing_path,scientific_purpose,historical_identity_owner,tracked_replacement,row_level_required,portable_replacement,coverage_after_replacement
tests/calibration/test_keeper_execution.py::test_collateral_comparability_is_explicit,row_level_recomputation_input,data/liquidations/processed/liquidation_actions_2021-06-01_2024-06-30.csv,Collateral comparability audit,keeper execution calibration,data/provenance/calibration/keeper/keeper_collateral_comparability.csv,false,Frozen compact comparability rows,Exact registered inclusion and exclusion contract
tests/calibration/test_oracle_delay.py::test_repository_source_inventory_supports_only_tier_four,stale_test_dependency,seven raw oracle candidate paths,Frozen source eligibility,oracle delay registry,data/provenance/calibration/oracle_delay/oracle_delay_source_inventory.csv,false,Frozen seven-candidate inventory,Exact exclusion reasons and zero eligible observations
tests/calibration/test_structural_incompatibility.py::test_variant_registry_is_one_factor_objective_blind_and_source_owned,tracked_scientific_contract,data/vaults/processed/representative_regimes/*/reconstructed_vault_snapshots.csv,Objective-blind variant registry,confidence structural diagnosis,data/provenance/calibration/confidence/structural_variant_registry.json,false,Frozen variant registry,Exact variants and source status
tests/calibration/test_structural_incompatibility.py::test_historical_gas_is_explicitly_unavailable_before_coverage,tracked_scientific_contract,data/vaults/processed/representative_regimes/*/reconstructed_vault_snapshots.csv,Historical gas unavailability,confidence structural diagnosis,data/provenance/calibration/confidence/structural_variant_registry.json,false,Frozen variant registry,Exact unavailable classification
tests/calibration/test_structural_incompatibility.py::test_capacity_and_stress_registry_values_are_exact,tracked_scientific_contract,data/vaults/processed/representative_regimes/*/reconstructed_vault_snapshots.csv,Registered diagnostic coordinates,confidence structural diagnosis,data/provenance/calibration/confidence/structural_variant_registry.json,false,Frozen variant registry,Exact capacity and stress settings
tests/calibration/test_structural_incompatibility.py::test_residual_and_gate_variants_do_not_change_baseline_registration,tracked_scientific_contract,data/vaults/processed/representative_regimes/*/reconstructed_vault_snapshots.csv,Residual and gate registry,confidence structural diagnosis,data/provenance/calibration/confidence/structural_variant_registry.json,false,Frozen variant registry,Exact one-factor settings
tests/calibration/test_structural_incompatibility.py::test_residual_variants_are_deterministic_and_preserve_empirical_support,tracked_scientific_contract,data/vaults/processed/representative_regimes/*/reconstructed_vault_snapshots.csv,Residual code path,confidence structural diagnosis,data/provenance/calibration/confidence/structural_variant_registry.json,false,Frozen registry plus synthetic fixture,Scientific registration and executable transformation
tests/calibration/test_structural_incompatibility.py::test_gate_ablation_retains_underlying_backlog_and_bad_debt_state,tracked_scientific_contract,data/vaults/processed/representative_regimes/*/reconstructed_vault_snapshots.csv,Gate-ablation code path,confidence structural diagnosis,data/provenance/calibration/confidence/structural_variant_registry.json,false,Frozen registry plus synthetic fixture,Scientific registration and executable transformation
tests/calibration/test_structural_incompatibility.py::test_non_binding_capacity_reuses_the_canonical_package,tracked_scientific_contract,data/vaults/processed/representative_regimes/*/reconstructed_vault_snapshots.csv,Capacity code path,confidence structural diagnosis,data/provenance/calibration/confidence/structural_variant_registry.json,false,Frozen registry plus synthetic fixture,Scientific registration and executable transformation
tests/calibration/test_structural_incompatibility.py::test_partial_event_shard_requires_explicit_resume,stale_test_dependency,data/vaults/processed/representative_regimes/*/reconstructed_vault_snapshots.csv,Resume guard,confidence structural diagnosis,data/provenance/calibration/confidence/structural_variant_registry.json,false,Frozen registry plus tmp_path shard,Resume failure remains executable
tests/calibration/test_structural_incompatibility.py::test_registry_serialisation_contains_no_selected_model_or_candidate,tracked_scientific_contract,data/vaults/processed/representative_regimes/*/reconstructed_vault_snapshots.csv,Non-selection contract,confidence structural diagnosis,data/provenance/calibration/confidence/structural_variant_registry.json,false,Frozen variant registry,Exact non-selection fields
tests/experiments/final/test_correlated_stress.py::test_experiment_a_regression_audit_round_trips_canonical_snapshot,optional_historical_reconstruction,outputs/experiments/final/idiosyncratic_diversification/*/checkpoints,Experiment A regression boundary,Experiment A,portable reconstruction registry,false,Frozen checkpoint content-map contract,Exact A evidence and optional archive boundary
tests/experiments/final/test_shared_keeper_capacity.py::test_common_streams_are_deterministic,runtime_input,data/market/processed/dune_hourly_dai_eth_market_prices_processed.csv,Stage 1 residual stream,Stage 1 confidence evidence,data/model_inputs/calibration/stage1_residual_source.csv,true,Exact compact residual derivative,Exact residual and block identities
tests/experiments/final/test_stable_collateral_tradeoff.py::test_registered_stable_floors[joint_crypto_high_correlation-1.0],runtime_input,data/market/processed/dune_hourly_dai_eth_market_prices_processed.csv,Registered shock path construction,Stage 1 confidence evidence,data/model_inputs/calibration/stage1_residual_source.csv,true,Exact compact residual derivative,Exact scientific input stream
tests/experiments/final/test_stable_collateral_tradeoff.py::test_registered_stable_floors[stable_depeg_moderate-0.95],runtime_input,data/market/processed/dune_hourly_dai_eth_market_prices_processed.csv,Registered shock path construction,Stage 1 confidence evidence,data/model_inputs/calibration/stage1_residual_source.csv,true,Exact compact residual derivative,Exact scientific input stream
tests/experiments/final/test_stable_collateral_tradeoff.py::test_registered_stable_floors[stable_depeg_severe-0.9],runtime_input,data/market/processed/dune_hourly_dai_eth_market_prices_processed.csv,Registered shock path construction,Stage 1 confidence evidence,data/model_inputs/calibration/stage1_residual_source.csv,true,Exact compact residual derivative,Exact scientific input stream
tests/experiments/final/test_stable_collateral_tradeoff.py::test_registered_stable_floors[joint_crypto_stable_stress-0.9],runtime_input,data/market/processed/dune_hourly_dai_eth_market_prices_processed.csv,Registered shock path construction,Stage 1 confidence evidence,data/model_inputs/calibration/stage1_residual_source.csv,true,Exact compact residual derivative,Exact scientific input stream
tests/experiments/final/test_stable_collateral_tradeoff.py::test_regression_audit_preserves_a_and_b,optional_historical_reconstruction,"outputs/experiments/final/{idiosyncratic_diversification,correlated_stress}/*/checkpoints",A and B regression boundary,Experiments A and B,portable reconstruction registry,false,Frozen checkpoint content maps,Exact A and B evidence plus optional archive boundary
tests/experiments/mechanism/test_constrained_eth_recovery.py::test_evidence_payloads_reconstruct_committed_bytes_without_simulation,optional_historical_reconstruction,outputs/experiments/mechanism/constrained_eth_recovery/*/checkpoints,Compact evidence reconstruction,constrained ETH recovery,portable reconstruction registry,false,Compact evidence hashes and checkpoint audit contract,Exact decision and evidence ownership
tests/experiments/mechanism/test_constrained_eth_recovery.py::test_profile_only_worker_smoke_preserves_cells_seeds_and_checkpoints,optional_historical_reconstruction,outputs/experiments/mechanism/constrained_eth_recovery/*/checkpoints,Profile isolation and checkpoint protection,constrained ETH recovery,portable reconstruction registry,false,Profile resolver plus frozen checkpoint audit,Code path and historical count contract
tests/integration/test_diagnostic_independence.py::test_scientific_contracts_do_not_read_ignored_diagnostics,invalid_test_assumption,ignored diagnostics and outputs,Submission dependency boundary,repository-wide compact evidence,portable submission specification,false,Explicit runtime and scientific-contract owners,No hidden diagnostic dependency
tests/validation/test_integrated_eth.py::test_stage1_and_residual_owners_are_exact_and_stage1_only,runtime_input,data/market/processed/dune_hourly_dai_eth_market_prices_processed.csv,Stage 1 ownership,integrated empirical ETH validation,data/model_inputs/calibration/stage1_residual_source.csv,true,Exact compact residual derivative,Exact coefficients residuals and blocks
tests/validation/test_integrated_eth.py::test_one_integrated_replication_has_valid_accounting_and_metadata,optional_historical_reconstruction,data/market/processed/dune_hourly_dai_eth_market_prices_processed.csv,Integrated validation result,integrated empirical ETH validation,data/provenance/validation/integrated_empirical_eth,false,Compact registered validation summaries,Exact completed validation contract without replay
tests/validation/test_multicollateral.py::test_one_dynamic_replication_preserves_metadata_and_accounting,optional_historical_reconstruction,data/market/processed/dune_hourly_dai_eth_market_prices_processed.csv,Multi-collateral validation result,multi-collateral integration validation,data/provenance/validation/multicollateral_integration,false,Compact registered validation summaries,Exact completed validation contract without replay
tests/workflows/test_oracle_delay.py::test_non_host_dependent_payloads_reconstruct_byte_identically,stale_test_dependency,seven raw oracle candidate paths,Frozen oracle payload,oracle delay registry,data/provenance/calibration/oracle_delay,false,Validate tracked compact bytes,Exact registered inventory and decision bytes
tests/workflows/test_oracle_delay.py::test_isolated_freeze_is_atomic_and_non_operational,stale_test_dependency,seven raw oracle candidate paths,Oracle freeze boundary,oracle delay registry,data/provenance/calibration/oracle_delay,false,Temporary fixture plus frozen contract,Atomic code path and non-adoption decision
tests/workflows/test_oracle_delay.py::test_payload_construction_does_not_use_network,stale_test_dependency,seven raw oracle candidate paths,Network-free oracle audit,oracle delay registry,data/provenance/calibration/oracle_delay,false,Frozen inventory validation under blocked socket,Zero-network contract
tests/experiments/final/test_shared_keeper_capacity.py::test_real_replication_preserves_capacity_only_pairing,optional_historical_reconstruction,outputs/experiments/final/shared_keeper_capacity/*/checkpoints,Capacity-only CRN pairing,Experiment D,portable reconstruction registry,false,Registered CRN audit and cell registry,Exact completed pairing contract
tests/experiments/final/test_shared_keeper_capacity.py::test_real_replication_passes_queue_crn_and_ranking_audits,optional_historical_reconstruction,outputs/experiments/final/shared_keeper_capacity/*/checkpoints,Queue and ranking audit,Experiment D,portable reconstruction registry,false,Registered queue audit,Exact completed ranking contract
tests/experiments/final/test_shared_keeper_capacity.py::test_real_replication_passes_accounting_and_capacity_gates,optional_historical_reconstruction,outputs/experiments/final/shared_keeper_capacity/*/checkpoints,Accounting and capacity gates,Experiment D,portable reconstruction registry,false,Registered checkpoint and evidence audit,Exact completed validity contract
tests/experiments/final/test_stable_collateral_tradeoff.py::test_smoke_completes_all_cells,optional_historical_reconstruction,outputs/experiments/final/stable_collateral_tradeoff/*/checkpoints,Experiment C cell completion,Experiment C,portable reconstruction registry,false,Registered cell summary and audit,Exact 12-cell 128-replication contract
tests/experiments/final/test_stable_collateral_tradeoff.py::test_smoke_negative_control_passes,optional_historical_reconstruction,outputs/experiments/final/stable_collateral_tradeoff/*/checkpoints,STABLE negative control,Experiment C,portable reconstruction registry,false,Registered CRN and negative-control audit,Exact completed negative-control decision
tests/experiments/final/test_stable_collateral_tradeoff.py::test_smoke_validity_passes,optional_historical_reconstruction,outputs/experiments/final/stable_collateral_tradeoff/*/checkpoints,Numerical and accounting validity,Experiment C,portable reconstruction registry,false,Registered checkpoint audit,Exact completed validity contract
tests/experiments/final/test_stable_collateral_tradeoff.py::test_smoke_common_random_numbers_hold,optional_historical_reconstruction,outputs/experiments/final/stable_collateral_tradeoff/*/checkpoints,Common random numbers,Experiment C,portable reconstruction registry,false,Registered CRN audit,Exact completed pairing contract
tests/experiments/final/test_stable_collateral_tradeoff.py::test_smoke_semantic_collateral_order,optional_historical_reconstruction,outputs/experiments/final/stable_collateral_tradeoff/*/checkpoints,Collateral ordering,Experiment C,portable reconstruction registry,false,Registered collateral summary,Exact semantic ordering
tests/experiments/final/test_stable_collateral_tradeoff.py::test_smoke_zero_exposure_is_not_normalised_to_zero,optional_historical_reconstruction,outputs/experiments/final/stable_collateral_tradeoff/*/checkpoints,Zero-exposure semantics,Experiment C,portable reconstruction registry,false,Registered collateral summary,Exact null-versus-zero semantics
tests/experiments/final/test_stable_collateral_tradeoff.py::test_stable_diagnostics_are_only_attached_to_stable_rows,optional_historical_reconstruction,outputs/experiments/final/stable_collateral_tradeoff/*/checkpoints,STABLE diagnostic ownership,Experiment C,portable reconstruction registry,false,Registered collateral summary,Exact family ownership
tests/experiments/final/test_stable_collateral_tradeoff.py::test_collateral_evidence_uses_semantic_family_order,optional_historical_reconstruction,outputs/experiments/final/stable_collateral_tradeoff/*/checkpoints,Collateral evidence ordering,Experiment C,portable reconstruction registry,false,Registered collateral summary,Exact family ordering
