cell_order,cell_identifier,anchor,portfolio,shock,oracle_treatment,oracle_delay_steps,metric_order,metric,operationality,direction_multiplier,count,mean,standard_error,ci95_lower,ci95_upper,median,p05,p25,p75,p90,p95,positive_share
1,joint_crypto_high_correlation__empirical_crypto__oracle_delay_low,empirical_crypto__joint_crypto_high_correlation,empirical_crypto,joint_crypto_high_correlation,oracle_delay_low,0,1,debt_weighted_absolute_mismatch_area,operational,1,128,0.0,0.0,0.0,0.0,0.0,0.0,0.0,0.0,0.0,0.0,0.0
1,joint_crypto_high_correlation__empirical_crypto__oracle_delay_low,empirical_crypto__joint_crypto_high_correlation,empirical_crypto,joint_crypto_high_correlation,oracle_delay_low,0,2,debt_weighted_overvaluation_area,operational,1,128,0.0,0.0,0.0,0.0,0.0,0.0,0.0,0.0,0.0,0.0,0.0
1,joint_crypto_high_correlation__empirical_crypto__oracle_delay_low,empirical_crypto__joint_crypto_high_correlation,empirical_crypto,joint_crypto_high_correlation,oracle_delay_low,0,3,debt_weighted_undervaluation_area,operational,1,128,0.0,0.0,0.0,0.0,0.0,0.0,0.0,0.0,0.0,0.0,0.0
1,joint_crypto_high_correlation__empirical_crypto__oracle_delay_low,empirical_crypto__joint_crypto_high_correlation,empirical_crypto,joint_crypto_high_correlation,oracle_delay_low,0,4,peak_debt_weighted_mismatch,operational,1,128,0.0,0.0,0.0,0.0,0.0,0.0,0.0,0.0,0.0,0.0,0.0
1,joint_crypto_high_correlation__empirical_crypto__oracle_delay_low,empirical_crypto__joint_crypto_high_correlation,empirical_crypto,joint_crypto_high_correlation,oracle_delay_low,0,5,false_safe_vault_hours,operational,1,128,0.0,0.0,0.0,0.0,0.0,0.0,0.0,0.0,0.0,0.0,0.0
1,joint_crypto_high_correlation__empirical_crypto__oracle_delay_low,empirical_crypto__joint_crypto_high_correlation,empirical_crypto,joint_crypto_high_correlation,oracle_delay_low,0,6,false_safe_debt_hours,operational,1,128,0.0,0.0,0.0,0.0,0.0,0.0,0.0,0.0,0.0,0.0,0.0
1,joint_crypto_high_correlation__empirical_crypto__oracle_delay_low,empirical_crypto__joint_crypto_high_correlation,empirical_crypto,joint_crypto_high_correlation,oracle_delay_low,0,7,peak_false_safe_debt,operational,1,128,0.0,0.0,0.0,0.0,0.0,0.0,0.0,0.0,0.0,0.0,0.0
1,joint_crypto_high_correlation__empirical_crypto__oracle_delay_low,empirical_crypto__joint_crypto_high_correlation,empirical_crypto,joint_crypto_high_correlation,oracle_delay_low,0,8,false_unsafe_vault_hours,operational,1,128,0.0,0.0,0.0,0.0,0.0,0.0,0.0,0.0,0.0,0.0,0.0
1,joint_crypto_high_correlation__empirical_crypto__oracle_delay_low,empirical_crypto__joint_crypto_high_correlation,empirical_crypto,joint_crypto_high_correlation,oracle_delay_low,0,9,false_unsafe_debt_hours,operational,1,128,0.0,0.0,0.0,0.0,0.0,0.0,0.0,0.0,0.0,0.0,0.0
1,joint_crypto_high_correlation__empirical_crypto__oracle_delay_low,empirical_crypto__joint_crypto_high_correlation,empirical_crypto,joint_crypto_high_correlation,oracle_delay_low,0,10,peak_false_unsafe_debt,operational,1,128,0.0,0.0,0.0,0.0,0.0,0.0,0.0,0.0,0.0,0.0,0.0
1,joint_crypto_high_correlation__empirical_crypto__oracle_delay_low,empirical_crypto__joint_crypto_high_correlation,empirical_crypto,joint_crypto_high_correlation,oracle_delay_low,0,11,market_unsafe_debt_not_oracle_eligible_share,operational,1,128,0.0,0.0,0.0,0.0,0.0,0.0,0.0,0.0,0.0,0.0,0.0
1,joint_crypto_high_correlation__empirical_crypto__oracle_delay_low,empirical_crypto__joint_crypto_high_correlation,empirical_crypto,joint_crypto_high_correlation,oracle_delay_low,0,12,oracle_unsafe_debt_already_market_safe_share,operational,1,128,0.0,0.0,0.0,0.0,0.0,0.0,0.0,0.0,0.0,0.0,0.0
1,joint_crypto_high_correlation__empirical_crypto__oracle_delay_low,empirical_crypto__joint_crypto_high_correlation,empirical_crypto,joint_crypto_high_correlation,oracle_delay_low,0,13,recognition_lag_mean,operational,1,78,0.0,0.0,0.0,0.0,0.0,0.0,0.0,0.0,0.0,0.0,0.0
1,joint_crypto_high_correlation__empirical_crypto__oracle_delay_low,empirical_crypto__joint_crypto_high_correlation,empirical_crypto,joint_crypto_high_correlation,oracle_delay_low,0,14,recognition_lag_median,operational,1,78,0.0,0.0,0.0,0.0,0.0,0.0,0.0,0.0,0.0,0.0,0.0
1,joint_crypto_high_correlation__empirical_crypto__oracle_delay_low,empirical_crypto__joint_crypto_high_correlation,empirical_crypto,joint_crypto_high_correlation,oracle_delay_low,0,15,recovery_staleness_mean,operational,1,66,0.0,0.0,0.0,0.0,0.0,0.0,0.0,0.0,0.0,0.0,0.0
1,joint_crypto_high_correlation__empirical_crypto__oracle_delay_low,empirical_crypto__joint_crypto_high_correlation,empirical_crypto,joint_crypto_high_correlation,oracle_delay_low,0,16,recovery_staleness_median,operational,1,66,0.0,0.0,0.0,0.0,0.0,0.0,0.0,0.0,0.0,0.0,0.0
1,joint_crypto_high_correlation__empirical_crypto__oracle_delay_low,empirical_crypto__joint_crypto_high_correlation,empirical_crypto,joint_crypto_high_correlation,oracle_delay_low,0,17,backlog_area_share,operational,1,128,0.06596574709593589,0.01705658819838987,0.03253483422709174,0.09939665996478003,0.0013725819163857163,0.0,0.0,0.02871264168103852,0.1249347559418948,0.3687375444432702,0.59375
1,joint_crypto_high_correlation__empirical_crypto__oracle_delay_low,empirical_crypto__joint_crypto_high_correlation,empirical_crypto,joint_crypto_high_correlation,oracle_delay_low,0,18,maximum_unresolved_tab_share,operational,1,128,0.016290283082769932,0.004093427601254891,0.008267164984310347,0.024313401181229516,0.00039864965206780193,0.0,0.0,0.006072356728634348,0.03653562434088509,0.11998554708029326,0.59375
1,joint_crypto_high_correlation__empirical_crypto__oracle_delay_low,empirical_crypto__joint_crypto_high_correlation,empirical_crypto,joint_crypto_high_correlation,oracle_delay_low,0,19,terminal_unresolved_tab_share,degenerate,1,128,0.0,0.0,0.0,0.0,0.0,0.0,0.0,0.0,0.0,0.0,0.0
1,joint_crypto_high_correlation__empirical_crypto__oracle_delay_low,empirical_crypto__joint_crypto_high_correlation,empirical_crypto,joint_crypto_high_correlation,oracle_delay_low,0,20,liquidation_completion_ratio,operational,-1,78,0.8491081397769603,0.03068389898945765,0.7889676977576233,0.9092485817962973,0.9940185201834588,0.15976325819103265,0.8380614993623472,1.0,1.0,1.0000000000000002,0.9615384615384616
1,joint_crypto_high_correlation__empirical_crypto__oracle_delay_low,empirical_crypto__joint_crypto_high_correlation,empirical_crypto,joint_crypto_high_correlation,oracle_delay_low,0,21,peak_eligible_tab_share,operational,1,128,0.02126480569531604,0.004644307380740026,0.012161963229065589,0.030367648161566486,0.0005167937068316598,0.0,0.0,0.00858920655572468,0.05487874284880735,0.1506661257889246,0.609375
1,joint_crypto_high_correlation__empirical_crypto__oracle_delay_low,empirical_crypto__joint_crypto_high_correlation,empirical_crypto,joint_crypto_high_correlation,oracle_delay_low,0,22,peak_new_eligible_tab_share,operational,1,128,0.019511966549272973,0.004288246274701417,0.011107003850858195,0.027916929247687752,0.0004978540167402471,0.0,0.0,0.008427297503643126,0.0531566379181172,0.1319867633184418,0.609375
1,joint_crypto_high_correlation__empirical_crypto__oracle_delay_low,empirical_crypto__joint_crypto_high_correlation,empirical_crypto,joint_crypto_high_correlation,oracle_delay_low,0,23,peak_selected_attempts,operational,1,128,3.671875,0.4497524164442487,2.790360263769273,4.553389736230727,2.0,0.0,0.0,5.25,10.0,13.649999999999991,0.5859375
1,joint_crypto_high_correlation__empirical_crypto__oracle_delay_low,empirical_crypto__joint_crypto_high_correlation,empirical_crypto,joint_crypto_high_correlation,oracle_delay_low,0,24,peak_successful_closures,operational,1,128,3.3125,0.40886311312661905,2.5111282982718266,4.113871701728173,1.0,0.0,0.0,5.0,9.299999999999997,12.299999999999983,0.5859375
1,joint_crypto_high_correlation__empirical_crypto__oracle_delay_low,empirical_crypto__joint_crypto_high_correlation,empirical_crypto,joint_crypto_high_correlation,oracle_delay_low,0,25,hours_for_half_eligible_tab,operational,1,128,0.7421875,0.06100182099022959,0.62262393085915,0.86175106914085,1.0,0.0,0.0,1.0,2.0,2.0,0.609375
1,joint_crypto_high_correlation__empirical_crypto__oracle_delay_low,empirical_crypto__joint_crypto_high_correlation,empirical_crypto,joint_crypto_high_correlation,oracle_delay_low,0,26,five_busiest_eligible_tab_share,operational,1,128,0.5971171258995926,0.04251440466915069,0.5137888927480573,0.680445359051128,0.9597419725639558,0.0,0.0,1.0,1.0,1.0,0.609375
1,joint_crypto_high_correlation__empirical_crypto__oracle_delay_low,empirical_crypto__joint_crypto_high_correlation,empirical_crypto,joint_crypto_high_correlation,oracle_delay_low,0,27,capacity_binding_hours,degenerate,1,128,0.0,0.0,0.0,0.0,0.0,0.0,0.0,0.0,0.0,0.0,0.0
1,joint_crypto_high_correlation__empirical_crypto__oracle_delay_low,empirical_crypto__joint_crypto_high_correlation,empirical_crypto,joint_crypto_high_correlation,oracle_delay_low,0,28,capacity_rejected_opportunity_count,degenerate,1,128,0.0,0.0,0.0,0.0,0.0,0.0,0.0,0.0,0.0,0.0,0.0
1,joint_crypto_high_correlation__empirical_crypto__oracle_delay_low,empirical_crypto__joint_crypto_high_correlation,empirical_crypto,joint_crypto_high_correlation,oracle_delay_low,0,29,successful_closure_count,operational,1,128,8.0,1.0096727075532708,6.02104149319559,9.97895850680441,2.0,0.0,0.0,14.0,24.299999999999997,28.64999999999999,0.5859375
1,joint_crypto_high_correlation__empirical_crypto__oracle_delay_low,empirical_crypto__joint_crypto_high_correlation,empirical_crypto,joint_crypto_high_correlation,oracle_delay_low,0,30,liquidated_debt_share,operational,1,128,0.025233085090960276,0.005403376345266232,0.014642467454238462,0.035823702727682094,0.0004991212789764733,0.0,0.0,0.01105146957115476,0.0762347792755503,0.1737521463831973,0.5859375
1,joint_crypto_high_correlation__empirical_crypto__oracle_delay_low,empirical_crypto__joint_crypto_high_correlation,empirical_crypto,joint_crypto_high_correlation,oracle_delay_low,0,31,debt_weighted_liquidated_vault_share,operational,1,128,0.025233085090960276,0.005403376345266232,0.014642467454238462,0.035823702727682094,0.0004991212789764733,0.0,0.0,0.01105146957115476,0.0762347792755503,0.1737521463831973,0.5859375
1,joint_crypto_high_correlation__empirical_crypto__oracle_delay_low,empirical_crypto__joint_crypto_high_correlation,empirical_crypto,joint_crypto_high_correlation,oracle_delay_low,0,32,realised_bad_debt_share,degenerate,1,128,0.0,0.0,0.0,0.0,0.0,0.0,0.0,0.0,0.0,0.0,0.0
1,joint_crypto_high_correlation__empirical_crypto__oracle_delay_low,empirical_crypto__joint_crypto_high_correlation,empirical_crypto,joint_crypto_high_correlation,oracle_delay_low,0,33,positive_realised_bad_debt,degenerate,1,128,0.0,0.0,0.0,0.0,0.0,0.0,0.0,0.0,0.0,0.0,0.0
1,joint_crypto_high_correlation__empirical_crypto__oracle_delay_low,empirical_crypto__joint_crypto_high_correlation,empirical_crypto,joint_crypto_high_correlation,oracle_delay_low,0,34,terminal_active_bad_debt_share,degenerate,1,128,0.0,0.0,0.0,0.0,0.0,0.0,0.0,0.0,0.0,0.0,0.0
1,joint_crypto_high_correlation__empirical_crypto__oracle_delay_low,empirical_crypto__joint_crypto_high_correlation,empirical_crypto,joint_crypto_high_correlation,oracle_delay_low,0,35,below_peg_burden,operational,1,128,0.26573735733407927,0.004429321061590217,0.25705588805336244,0.2744188266147961,0.2611188867348968,0.19027597824060033,0.2351654513947821,0.2922824941964385,0.3357395232206026,0.35351421629069185,1.0
1,joint_crypto_high_correlation__empirical_crypto__oracle_delay_low,empirical_crypto__joint_crypto_high_correlation,empirical_crypto,joint_crypto_high_correlation,oracle_delay_low,0,36,mean_absolute_peg_deviation,operational,1,128,0.0006027275551807701,6.544235599836368e-06,0.0005899008534050908,0.0006155542569564494,0.0006036192282060733,0.0004798236752275121,0.0005461204591283339,0.0006602929112880015,0.0006956110524163097,0.0007239659266357082,1.0
1,joint_crypto_high_correlation__empirical_crypto__oracle_delay_low,empirical_crypto__joint_crypto_high_correlation,empirical_crypto,joint_crypto_high_correlation,oracle_delay_low,0,37,minimum_dai_price,operational,-1,128,0.9958418344003704,9.79953795986738e-05,0.995649763456357,0.9960339053443839,0.9960180270200536,0.9941428198490697,0.9951791977815344,0.996737081710873,0.9971107571339368,0.9973160104079624,1.0
1,joint_crypto_high_correlation__empirical_crypto__oracle_delay_low,empirical_crypto__joint_crypto_high_correlation,empirical_crypto,joint_crypto_high_correlation,oracle_delay_low,0,38,restricted_mean_recovery_time,operational,1,128,74.7578125,13.385913137817223,48.52142274987824,100.99420225012176,0.0,0.0,0.0,0.0,333.2,402.95,0.2265625
1,joint_crypto_high_correlation__empirical_crypto__oracle_delay_low,empirical_crypto__joint_crypto_high_correlation,empirical_crypto,joint_crypto_high_correlation,oracle_delay_low,0,39,recovery_probability_720h,degenerate,-1,128,1.0,0.0,1.0,1.0,1.0,1.0,1.0,1.0,1.0,1.0,1.0
2,joint_crypto_high_correlation__empirical_crypto__oracle_delay_central,empirical_crypto__joint_crypto_high_correlation,empirical_crypto,joint_crypto_high_correlation,oracle_delay_central,1,1,debt_weighted_absolute_mismatch_area,operational,1,128,2.935390425582396,0.05077919169919717,2.8358632098519694,3.0349176413128225,2.8318588572756447,2.155702404758233,2.538841227352546,3.285893865512409,3.7510902786352407,4.035505403126797,1.0
2,joint_crypto_high_correlation__empirical_crypto__oracle_delay_central,empirical_crypto__joint_crypto_high_correlation,empirical_crypto,joint_crypto_high_correlation,oracle_delay_central,1,2,debt_weighted_overvaluation_area,operational,1,128,1.4503626042196403,0.02696954186606037,1.397502302162162,1.5032229062771185,1.4171725797291614,1.0391219641913065,1.208204789248486,1.6356665282115714,1.8650708675002612,2.0318109794681907,1.0
2,joint_crypto_high_correlation__empirical_crypto__oracle_delay_central,empirical_crypto__joint_crypto_high_correlation,empirical_crypto,joint_crypto_high_correlation,oracle_delay_central,1,3,debt_weighted_undervaluation_area,operational,1,128,1.4850278213627552,0.026364618992747096,1.433353168136971,1.5367024745885396,1.4476562712402707,1.0588500936942944,1.277177587620919,1.700726810745029,1.8942226337375476,2.0127692012882443,1.0
2,joint_crypto_high_correlation__empirical_crypto__oracle_delay_central,empirical_crypto__joint_crypto_high_correlation,empirical_crypto,joint_crypto_high_correlation,oracle_delay_central,1,4,peak_debt_weighted_mismatch,operational,1,128,0.12107496422545769,0.0005985665831871159,0.11990177372241094,0.12224815472850444,0.12112219880093374,0.11030545662021923,0.11878965714822837,0.12354025024405418,0.1268335069231275,0.1321089438734602,1.0
2,joint_crypto_high_correlation__empirical_crypto__oracle_delay_central,empirical_crypto__joint_crypto_high_correlation,empirical_crypto,joint_crypto_high_correlation,oracle_delay_central,1,5,false_safe_vault_hours,operational,1,128,13.1875,1.9137000249341771,9.436647951129013,16.938352048870986,4.5,0.0,0.0,18.0,32.0,59.64999999999999,0.609375
2,joint_crypto_high_correlation__empirical_crypto__oracle_delay_central,empirical_crypto__joint_crypto_high_correlation,empirical_crypto,joint_crypto_high_correlation,oracle_delay_central,1,6,false_safe_debt_hours,operational,1,128,81883.3763898579,17053.23362905929,48459.0384769017,115307.71430281411,2602.6389123641693,0.0,0.0,46080.62954183578,244788.79449561512,515280.59946052165,0.609375
2,joint_crypto_high_correlation__empirical_crypto__oracle_delay_central,empirical_crypto__joint_crypto_high_correlation,empirical_crypto,joint_crypto_high_correlation,oracle_delay_central,1,7,peak_false_safe_debt,operational,1,128,48886.636164206444,10724.37820712591,27866.85487823966,69906.41745017323,1244.6350418506179,0.0,0.0,21068.24375910782,135908.33698820928,329966.9082961046,0.609375
2,joint_crypto_high_correlation__empirical_crypto__oracle_delay_central,empirical_crypto__joint_crypto_high_correlation,empirical_crypto,joint_crypto_high_correlation,oracle_delay_central,1,8,false_unsafe_vault_hours,operational,1,128,6.328125,1.1767467632242963,4.0217013440803795,8.63454865591962,1.0,0.0,0.0,6.0,17.0,31.249999999999957,0.5390625
2,joint_crypto_high_correlation__empirical_crypto__oracle_delay_central,empirical_crypto__joint_crypto_high_correlation,empirical_crypto,joint_crypto_high_correlation,oracle_delay_central,1,9,false_unsafe_debt_hours,operational,1,128,30442.306102508555,9937.318752706526,10965.161347203764,49919.45085781335,610.53694090198,0.0,0.0,6367.024571176198,50181.922008599075,117365.59317274367,0.5390625
2,joint_crypto_high_correlation__empirical_crypto__oracle_delay_central,empirical_crypto__joint_crypto_high_correlation,empirical_crypto,joint_crypto_high_correlation,oracle_delay_central,1,10,peak_false_unsafe_debt,operational,1,128,21640.186558972204,8071.003589648201,5821.01952326173,37459.353594682674,381.99003874220443,0.0,0.0,4387.493705779729,19284.55800735982,94145.07962843843,0.5390625
2,joint_crypto_high_correlation__empirical_crypto__oracle_delay_central,empirical_crypto__joint_crypto_high_correlation,empirical_crypto,joint_crypto_high_correlation,oracle_delay_central,1,11,market_unsafe_debt_not_oracle_eligible_share,operational,1,128,0.23584502205679736,0.0226426731874757,0.19146538260934498,0.28022466150424974,0.1770026222985123,0.0,0.0,0.37140397589661656,0.5236509858396324,0.7440446479693515,0.609375
2,joint_crypto_high_correlation__empirical_crypto__oracle_delay_central,empirical_crypto__joint_crypto_high_correlation,empirical_crypto,joint_crypto_high_correlation,oracle_delay_central,1,12,oracle_unsafe_debt_already_market_safe_share,operational,1,128,0.13808498223827836,0.021402278900087873,0.09613651559410613,0.1800334488824506,0.005488821237836315,0.0,0.0,0.1881150189769129,0.44845582323302746,0.695473324245741,0.5390625
2,joint_crypto_high_correlation__empirical_crypto__oracle_delay_central,empirical_crypto__joint_crypto_high_correlation,empirical_crypto,joint_crypto_high_correlation,oracle_delay_central,1,13,recognition_lag_mean,operational,1,78,1.0,0.0,1.0,1.0,1.0,1.0,1.0,1.0,1.0,1.0,1.0
2,joint_crypto_high_correlation__empirical_crypto__oracle_delay_central,empirical_crypto__joint_crypto_high_correlation,empirical_crypto,joint_crypto_high_correlation,oracle_delay_central,1,14,recognition_lag_median,operational,1,78,1.0,0.0,1.0,1.0,1.0,1.0,1.0,1.0,1.0,1.0,1.0
2,joint_crypto_high_correlation__empirical_crypto__oracle_delay_central,empirical_crypto__joint_crypto_high_correlation,empirical_crypto,joint_crypto_high_correlation,oracle_delay_central,1,15,recovery_staleness_mean,operational,1,66,1.0,0.0,1.0,1.0,1.0,1.0,1.0,1.0,1.0,1.0,1.0
2,joint_crypto_high_correlation__empirical_crypto__oracle_delay_central,empirical_crypto__joint_crypto_high_correlation,empirical_crypto,joint_crypto_high_correlation,oracle_delay_central,1,16,recovery_staleness_median,operational,1,66,1.0,0.0,1.0,1.0,1.0,1.0,1.0,1.0,1.0,1.0,1.0
2,joint_crypto_high_correlation__empirical_crypto__oracle_delay_central,empirical_crypto__joint_crypto_high_correlation,empirical_crypto,joint_crypto_high_correlation,oracle_delay_central,1,17,backlog_area_share,operational,1,128,0.053933530554058404,0.014010439201387535,0.026473069719338837,0.08139399138877797,0.0014131889788038447,0.0,0.0,0.028773536744297546,0.12647039537219912,0.26452483246559266,0.5859375
2,joint_crypto_high_correlation__empirical_crypto__oracle_delay_central,empirical_crypto__joint_crypto_high_correlation,empirical_crypto,joint_crypto_high_correlation,oracle_delay_central,1,18,maximum_unresolved_tab_share,operational,1,128,0.014832713723324228,0.003756387517450728,0.007470194189120801,0.022195233257527654,0.00039864965206780193,0.0,0.0,0.006396585032864213,0.036822157541653085,0.08557415729140185,0.5859375
2,joint_crypto_high_correlation__empirical_crypto__oracle_delay_central,empirical_crypto__joint_crypto_high_correlation,empirical_crypto,joint_crypto_high_correlation,oracle_delay_central,1,19,terminal_unresolved_tab_share,degenerate,1,128,0.0,0.0,0.0,0.0,0.0,0.0,0.0,0.0,0.0,0.0,0.0
2,joint_crypto_high_correlation__empirical_crypto__oracle_delay_central,empirical_crypto__joint_crypto_high_correlation,empirical_crypto,joint_crypto_high_correlation,oracle_delay_central,1,20,liquidation_completion_ratio,operational,-1,78,0.8579763732003142,0.02945099511686378,0.8002524227712612,0.9157003236293672,0.9993252543061895,0.15976325819103265,0.8081765313193883,1.0,1.0000000000000002,1.0000000000000002,0.9615384615384616
2,joint_crypto_high_correlation__empirical_crypto__oracle_delay_central,empirical_crypto__joint_crypto_high_correlation,empirical_crypto,joint_crypto_high_correlation,oracle_delay_central,1,21,peak_eligible_tab_share,operational,1,128,0.02106443561693573,0.004616673746994043,0.012015755072827407,0.030113116161044055,0.0004978540167402471,0.0,0.0,0.00858920655572468,0.054408493386313116,0.15798940848852808,0.609375
2,joint_crypto_high_correlation__empirical_crypto__oracle_delay_central,empirical_crypto__joint_crypto_high_correlation,empirical_crypto,joint_crypto_high_correlation,oracle_delay_central,1,22,peak_new_eligible_tab_share,operational,1,128,0.019508253374947652,0.004288471128068175,0.01110284996393403,0.027913656785961277,0.0004978540167402471,0.0,0.0,0.008427297503643126,0.0531566379181172,0.1319867633184418,0.609375
2,joint_crypto_high_correlation__empirical_crypto__oracle_delay_central,empirical_crypto__joint_crypto_high_correlation,empirical_crypto,joint_crypto_high_correlation,oracle_delay_central,1,23,peak_selected_attempts,operational,1,128,3.5625,0.4195560904004684,2.740170062815082,4.384829937184918,2.0,0.0,0.0,6.0,10.0,13.649999999999991,0.5859375
2,joint_crypto_high_correlation__empirical_crypto__oracle_delay_central,empirical_crypto__joint_crypto_high_correlation,empirical_crypto,joint_crypto_high_correlation,oracle_delay_central,1,24,peak_successful_closures,operational,1,128,3.203125,0.37176415174494404,2.4744672625799096,3.9317827374200904,2.0,0.0,0.0,5.0,9.0,11.0,0.5859375
2,joint_crypto_high_correlation__empirical_crypto__oracle_delay_central,empirical_crypto__joint_crypto_high_correlation,empirical_crypto,joint_crypto_high_correlation,oracle_delay_central,1,25,hours_for_half_eligible_tab,operational,1,128,0.7421875,0.06100182099022959,0.62262393085915,0.86175106914085,1.0,0.0,0.0,1.0,2.0,2.0,0.609375
2,joint_crypto_high_correlation__empirical_crypto__oracle_delay_central,empirical_crypto__joint_crypto_high_correlation,empirical_crypto,joint_crypto_high_correlation,oracle_delay_central,1,26,five_busiest_eligible_tab_share,operational,1,128,0.5970580893636699,0.04251043418176916,0.5137376383674024,0.6803785403599374,0.9597419725639558,0.0,0.0,1.0,1.0,1.0,0.609375
2,joint_crypto_high_correlation__empirical_crypto__oracle_delay_central,empirical_crypto__joint_crypto_high_correlation,empirical_crypto,joint_crypto_high_correlation,oracle_delay_central,1,27,capacity_binding_hours,degenerate,1,128,0.0,0.0,0.0,0.0,0.0,0.0,0.0,0.0,0.0,0.0,0.0
2,joint_crypto_high_correlation__empirical_crypto__oracle_delay_central,empirical_crypto__joint_crypto_high_correlation,empirical_crypto,joint_crypto_high_correlation,oracle_delay_central,1,28,capacity_rejected_opportunity_count,degenerate,1,128,0.0,0.0,0.0,0.0,0.0,0.0,0.0,0.0,0.0,0.0,0.0
2,joint_crypto_high_correlation__empirical_crypto__oracle_delay_central,empirical_crypto__joint_crypto_high_correlation,empirical_crypto,joint_crypto_high_correlation,oracle_delay_central,1,29,successful_closure_count,operational,1,128,8.15625,1.0542283102898231,6.089962511831947,10.222537488168053,2.0,0.0,0.0,14.0,24.299999999999997,31.0,0.5859375
2,joint_crypto_high_correlation__empirical_crypto__oracle_delay_central,empirical_crypto__joint_crypto_high_correlation,empirical_crypto,joint_crypto_high_correlation,oracle_delay_central,1,30,liquidated_debt_share,operational,1,128,0.02524614961359636,0.005435745414172292,0.01459208860181867,0.03590021062537405,0.0005370668089032561,0.0,0.0,0.011864913397681287,0.07037565927330472,0.1737658991299291,0.5859375
2,joint_crypto_high_correlation__empirical_crypto__oracle_delay_central,empirical_crypto__joint_crypto_high_correlation,empirical_crypto,joint_crypto_high_correlation,oracle_delay_central,1,31,debt_weighted_liquidated_vault_share,operational,1,128,0.02524614961359636,0.005435745414172292,0.01459208860181867,0.03590021062537405,0.0005370668089032561,0.0,0.0,0.011864913397681287,0.0703756592733047,0.1737658991299291,0.5859375
2,joint_crypto_high_correlation__empirical_crypto__oracle_delay_central,empirical_crypto__joint_crypto_high_correlation,empirical_crypto,joint_crypto_high_correlation,oracle_delay_central,1,32,realised_bad_debt_share,degenerate,1,128,6.135842889447375e-20,6.135842889447373e-20,-5.890409173869477e-20,1.8162094952764226e-19,0.0,0.0,0.0,0.0,0.0,0.0,0.0078125
2,joint_crypto_high_correlation__empirical_crypto__oracle_delay_central,empirical_crypto__joint_crypto_high_correlation,empirical_crypto,joint_crypto_high_correlation,oracle_delay_central,1,33,positive_realised_bad_debt,degenerate,1,128,0.0,0.0,0.0,0.0,0.0,0.0,0.0,0.0,0.0,0.0,0.0
2,joint_crypto_high_correlation__empirical_crypto__oracle_delay_central,empirical_crypto__joint_crypto_high_correlation,empirical_crypto,joint_crypto_high_correlation,oracle_delay_central,1,34,terminal_active_bad_debt_share,degenerate,1,128,0.0,0.0,0.0,0.0,0.0,0.0,0.0,0.0,0.0,0.0,0.0
2,joint_crypto_high_correlation__empirical_crypto__oracle_delay_central,empirical_crypto__joint_crypto_high_correlation,empirical_crypto,joint_crypto_high_correlation,oracle_delay_central,1,35,below_peg_burden,operational,1,128,0.26573735733407927,0.004429321061590217,0.25705588805336244,0.2744188266147961,0.2611188867348968,0.19027597824060033,0.2351654513947821,0.2922824941964385,0.3357395232206026,0.35351421629069185,1.0
2,joint_crypto_high_correlation__empirical_crypto__oracle_delay_central,empirical_crypto__joint_crypto_high_correlation,empirical_crypto,joint_crypto_high_correlation,oracle_delay_central,1,36,mean_absolute_peg_deviation,operational,1,128,0.0006027275551807701,6.544235599836368e-06,0.0005899008534050908,0.0006155542569564494,0.0006036192282060733,0.0004798236752275121,0.0005461204591283339,0.0006602929112880015,0.0006956110524163097,0.0007239659266357082,1.0
2,joint_crypto_high_correlation__empirical_crypto__oracle_delay_central,empirical_crypto__joint_crypto_high_correlation,empirical_crypto,joint_crypto_high_correlation,oracle_delay_central,1,37,minimum_dai_price,operational,-1,128,0.9958418344003704,9.79953795986738e-05,0.995649763456357,0.9960339053443839,0.9960180270200536,0.9941428198490697,0.9951791977815344,0.996737081710873,0.9971107571339368,0.9973160104079624,1.0
2,joint_crypto_high_correlation__empirical_crypto__oracle_delay_central,empirical_crypto__joint_crypto_high_correlation,empirical_crypto,joint_crypto_high_correlation,oracle_delay_central,1,38,restricted_mean_recovery_time,operational,1,128,74.7578125,13.385913137817223,48.52142274987824,100.99420225012176,0.0,0.0,0.0,0.0,333.2,402.95,0.2265625
2,joint_crypto_high_correlation__empirical_crypto__oracle_delay_central,empirical_crypto__joint_crypto_high_correlation,empirical_crypto,joint_crypto_high_correlation,oracle_delay_central,1,39,recovery_probability_720h,degenerate,-1,128,1.0,0.0,1.0,1.0,1.0,1.0,1.0,1.0,1.0,1.0,1.0
3,joint_crypto_high_correlation__empirical_crypto__oracle_delay_high,empirical_crypto__joint_crypto_high_correlation,empirical_crypto,joint_crypto_high_correlation,oracle_delay_high,2,1,debt_weighted_absolute_mismatch_area,operational,1,128,4.744960969345602,0.07926100796547227,4.5896093937332765,4.900312544957927,4.6338552231111105,3.550260599133446,4.13492427942681,5.333701988272658,6.109193490493179,6.408088144970203,1.0
3,joint_crypto_high_correlation__empirical_crypto__oracle_delay_high,empirical_crypto__joint_crypto_high_correlation,empirical_crypto,joint_crypto_high_correlation,oracle_delay_high,2,2,debt_weighted_overvaluation_area,operational,1,128,2.338043180600329,0.04345012615616852,2.2528809333342386,2.423205427866419,2.3051659018625235,1.6837565283752098,1.9519684167736282,2.6256889364307794,3.01986922873066,3.200726332491699,1.0
3,joint_crypto_high_correlation__empirical_crypto__oracle_delay_high,empirical_crypto__joint_crypto_high_correlation,empirical_crypto,joint_crypto_high_correlation,oracle_delay_high,2,3,debt_weighted_undervaluation_area,operational,1,128,2.4069177887452735,0.042244294158401315,2.324118972194807,2.4897166052957402,2.3264250718373476,1.729378156644561,2.067520823452793,2.7387021506757887,3.0652943658758423,3.2458377607837203,1.0
3,joint_crypto_high_correlation__empirical_crypto__oracle_delay_high,empirical_crypto__joint_crypto_high_correlation,empirical_crypto,joint_crypto_high_correlation,oracle_delay_high,2,4,peak_debt_weighted_mismatch,operational,1,128,0.12375399138145511,0.0008967836756837851,0.12199629537711489,0.12551168738579532,0.12300237367379928,0.110241719021986,0.11934412105970096,0.12716950864484783,0.13417788631155925,0.137199529318414,1.0
3,joint_crypto_high_correlation__empirical_crypto__oracle_delay_high,empirical_crypto__joint_crypto_high_correlation,empirical_crypto,joint_crypto_high_correlation,oracle_delay_high,2,5,false_safe_vault_hours,operational,1,128,23.375,3.4817790614958417,16.55071303946815,30.19928696053185,7.0,0.0,0.0,29.5,56.599999999999994,103.29999999999998,0.609375
3,joint_crypto_high_correlation__empirical_crypto__oracle_delay_high,empirical_crypto__joint_crypto_high_correlation,empirical_crypto,joint_crypto_high_correlation,oracle_delay_high,2,6,false_safe_debt_hours,operational,1,128,163530.91653440712,38303.1096988068,88456.82152474578,238605.01154406846,3491.0474512466276,0.0,0.0,82244.42220055296,473248.07648529724,970077.660447927,0.609375
3,joint_crypto_high_correlation__empirical_crypto__oracle_delay_high,empirical_crypto__joint_crypto_high_correlation,empirical_crypto,joint_crypto_high_correlation,oracle_delay_high,2,7,peak_false_safe_debt,operational,1,128,52905.774666665835,11490.65677292427,30384.087391734265,75427.4619415974,1317.0904792230726,0.0,0.0,21473.0163893117,135038.94756037003,395313.14678758214,0.609375
3,joint_crypto_high_correlation__empirical_crypto__oracle_delay_high,empirical_crypto__joint_crypto_high_correlation,empirical_crypto,joint_crypto_high_correlation,oracle_delay_high,2,8,false_unsafe_vault_hours,operational,1,128,9.6796875,1.9135451956424978,5.929138916540705,13.430236083459295,2.0,0.0,0.0,9.0,26.0,47.89999999999995,0.5546875
3,joint_crypto_high_correlation__empirical_crypto__oracle_delay_high,empirical_crypto__joint_crypto_high_correlation,empirical_crypto,joint_crypto_high_correlation,oracle_delay_high,2,9,false_unsafe_debt_hours,operational,1,128,55517.72398389128,19632.758453926155,17037.517414196016,93997.93055358654,903.6708659429646,0.0,0.0,8851.859653780828,69268.57614319451,214367.30244296507,0.5546875
3,joint_crypto_high_correlation__empirical_crypto__oracle_delay_high,empirical_crypto__joint_crypto_high_correlation,empirical_crypto,joint_crypto_high_correlation,oracle_delay_high,2,10,peak_false_unsafe_debt,operational,1,128,22681.525744017792,8074.893839943886,6854.733817727776,38508.317670307806,537.0284614488071,0.0,0.0,5519.288317584377,26980.767961919984,95022.23870855961,0.5546875
3,joint_crypto_high_correlation__empirical_crypto__oracle_delay_high,empirical_crypto__joint_crypto_high_correlation,empirical_crypto,joint_crypto_high_correlation,oracle_delay_high,2,11,market_unsafe_debt_not_oracle_eligible_share,operational,1,128,0.31181167033944734,0.026444193599853418,0.25998105088373463,0.36364228979516006,0.305447807663436,0.0,0.0,0.5219664624690099,0.6756649904374973,0.868730889094325,0.609375
3,joint_crypto_high_correlation__empirical_crypto__oracle_delay_high,empirical_crypto__joint_crypto_high_correlation,empirical_crypto,joint_crypto_high_correlation,oracle_delay_high,2,12,oracle_unsafe_debt_already_market_safe_share,operational,1,128,0.16361046663554563,0.023249182652529315,0.11804206863658817,0.20917886463450308,0.016475364456559862,0.0,0.0,0.24814312282199819,0.5000812860048196,0.8415389619462066,0.5546875
3,joint_crypto_high_correlation__empirical_crypto__oracle_delay_high,empirical_crypto__joint_crypto_high_correlation,empirical_crypto,joint_crypto_high_correlation,oracle_delay_high,2,13,recognition_lag_mean,operational,1,78,2.0,0.0,2.0,2.0,2.0,2.0,2.0,2.0,2.0,2.0,1.0
3,joint_crypto_high_correlation__empirical_crypto__oracle_delay_high,empirical_crypto__joint_crypto_high_correlation,empirical_crypto,joint_crypto_high_correlation,oracle_delay_high,2,14,recognition_lag_median,operational,1,78,2.0,0.0,2.0,2.0,2.0,2.0,2.0,2.0,2.0,2.0,1.0
3,joint_crypto_high_correlation__empirical_crypto__oracle_delay_high,empirical_crypto__joint_crypto_high_correlation,empirical_crypto,joint_crypto_high_correlation,oracle_delay_high,2,15,recovery_staleness_mean,operational,1,67,2.0,0.0,2.0,2.0,2.0,2.0,2.0,2.0,2.0,2.0,1.0
3,joint_crypto_high_correlation__empirical_crypto__oracle_delay_high,empirical_crypto__joint_crypto_high_correlation,empirical_crypto,joint_crypto_high_correlation,oracle_delay_high,2,16,recovery_staleness_median,operational,1,67,2.0,0.0,2.0,2.0,2.0,2.0,2.0,2.0,2.0,2.0,1.0
3,joint_crypto_high_correlation__empirical_crypto__oracle_delay_high,empirical_crypto__joint_crypto_high_correlation,empirical_crypto,joint_crypto_high_correlation,oracle_delay_high,2,17,backlog_area_share,operational,1,128,0.06900541051557246,0.016920549563305458,0.035841133371493764,0.10216968765965116,0.0014165209495466276,0.0,0.0,0.02484871943619541,0.15025771433650856,0.48199541763264253,0.5859375
3,joint_crypto_high_correlation__empirical_crypto__oracle_delay_high,empirical_crypto__joint_crypto_high_correlation,empirical_crypto,joint_crypto_high_correlation,oracle_delay_high,2,18,maximum_unresolved_tab_share,operational,1,128,0.017450181932563952,0.004325960871884268,0.008971298623670786,0.02592906524145712,0.0004809711782180889,0.0,0.0,0.006341459130858381,0.03534021357926839,0.13791273533480705,0.5859375
3,joint_crypto_high_correlation__empirical_crypto__oracle_delay_high,empirical_crypto__joint_crypto_high_correlation,empirical_crypto,joint_crypto_high_correlation,oracle_delay_high,2,19,terminal_unresolved_tab_share,degenerate,1,128,0.0,0.0,0.0,0.0,0.0,0.0,0.0,0.0,0.0,0.0,0.0
3,joint_crypto_high_correlation__empirical_crypto__oracle_delay_high,empirical_crypto__joint_crypto_high_correlation,empirical_crypto,joint_crypto_high_correlation,oracle_delay_high,2,20,liquidation_completion_ratio,operational,-1,78,0.8531021451213096,0.03230814125430013,0.7897781882628813,0.9164261019797378,0.9994037929000514,0.023753897385591867,0.8794395037236821,1.0,1.0000000000000002,1.0000000000000002,0.9487179487179487
3,joint_crypto_high_correlation__empirical_crypto__oracle_delay_high,empirical_crypto__joint_crypto_high_correlation,empirical_crypto,joint_crypto_high_correlation,oracle_delay_high,2,21,peak_eligible_tab_share,operational,1,128,0.02130534377014899,0.004663717916670671,0.012164456653474475,0.030446230886823508,0.0005167937068316598,0.0,0.0,0.00858920655572468,0.053682288164906264,0.1582024308671288,0.609375
3,joint_crypto_high_correlation__empirical_crypto__oracle_delay_high,empirical_crypto__joint_crypto_high_correlation,empirical_crypto,joint_crypto_high_correlation,oracle_delay_high,2,22,peak_new_eligible_tab_share,operational,1,128,0.019509699734495838,0.004288656480654755,0.011103933032412519,0.027915466436579155,0.0004978540167402471,0.0,0.0,0.008427297503643126,0.0531566379181172,0.1319867633184418,0.609375
3,joint_crypto_high_correlation__empirical_crypto__oracle_delay_high,empirical_crypto__joint_crypto_high_correlation,empirical_crypto,joint_crypto_high_correlation,oracle_delay_high,2,23,peak_selected_attempts,operational,1,128,3.765625,0.43633624395683,2.910405961844613,4.620844038155386,2.0,0.0,0.0,7.0,11.0,14.649999999999991,0.578125
3,joint_crypto_high_correlation__empirical_crypto__oracle_delay_high,empirical_crypto__joint_crypto_high_correlation,empirical_crypto,joint_crypto_high_correlation,oracle_delay_high,2,24,peak_successful_closures,operational,1,128,3.3203125,0.3896314875384776,2.556634784424584,4.083990215575416,1.5,0.0,0.0,6.0,9.0,12.0,0.578125
3,joint_crypto_high_correlation__empirical_crypto__oracle_delay_high,empirical_crypto__joint_crypto_high_correlation,empirical_crypto,joint_crypto_high_correlation,oracle_delay_high,2,25,hours_for_half_eligible_tab,operational,1,128,0.7421875,0.06100182099022959,0.62262393085915,0.86175106914085,1.0,0.0,0.0,1.0,2.0,2.0,0.609375
3,joint_crypto_high_correlation__empirical_crypto__oracle_delay_high,empirical_crypto__joint_crypto_high_correlation,empirical_crypto,joint_crypto_high_correlation,oracle_delay_high,2,26,five_busiest_eligible_tab_share,operational,1,128,0.5970666893521062,0.042510910772242484,0.513745304238511,0.6803880744657014,0.9597419725639558,0.0,0.0,1.0,1.0,1.0,0.609375
3,joint_crypto_high_correlation__empirical_crypto__oracle_delay_high,empirical_crypto__joint_crypto_high_correlation,empirical_crypto,joint_crypto_high_correlation,oracle_delay_high,2,27,capacity_binding_hours,degenerate,1,128,0.0,0.0,0.0,0.0,0.0,0.0,0.0,0.0,0.0,0.0,0.0
3,joint_crypto_high_correlation__empirical_crypto__oracle_delay_high,empirical_crypto__joint_crypto_high_correlation,empirical_crypto,joint_crypto_high_correlation,oracle_delay_high,2,28,capacity_rejected_opportunity_count,degenerate,1,128,0.0,0.0,0.0,0.0,0.0,0.0,0.0,0.0,0.0,0.0,0.0
3,joint_crypto_high_correlation__empirical_crypto__oracle_delay_high,empirical_crypto__joint_crypto_high_correlation,empirical_crypto,joint_crypto_high_correlation,oracle_delay_high,2,29,successful_closure_count,operational,1,128,8.2421875,1.063020720810646,6.158666887211134,10.325708112788867,2.0,0.0,0.0,13.25,25.0,33.599999999999966,0.578125
3,joint_crypto_high_correlation__empirical_crypto__oracle_delay_high,empirical_crypto__joint_crypto_high_correlation,empirical_crypto,joint_crypto_high_correlation,oracle_delay_high,2,30,liquidated_debt_share,operational,1,128,0.02510303590707589,0.005425955393392684,0.014468163336026229,0.03573790847812555,0.0004991212789764733,0.0,0.0,0.011538250394784604,0.0762347792755503,0.17301145950700908,0.578125
3,joint_crypto_high_correlation__empirical_crypto__oracle_delay_high,empirical_crypto__joint_crypto_high_correlation,empirical_crypto,joint_crypto_high_correlation,oracle_delay_high,2,31,debt_weighted_liquidated_vault_share,operational,1,128,0.02510303590707589,0.005425955393392684,0.014468163336026229,0.03573790847812555,0.0004991212789764733,0.0,0.0,0.011538250394784604,0.0762347792755503,0.17301145950700908,0.578125
3,joint_crypto_high_correlation__empirical_crypto__oracle_delay_high,empirical_crypto__joint_crypto_high_correlation,empirical_crypto,joint_crypto_high_correlation,oracle_delay_high,2,32,realised_bad_debt_share,degenerate,1,128,0.0,0.0,0.0,0.0,0.0,0.0,0.0,0.0,0.0,0.0,0.0
3,joint_crypto_high_correlation__empirical_crypto__oracle_delay_high,empirical_crypto__joint_crypto_high_correlation,empirical_crypto,joint_crypto_high_correlation,oracle_delay_high,2,33,positive_realised_bad_debt,degenerate,1,128,0.0,0.0,0.0,0.0,0.0,0.0,0.0,0.0,0.0,0.0,0.0
3,joint_crypto_high_correlation__empirical_crypto__oracle_delay_high,empirical_crypto__joint_crypto_high_correlation,empirical_crypto,joint_crypto_high_correlation,oracle_delay_high,2,34,terminal_active_bad_debt_share,degenerate,1,128,0.0,0.0,0.0,0.0,0.0,0.0,0.0,0.0,0.0,0.0,0.0
3,joint_crypto_high_correlation__empirical_crypto__oracle_delay_high,empirical_crypto__joint_crypto_high_correlation,empirical_crypto,joint_crypto_high_correlation,oracle_delay_high,2,35,below_peg_burden,operational,1,128,0.26573735733407927,0.004429321061590217,0.25705588805336244,0.2744188266147961,0.2611188867348968,0.19027597824060033,0.2351654513947821,0.2922824941964385,0.3357395232206026,0.35351421629069185,1.0
3,joint_crypto_high_correlation__empirical_crypto__oracle_delay_high,empirical_crypto__joint_crypto_high_correlation,empirical_crypto,joint_crypto_high_correlation,oracle_delay_high,2,36,mean_absolute_peg_deviation,operational,1,128,0.0006027275551807701,6.544235599836368e-06,0.0005899008534050908,0.0006155542569564494,0.0006036192282060733,0.0004798236752275121,0.0005461204591283339,0.0006602929112880015,0.0006956110524163097,0.0007239659266357082,1.0
3,joint_crypto_high_correlation__empirical_crypto__oracle_delay_high,empirical_crypto__joint_crypto_high_correlation,empirical_crypto,joint_crypto_high_correlation,oracle_delay_high,2,37,minimum_dai_price,operational,-1,128,0.9958418344003704,9.79953795986738e-05,0.995649763456357,0.9960339053443839,0.9960180270200536,0.9941428198490697,0.9951791977815344,0.996737081710873,0.9971107571339368,0.9973160104079624,1.0
3,joint_crypto_high_correlation__empirical_crypto__oracle_delay_high,empirical_crypto__joint_crypto_high_correlation,empirical_crypto,joint_crypto_high_correlation,oracle_delay_high,2,38,restricted_mean_recovery_time,operational,1,128,74.7578125,13.385913137817223,48.52142274987824,100.99420225012176,0.0,0.0,0.0,0.0,333.2,402.95,0.2265625
3,joint_crypto_high_correlation__empirical_crypto__oracle_delay_high,empirical_crypto__joint_crypto_high_correlation,empirical_crypto,joint_crypto_high_correlation,oracle_delay_high,2,39,recovery_probability_720h,degenerate,-1,128,1.0,0.0,1.0,1.0,1.0,1.0,1.0,1.0,1.0,1.0,1.0
4,joint_crypto_stable_stress__stable_supported__oracle_delay_low,stable_supported__joint_crypto_stable_stress,stable_supported,joint_crypto_stable_stress,oracle_delay_low,0,1,debt_weighted_absolute_mismatch_area,operational,1,128,0.0,0.0,0.0,0.0,0.0,0.0,0.0,0.0,0.0,0.0,0.0
4,joint_crypto_stable_stress__stable_supported__oracle_delay_low,stable_supported__joint_crypto_stable_stress,stable_supported,joint_crypto_stable_stress,oracle_delay_low,0,2,debt_weighted_overvaluation_area,operational,1,128,0.0,0.0,0.0,0.0,0.0,0.0,0.0,0.0,0.0,0.0,0.0
4,joint_crypto_stable_stress__stable_supported__oracle_delay_low,stable_supported__joint_crypto_stable_stress,stable_supported,joint_crypto_stable_stress,oracle_delay_low,0,3,debt_weighted_undervaluation_area,operational,1,128,0.0,0.0,0.0,0.0,0.0,0.0,0.0,0.0,0.0,0.0,0.0
4,joint_crypto_stable_stress__stable_supported__oracle_delay_low,stable_supported__joint_crypto_stable_stress,stable_supported,joint_crypto_stable_stress,oracle_delay_low,0,4,peak_debt_weighted_mismatch,operational,1,128,0.0,0.0,0.0,0.0,0.0,0.0,0.0,0.0,0.0,0.0,0.0
4,joint_crypto_stable_stress__stable_supported__oracle_delay_low,stable_supported__joint_crypto_stable_stress,stable_supported,joint_crypto_stable_stress,oracle_delay_low,0,5,false_safe_vault_hours,operational,1,128,0.0,0.0,0.0,0.0,0.0,0.0,0.0,0.0,0.0,0.0,0.0
4,joint_crypto_stable_stress__stable_supported__oracle_delay_low,stable_supported__joint_crypto_stable_stress,stable_supported,joint_crypto_stable_stress,oracle_delay_low,0,6,false_safe_debt_hours,operational,1,128,0.0,0.0,0.0,0.0,0.0,0.0,0.0,0.0,0.0,0.0,0.0
4,joint_crypto_stable_stress__stable_supported__oracle_delay_low,stable_supported__joint_crypto_stable_stress,stable_supported,joint_crypto_stable_stress,oracle_delay_low,0,7,peak_false_safe_debt,operational,1,128,0.0,0.0,0.0,0.0,0.0,0.0,0.0,0.0,0.0,0.0,0.0
4,joint_crypto_stable_stress__stable_supported__oracle_delay_low,stable_supported__joint_crypto_stable_stress,stable_supported,joint_crypto_stable_stress,oracle_delay_low,0,8,false_unsafe_vault_hours,operational,1,128,0.0,0.0,0.0,0.0,0.0,0.0,0.0,0.0,0.0,0.0,0.0
4,joint_crypto_stable_stress__stable_supported__oracle_delay_low,stable_supported__joint_crypto_stable_stress,stable_supported,joint_crypto_stable_stress,oracle_delay_low,0,9,false_unsafe_debt_hours,operational,1,128,0.0,0.0,0.0,0.0,0.0,0.0,0.0,0.0,0.0,0.0,0.0
4,joint_crypto_stable_stress__stable_supported__oracle_delay_low,stable_supported__joint_crypto_stable_stress,stable_supported,joint_crypto_stable_stress,oracle_delay_low,0,10,peak_false_unsafe_debt,operational,1,128,0.0,0.0,0.0,0.0,0.0,0.0,0.0,0.0,0.0,0.0,0.0
4,joint_crypto_stable_stress__stable_supported__oracle_delay_low,stable_supported__joint_crypto_stable_stress,stable_supported,joint_crypto_stable_stress,oracle_delay_low,0,11,market_unsafe_debt_not_oracle_eligible_share,operational,1,128,0.0,0.0,0.0,0.0,0.0,0.0,0.0,0.0,0.0,0.0,0.0
4,joint_crypto_stable_stress__stable_supported__oracle_delay_low,stable_supported__joint_crypto_stable_stress,stable_supported,joint_crypto_stable_stress,oracle_delay_low,0,12,oracle_unsafe_debt_already_market_safe_share,operational,1,128,0.0,0.0,0.0,0.0,0.0,0.0,0.0,0.0,0.0,0.0,0.0
4,joint_crypto_stable_stress__stable_supported__oracle_delay_low,stable_supported__joint_crypto_stable_stress,stable_supported,joint_crypto_stable_stress,oracle_delay_low,0,13,recognition_lag_mean,operational,1,32,0.0,0.0,0.0,0.0,0.0,0.0,0.0,0.0,0.0,0.0,0.0
4,joint_crypto_stable_stress__stable_supported__oracle_delay_low,stable_supported__joint_crypto_stable_stress,stable_supported,joint_crypto_stable_stress,oracle_delay_low,0,14,recognition_lag_median,operational,1,32,0.0,0.0,0.0,0.0,0.0,0.0,0.0,0.0,0.0,0.0,0.0
4,joint_crypto_stable_stress__stable_supported__oracle_delay_low,stable_supported__joint_crypto_stable_stress,stable_supported,joint_crypto_stable_stress,oracle_delay_low,0,15,recovery_staleness_mean,operational,1,22,0.0,0.0,0.0,0.0,0.0,0.0,0.0,0.0,0.0,0.0,0.0
4,joint_crypto_stable_stress__stable_supported__oracle_delay_low,stable_supported__joint_crypto_stable_stress,stable_supported,joint_crypto_stable_stress,oracle_delay_low,0,16,recovery_staleness_median,operational,1,22,0.0,0.0,0.0,0.0,0.0,0.0,0.0,0.0,0.0,0.0,0.0
4,joint_crypto_stable_stress__stable_supported__oracle_delay_low,stable_supported__joint_crypto_stable_stress,stable_supported,joint_crypto_stable_stress,oracle_delay_low,0,17,backlog_area_share,operational,1,128,0.010143900391177213,0.004072338772351278,0.0021621163973687078,0.01812568438498572,0.0,0.0,0.0,0.0,0.011888770801678515,0.046797177736255836,0.2421875
4,joint_crypto_stable_stress__stable_supported__oracle_delay_low,stable_supported__joint_crypto_stable_stress,stable_supported,joint_crypto_stable_stress,oracle_delay_low,0,18,maximum_unresolved_tab_share,operational,1,128,0.004409537597287567,0.001832483127136344,0.0008178706681003334,0.0080012045264748,0.0,0.0,0.0,0.0,0.0017694227122277235,0.010108801666532717,0.2421875
4,joint_crypto_stable_stress__stable_supported__oracle_delay_low,stable_supported__joint_crypto_stable_stress,stable_supported,joint_crypto_stable_stress,oracle_delay_low,0,19,terminal_unresolved_tab_share,degenerate,1,128,0.0,0.0,0.0,0.0,0.0,0.0,0.0,0.0,0.0,0.0,0.0
4,joint_crypto_stable_stress__stable_supported__oracle_delay_low,stable_supported__joint_crypto_stable_stress,stable_supported,joint_crypto_stable_stress,oracle_delay_low,0,20,liquidation_completion_ratio,operational,-1,32,0.7703049786918998,0.06520662331523427,0.6424999969940407,0.898109960389759,1.0,0.0,0.6480155616030492,1.0,1.0,1.0000000000000002,0.875
4,joint_crypto_stable_stress__stable_supported__oracle_delay_low,stable_supported__joint_crypto_stable_stress,stable_supported,joint_crypto_stable_stress,oracle_delay_low,0,21,peak_eligible_tab_share,operational,1,128,0.0048022988733285,0.0018563037091022655,0.0011639436034880596,0.00844065414316894,0.0,0.0,0.0,3.098634054294469e-05,0.0022689254394799184,0.017846778945232414,0.25
4,joint_crypto_stable_stress__stable_supported__oracle_delay_low,stable_supported__joint_crypto_stable_stress,stable_supported,joint_crypto_stable_stress,oracle_delay_low,0,22,peak_new_eligible_tab_share,operational,1,128,0.004618698927051749,0.0017912924407838603,0.0011077657431153827,0.008129632110988116,0.0,0.0,0.0,3.098634054294469e-05,0.002064453904667881,0.017352263323352362,0.25
4,joint_crypto_stable_stress__stable_supported__oracle_delay_low,stable_supported__joint_crypto_stable_stress,stable_supported,joint_crypto_stable_stress,oracle_delay_low,0,23,peak_selected_attempts,operational,1,128,0.7109375,0.15455372307291343,0.40801220277708966,1.0138627972229104,0.0,0.0,0.0,0.0,2.0,4.6499999999999915,0.234375
4,joint_crypto_stable_stress__stable_supported__oracle_delay_low,stable_supported__joint_crypto_stable_stress,stable_supported,joint_crypto_stable_stress,oracle_delay_low,0,24,peak_successful_closures,operational,1,128,0.6171875,0.14339162523573704,0.33613991453795544,0.8982350854620446,0.0,0.0,0.0,0.0,2.0,4.0,0.21875
4,joint_crypto_stable_stress__stable_supported__oracle_delay_low,stable_supported__joint_crypto_stable_stress,stable_supported,joint_crypto_stable_stress,oracle_delay_low,0,25,hours_for_half_eligible_tab,operational,1,128,0.3125,0.05172944074093667,0.21111029614776414,0.4138897038522359,0.0,0.0,0.0,0.25,1.0,2.0,0.25
4,joint_crypto_stable_stress__stable_supported__oracle_delay_low,stable_supported__joint_crypto_stable_stress,stable_supported,joint_crypto_stable_stress,oracle_delay_low,0,26,five_busiest_eligible_tab_share,operational,1,128,0.24769090873386168,0.03808151929941367,0.1730511309070109,0.32233068656071245,0.0,0.0,0.0,0.22736092425400148,1.0,1.0,0.25
4,joint_crypto_stable_stress__stable_supported__oracle_delay_low,stable_supported__joint_crypto_stable_stress,stable_supported,joint_crypto_stable_stress,oracle_delay_low,0,27,capacity_binding_hours,degenerate,1,128,0.0,0.0,0.0,0.0,0.0,0.0,0.0,0.0,0.0,0.0,0.0
4,joint_crypto_stable_stress__stable_supported__oracle_delay_low,stable_supported__joint_crypto_stable_stress,stable_supported,joint_crypto_stable_stress,oracle_delay_low,0,28,capacity_rejected_opportunity_count,degenerate,1,128,0.0,0.0,0.0,0.0,0.0,0.0,0.0,0.0,0.0,0.0,0.0
4,joint_crypto_stable_stress__stable_supported__oracle_delay_low,stable_supported__joint_crypto_stable_stress,stable_supported,joint_crypto_stable_stress,oracle_delay_low,0,29,successful_closure_count,operational,1,128,1.5390625,0.36298032658661705,0.8276210598902306,2.2505039401097693,0.0,0.0,0.0,0.0,5.0,11.649999999999991,0.21875
4,joint_crypto_stable_stress__stable_supported__oracle_delay_low,stable_supported__joint_crypto_stable_stress,stable_supported,joint_crypto_stable_stress,oracle_delay_low,0,30,liquidated_debt_share,operational,1,128,0.004613837250678866,0.0018686202334171442,0.0009513415931812629,0.008276332908176469,0.0,0.0,0.0,0.0,0.002592648740152638,0.01875387107988338,0.21875
4,joint_crypto_stable_stress__stable_supported__oracle_delay_low,stable_supported__joint_crypto_stable_stress,stable_supported,joint_crypto_stable_stress,oracle_delay_low,0,31,debt_weighted_liquidated_vault_share,operational,1,128,0.004613837250678866,0.0018686202334171442,0.0009513415931812629,0.008276332908176469,0.0,0.0,0.0,0.0,0.002592648740152638,0.018753871079883383,0.21875
4,joint_crypto_stable_stress__stable_supported__oracle_delay_low,stable_supported__joint_crypto_stable_stress,stable_supported,joint_crypto_stable_stress,oracle_delay_low,0,32,realised_bad_debt_share,degenerate,1,128,0.0,0.0,0.0,0.0,0.0,0.0,0.0,0.0,0.0,0.0,0.0
4,joint_crypto_stable_stress__stable_supported__oracle_delay_low,stable_supported__joint_crypto_stable_stress,stable_supported,joint_crypto_stable_stress,oracle_delay_low,0,33,positive_realised_bad_debt,degenerate,1,128,0.0,0.0,0.0,0.0,0.0,0.0,0.0,0.0,0.0,0.0,0.0
4,joint_crypto_stable_stress__stable_supported__oracle_delay_low,stable_supported__joint_crypto_stable_stress,stable_supported,joint_crypto_stable_stress,oracle_delay_low,0,34,terminal_active_bad_debt_share,degenerate,1,128,0.0,0.0,0.0,0.0,0.0,0.0,0.0,0.0,0.0,0.0,0.0
4,joint_crypto_stable_stress__stable_supported__oracle_delay_low,stable_supported__joint_crypto_stable_stress,stable_supported,joint_crypto_stable_stress,oracle_delay_low,0,35,below_peg_burden,operational,1,128,0.26573735733407927,0.004429321061590217,0.25705588805336244,0.2744188266147961,0.2611188867348968,0.19027597824060033,0.2351654513947821,0.2922824941964385,0.3357395232206026,0.35351421629069185,1.0
4,joint_crypto_stable_stress__stable_supported__oracle_delay_low,stable_supported__joint_crypto_stable_stress,stable_supported,joint_crypto_stable_stress,oracle_delay_low,0,36,mean_absolute_peg_deviation,operational,1,128,0.0006027275551807701,6.544235599836368e-06,0.0005899008534050908,0.0006155542569564494,0.0006036192282060733,0.0004798236752275121,0.0005461204591283339,0.0006602929112880015,0.0006956110524163097,0.0007239659266357082,1.0
4,joint_crypto_stable_stress__stable_supported__oracle_delay_low,stable_supported__joint_crypto_stable_stress,stable_supported,joint_crypto_stable_stress,oracle_delay_low,0,37,minimum_dai_price,operational,-1,128,0.9958418344003704,9.79953795986738e-05,0.995649763456357,0.9960339053443839,0.9960180270200536,0.9941428198490697,0.9951791977815344,0.996737081710873,0.9971107571339368,0.9973160104079624,1.0
4,joint_crypto_stable_stress__stable_supported__oracle_delay_low,stable_supported__joint_crypto_stable_stress,stable_supported,joint_crypto_stable_stress,oracle_delay_low,0,38,restricted_mean_recovery_time,operational,1,128,74.7578125,13.385913137817223,48.52142274987824,100.99420225012176,0.0,0.0,0.0,0.0,333.2,402.95,0.2265625
4,joint_crypto_stable_stress__stable_supported__oracle_delay_low,stable_supported__joint_crypto_stable_stress,stable_supported,joint_crypto_stable_stress,oracle_delay_low,0,39,recovery_probability_720h,degenerate,-1,128,1.0,0.0,1.0,1.0,1.0,1.0,1.0,1.0,1.0,1.0,1.0
5,joint_crypto_stable_stress__stable_supported__oracle_delay_central,stable_supported__joint_crypto_stable_stress,stable_supported,joint_crypto_stable_stress,oracle_delay_central,1,1,debt_weighted_absolute_mismatch_area,operational,1,128,2.299468558614603,0.03861916474242258,2.223774995719455,2.375162121509751,2.2143366964004834,1.7191241097770984,1.9935489441914531,2.5667542594248585,2.9235093398755834,3.126625958039392,1.0
5,joint_crypto_stable_stress__stable_supported__oracle_delay_central,stable_supported__joint_crypto_stable_stress,stable_supported,joint_crypto_stable_stress,oracle_delay_central,1,2,debt_weighted_overvaluation_area,operational,1,128,1.13679097758655,0.020511247259695276,1.0965889329575471,1.1769930222155527,1.1093694610124774,0.8309783129160574,0.9542835462854448,1.2833631695866816,1.454834880922364,1.5685125835097078,1.0
5,joint_crypto_stable_stress__stable_supported__oracle_delay_central,stable_supported__joint_crypto_stable_stress,stable_supported,joint_crypto_stable_stress,oracle_delay_central,1,3,debt_weighted_undervaluation_area,operational,1,128,1.1626775810280534,0.019995896539028616,1.1234856238115574,1.2018695382445495,1.1405741051622007,0.844410719846377,1.0019870548748646,1.3206182962319768,1.476918260715515,1.56562087954031,1.0
5,joint_crypto_stable_stress__stable_supported__oracle_delay_central,stable_supported__joint_crypto_stable_stress,stable_supported,joint_crypto_stable_stress,oracle_delay_central,1,4,peak_debt_weighted_mismatch,operational,1,128,0.11714393892208075,0.0004490033846932622,0.11626389228808195,0.11802398555607954,0.11714666703646964,0.10905902111109109,0.1154516952680755,0.1190047249596746,0.12143751253895317,0.12532815420200863,1.0
5,joint_crypto_stable_stress__stable_supported__oracle_delay_central,stable_supported__joint_crypto_stable_stress,stable_supported,joint_crypto_stable_stress,oracle_delay_central,1,5,false_safe_vault_hours,operational,1,128,2.734375,0.6936229112329009,1.3748740939835142,4.0938759060164855,0.0,0.0,0.0,0.25,9.0,17.64999999999999,0.25
5,joint_crypto_stable_stress__stable_supported__oracle_delay_central,stable_supported__joint_crypto_stable_stress,stable_supported,joint_crypto_stable_stress,oracle_delay_central,1,6,false_safe_debt_hours,operational,1,128,17455.280336465883,6400.918552655968,4909.479973260186,30001.08069967158,0.0,0.0,0.0,121.94480604067365,11646.017723381081,65643.17756853867,0.25
5,joint_crypto_stable_stress__stable_supported__oracle_delay_central,stable_supported__joint_crypto_stable_stress,stable_supported,joint_crypto_stable_stress,oracle_delay_central,1,7,peak_false_safe_debt,operational,1,128,11551.067884737782,4478.195228582305,2773.8052367164637,20328.3305327591,0.0,0.0,0.0,77.46585135736173,5161.134761669703,43380.65830838091,0.25
5,joint_crypto_stable_stress__stable_supported__oracle_delay_central,stable_supported__joint_crypto_stable_stress,stable_supported,joint_crypto_stable_stress,oracle_delay_central,1,8,false_unsafe_vault_hours,operational,1,128,1.4609375,0.47951418263404355,0.5210897020372747,2.4007852979627256,0.0,0.0,0.0,0.0,4.299999999999997,7.0,0.1796875
5,joint_crypto_stable_stress__stable_supported__oracle_delay_central,stable_supported__joint_crypto_stable_stress,stable_supported,joint_crypto_stable_stress,oracle_delay_central,1,9,false_unsafe_debt_hours,operational,1,128,7495.303142325063,3779.368422448536,87.74103432593256,14902.865250324194,0.0,0.0,0.0,0.0,3671.8640181359046,5843.905437220738,0.1796875
5,joint_crypto_stable_stress__stable_supported__oracle_delay_central,stable_supported__joint_crypto_stable_stress,stable_supported,joint_crypto_stable_stress,oracle_delay_central,1,10,peak_false_unsafe_debt,operational,1,128,5948.858447781397,3290.465565497081,-500.45406059288143,12398.170956155676,0.0,0.0,0.0,0.0,1497.3830489037173,4118.639016241832,0.1796875
5,joint_crypto_stable_stress__stable_supported__oracle_delay_central,stable_supported__joint_crypto_stable_stress,stable_supported,joint_crypto_stable_stress,oracle_delay_central,1,11,market_unsafe_debt_not_oracle_eligible_share,operational,1,128,0.09353589486926261,0.01607330601483549,0.062032215080185055,0.12503957465834017,0.0,0.0,0.0,0.026242391389830387,0.41400567672929844,0.5,0.25
5,joint_crypto_stable_stress__stable_supported__oracle_delay_central,stable_supported__joint_crypto_stable_stress,stable_supported,joint_crypto_stable_stress,oracle_delay_central,1,12,oracle_unsafe_debt_already_market_safe_share,operational,1,128,0.04604200410688437,0.01192386759821904,0.022671223614375048,0.06941278459939368,0.0,0.0,0.0,0.0,0.15550489240405133,0.35729207030283605,0.1796875
5,joint_crypto_stable_stress__stable_supported__oracle_delay_central,stable_supported__joint_crypto_stable_stress,stable_supported,joint_crypto_stable_stress,oracle_delay_central,1,13,recognition_lag_mean,operational,1,32,1.0,0.0,1.0,1.0,1.0,1.0,1.0,1.0,1.0,1.0,1.0
5,joint_crypto_stable_stress__stable_supported__oracle_delay_central,stable_supported__joint_crypto_stable_stress,stable_supported,joint_crypto_stable_stress,oracle_delay_central,1,14,recognition_lag_median,operational,1,32,1.0,0.0,1.0,1.0,1.0,1.0,1.0,1.0,1.0,1.0,1.0
5,joint_crypto_stable_stress__stable_supported__oracle_delay_central,stable_supported__joint_crypto_stable_stress,stable_supported,joint_crypto_stable_stress,oracle_delay_central,1,15,recovery_staleness_mean,operational,1,23,1.0,0.0,1.0,1.0,1.0,1.0,1.0,1.0,1.0,1.0,1.0
5,joint_crypto_stable_stress__stable_supported__oracle_delay_central,stable_supported__joint_crypto_stable_stress,stable_supported,joint_crypto_stable_stress,oracle_delay_central,1,16,recovery_staleness_median,operational,1,23,1.0,0.0,1.0,1.0,1.0,1.0,1.0,1.0,1.0,1.0,1.0
5,joint_crypto_stable_stress__stable_supported__oracle_delay_central,stable_supported__joint_crypto_stable_stress,stable_supported,joint_crypto_stable_stress,oracle_delay_central,1,17,backlog_area_share,operational,1,128,0.008241200243992457,0.0030611864438791652,0.002241274813989293,0.01424112567399562,0.0,0.0,0.0,0.0,0.009536538872094236,0.04127718311237933,0.2265625
5,joint_crypto_stable_stress__stable_supported__oracle_delay_central,stable_supported__joint_crypto_stable_stress,stable_supported,joint_crypto_stable_stress,oracle_delay_central,1,18,maximum_unresolved_tab_share,operational,1,128,0.003886599733394747,0.001707742437720216,0.000539424555463124,0.00723377491132637,0.0,0.0,0.0,0.0,0.002070795235883923,0.012702591574872756,0.2265625
5,joint_crypto_stable_stress__stable_supported__oracle_delay_central,stable_supported__joint_crypto_stable_stress,stable_supported,joint_crypto_stable_stress,oracle_delay_central,1,19,terminal_unresolved_tab_share,degenerate,1,128,0.0,0.0,0.0,0.0,0.0,0.0,0.0,0.0,0.0,0.0,0.0
5,joint_crypto_stable_stress__stable_supported__oracle_delay_central,stable_supported__joint_crypto_stable_stress,stable_supported,joint_crypto_stable_stress,oracle_delay_central,1,20,liquidation_completion_ratio,operational,-1,32,0.7670486498160114,0.06509503738591614,0.6394623765396158,0.894634923092407,1.0,0.0,0.6508400565410032,1.0,1.0000000000000002,1.0000000000000002,0.875
5,joint_crypto_stable_stress__stable_supported__oracle_delay_central,stable_supported__joint_crypto_stable_stress,stable_supported,joint_crypto_stable_stress,oracle_delay_central,1,21,peak_eligible_tab_share,operational,1,128,0.004764687733264095,0.0018491648585102064,0.001140324610584091,0.008389050855944099,0.0,0.0,0.0,3.098634054294469e-05,0.0020889016105868174,0.017888373682352503,0.25
5,joint_crypto_stable_stress__stable_supported__oracle_delay_central,stable_supported__joint_crypto_stable_stress,stable_supported,joint_crypto_stable_stress,oracle_delay_central,1,22,peak_new_eligible_tab_share,operational,1,128,0.004618698927051749,0.0017912924407838603,0.0011077657431153827,0.008129632110988116,0.0,0.0,0.0,3.098634054294469e-05,0.002064453904667881,0.017352263323352362,0.25
5,joint_crypto_stable_stress__stable_supported__oracle_delay_central,stable_supported__joint_crypto_stable_stress,stable_supported,joint_crypto_stable_stress,oracle_delay_central,1,23,peak_selected_attempts,operational,1,128,0.7109375,0.15092902256071192,0.41511661578100467,1.0067583842189953,0.0,0.0,0.0,0.0,2.299999999999997,5.0,0.2265625
5,joint_crypto_stable_stress__stable_supported__oracle_delay_central,stable_supported__joint_crypto_stable_stress,stable_supported,joint_crypto_stable_stress,oracle_delay_central,1,24,peak_successful_closures,operational,1,128,0.6328125,0.14242309265566566,0.35366323839489533,0.9119617616051047,0.0,0.0,0.0,0.0,2.0,4.0,0.21875
5,joint_crypto_stable_stress__stable_supported__oracle_delay_central,stable_supported__joint_crypto_stable_stress,stable_supported,joint_crypto_stable_stress,oracle_delay_central,1,25,hours_for_half_eligible_tab,operational,1,128,0.3125,0.05172944074093667,0.21111029614776414,0.4138897038522359,0.0,0.0,0.0,0.25,1.0,2.0,0.25
5,joint_crypto_stable_stress__stable_supported__oracle_delay_central,stable_supported__joint_crypto_stable_stress,stable_supported,joint_crypto_stable_stress,oracle_delay_central,1,26,five_busiest_eligible_tab_share,operational,1,128,0.24769090873386168,0.03808151929941367,0.1730511309070109,0.32233068656071245,0.0,0.0,0.0,0.22736092425400148,1.0,1.0,0.25
5,joint_crypto_stable_stress__stable_supported__oracle_delay_central,stable_supported__joint_crypto_stable_stress,stable_supported,joint_crypto_stable_stress,oracle_delay_central,1,27,capacity_binding_hours,degenerate,1,128,0.0,0.0,0.0,0.0,0.0,0.0,0.0,0.0,0.0,0.0,0.0
5,joint_crypto_stable_stress__stable_supported__oracle_delay_central,stable_supported__joint_crypto_stable_stress,stable_supported,joint_crypto_stable_stress,oracle_delay_central,1,28,capacity_rejected_opportunity_count,degenerate,1,128,0.0,0.0,0.0,0.0,0.0,0.0,0.0,0.0,0.0,0.0,0.0
5,joint_crypto_stable_stress__stable_supported__oracle_delay_central,stable_supported__joint_crypto_stable_stress,stable_supported,joint_crypto_stable_stress,oracle_delay_central,1,29,successful_closure_count,operational,1,128,1.6015625,0.3822043920623647,0.8524418915577653,2.350683108442235,0.0,0.0,0.0,0.0,5.299999999999997,12.0,0.21875
5,joint_crypto_stable_stress__stable_supported__oracle_delay_central,stable_supported__joint_crypto_stable_stress,stable_supported,joint_crypto_stable_stress,oracle_delay_central,1,30,liquidated_debt_share,operational,1,128,0.004406326684688499,0.0018035226214797623,0.000871422346588165,0.007941231022788833,0.0,0.0,0.0,0.0,0.003144077362307201,0.018997049175413918,0.21875
5,joint_crypto_stable_stress__stable_supported__oracle_delay_central,stable_supported__joint_crypto_stable_stress,stable_supported,joint_crypto_stable_stress,oracle_delay_central,1,31,debt_weighted_liquidated_vault_share,operational,1,128,0.004406326684688498,0.0018035226214797619,0.000871422346588165,0.007941231022788832,0.0,0.0,0.0,0.0,0.0031440773623072015,0.018997049175413918,0.21875
5,joint_crypto_stable_stress__stable_supported__oracle_delay_central,stable_supported__joint_crypto_stable_stress,stable_supported,joint_crypto_stable_stress,oracle_delay_central,1,32,realised_bad_debt_share,degenerate,1,128,0.0,0.0,0.0,0.0,0.0,0.0,0.0,0.0,0.0,0.0,0.0
5,joint_crypto_stable_stress__stable_supported__oracle_delay_central,stable_supported__joint_crypto_stable_stress,stable_supported,joint_crypto_stable_stress,oracle_delay_central,1,33,positive_realised_bad_debt,degenerate,1,128,0.0,0.0,0.0,0.0,0.0,0.0,0.0,0.0,0.0,0.0,0.0
5,joint_crypto_stable_stress__stable_supported__oracle_delay_central,stable_supported__joint_crypto_stable_stress,stable_supported,joint_crypto_stable_stress,oracle_delay_central,1,34,terminal_active_bad_debt_share,degenerate,1,128,0.0,0.0,0.0,0.0,0.0,0.0,0.0,0.0,0.0,0.0,0.0
5,joint_crypto_stable_stress__stable_supported__oracle_delay_central,stable_supported__joint_crypto_stable_stress,stable_supported,joint_crypto_stable_stress,oracle_delay_central,1,35,below_peg_burden,operational,1,128,0.26573735733407927,0.004429321061590217,0.25705588805336244,0.2744188266147961,0.2611188867348968,0.19027597824060033,0.2351654513947821,0.2922824941964385,0.3357395232206026,0.35351421629069185,1.0
5,joint_crypto_stable_stress__stable_supported__oracle_delay_central,stable_supported__joint_crypto_stable_stress,stable_supported,joint_crypto_stable_stress,oracle_delay_central,1,36,mean_absolute_peg_deviation,operational,1,128,0.0006027275551807701,6.544235599836368e-06,0.0005899008534050908,0.0006155542569564494,0.0006036192282060733,0.0004798236752275121,0.0005461204591283339,0.0006602929112880015,0.0006956110524163097,0.0007239659266357082,1.0
5,joint_crypto_stable_stress__stable_supported__oracle_delay_central,stable_supported__joint_crypto_stable_stress,stable_supported,joint_crypto_stable_stress,oracle_delay_central,1,37,minimum_dai_price,operational,-1,128,0.9958418344003704,9.79953795986738e-05,0.995649763456357,0.9960339053443839,0.9960180270200536,0.9941428198490697,0.9951791977815344,0.996737081710873,0.9971107571339368,0.9973160104079624,1.0
5,joint_crypto_stable_stress__stable_supported__oracle_delay_central,stable_supported__joint_crypto_stable_stress,stable_supported,joint_crypto_stable_stress,oracle_delay_central,1,38,restricted_mean_recovery_time,operational,1,128,74.7578125,13.385913137817223,48.52142274987824,100.99420225012176,0.0,0.0,0.0,0.0,333.2,402.95,0.2265625
5,joint_crypto_stable_stress__stable_supported__oracle_delay_central,stable_supported__joint_crypto_stable_stress,stable_supported,joint_crypto_stable_stress,oracle_delay_central,1,39,recovery_probability_720h,degenerate,-1,128,1.0,0.0,1.0,1.0,1.0,1.0,1.0,1.0,1.0,1.0,1.0
6,joint_crypto_stable_stress__stable_supported__oracle_delay_high,stable_supported__joint_crypto_stable_stress,stable_supported,joint_crypto_stable_stress,oracle_delay_high,2,1,debt_weighted_absolute_mismatch_area,operational,1,128,3.720923252731862,0.06006471409303552,3.6031964131095124,3.8386500923542117,3.6270212254648957,2.827963054331983,3.2429782097207656,4.160908093141787,4.764690629735365,4.967883526951881,1.0
6,joint_crypto_stable_stress__stable_supported__oracle_delay_high,stable_supported__joint_crypto_stable_stress,stable_supported,joint_crypto_stable_stress,oracle_delay_high,2,2,debt_weighted_overvaluation_area,operational,1,128,1.834746074348336,0.03291705799668369,1.770228640674836,1.8992635080218359,1.8144151207805654,1.351936400103199,1.537036364832682,2.058536561684472,2.345173362594814,2.4921720538266774,1.0
6,joint_crypto_stable_stress__stable_supported__oracle_delay_high,stable_supported__joint_crypto_stable_stress,stable_supported,joint_crypto_stable_stress,oracle_delay_high,2,3,debt_weighted_undervaluation_area,operational,1,128,1.8861771783835262,0.03191999664586154,1.8236139849576376,1.9487403718094147,1.8222544524742237,1.3750313688562554,1.629915193966983,2.133449649515035,2.3798965517559183,2.522081204168105,1.0
6,joint_crypto_stable_stress__stable_supported__oracle_delay_high,stable_supported__joint_crypto_stable_stress,stable_supported,joint_crypto_stable_stress,oracle_delay_high,2,4,peak_debt_weighted_mismatch,operational,1,128,0.11915261964137885,0.0006702515041534725,0.11783892669323805,0.12046631258951966,0.11858543518570779,0.10886456352640057,0.11583629032237966,0.12182849647365385,0.12701561001127365,0.12968177262781763,1.0
6,joint_crypto_stable_stress__stable_supported__oracle_delay_high,stable_supported__joint_crypto_stable_stress,stable_supported,joint_crypto_stable_stress,oracle_delay_high,2,5,false_safe_vault_hours,operational,1,128,5.0234375,1.2904605726772889,2.494134777552514,7.552740222447486,0.0,0.0,0.0,0.5,16.299999999999997,33.29999999999998,0.25
6,joint_crypto_stable_stress__stable_supported__oracle_delay_high,stable_supported__joint_crypto_stable_stress,stable_supported,joint_crypto_stable_stress,oracle_delay_high,2,6,false_safe_debt_hours,operational,1,128,32194.310415966153,12582.003995337058,7533.58258510552,56855.038246826785,0.0,0.0,0.0,201.5997507760695,20372.025330553763,124240.00270017234,0.25
6,joint_crypto_stable_stress__stable_supported__oracle_delay_high,stable_supported__joint_crypto_stable_stress,stable_supported,joint_crypto_stable_stress,oracle_delay_high,2,7,peak_false_safe_debt,operational,1,128,11955.394626425707,4627.224441388045,2886.0347213051373,21024.754531546278,0.0,0.0,0.0,77.46585135736173,5314.674412028154,44505.77357493758,0.25
6,joint_crypto_stable_stress__stable_supported__oracle_delay_high,stable_supported__joint_crypto_stable_stress,stable_supported,joint_crypto_stable_stress,oracle_delay_high,2,8,false_unsafe_vault_hours,operational,1,128,2.53125,0.7993089950617434,0.964604369678983,4.097895630321017,0.0,0.0,0.0,0.0,7.0,13.299999999999983,0.203125
6,joint_crypto_stable_stress__stable_supported__oracle_delay_high,stable_supported__joint_crypto_stable_stress,stable_supported,joint_crypto_stable_stress,oracle_delay_high,2,9,false_unsafe_debt_hours,operational,1,128,15583.675821085737,7552.446621233444,780.8804434681879,30386.471198703286,0.0,0.0,0.0,0.0,5474.320556583698,10490.50881454296,0.203125
6,joint_crypto_stable_stress__stable_supported__oracle_delay_high,stable_supported__joint_crypto_stable_stress,stable_supported,joint_crypto_stable_stress,oracle_delay_high,2,10,peak_false_unsafe_debt,operational,1,128,8002.607791290899,3802.448544579177,549.8086439157114,15455.406938666085,0.0,0.0,0.0,0.0,1764.8663133759937,4118.639016241832,0.203125
6,joint_crypto_stable_stress__stable_supported__oracle_delay_high,stable_supported__joint_crypto_stable_stress,stable_supported,joint_crypto_stable_stress,oracle_delay_high,2,11,market_unsafe_debt_not_oracle_eligible_share,operational,1,128,0.14552921966948842,0.02410022484537017,0.09829277897256289,0.19276566036641396,0.0,0.0,0.0,0.052484782779660774,0.615863321048345,0.6666666666666667,0.25
6,joint_crypto_stable_stress__stable_supported__oracle_delay_high,stable_supported__joint_crypto_stable_stress,stable_supported,joint_crypto_stable_stress,oracle_delay_high,2,12,oracle_unsafe_debt_already_market_safe_share,operational,1,128,0.08392114739114118,0.01906333090404119,0.04655701881922045,0.1212852759630619,0.0,0.0,0.0,0.0,0.3565848140444394,0.5099294775375474,0.203125
6,joint_crypto_stable_stress__stable_supported__oracle_delay_high,stable_supported__joint_crypto_stable_stress,stable_supported,joint_crypto_stable_stress,oracle_delay_high,2,13,recognition_lag_mean,operational,1,32,2.0,0.0,2.0,2.0,2.0,2.0,2.0,2.0,2.0,2.0,1.0
6,joint_crypto_stable_stress__stable_supported__oracle_delay_high,stable_supported__joint_crypto_stable_stress,stable_supported,joint_crypto_stable_stress,oracle_delay_high,2,14,recognition_lag_median,operational,1,32,2.0,0.0,2.0,2.0,2.0,2.0,2.0,2.0,2.0,2.0,1.0
6,joint_crypto_stable_stress__stable_supported__oracle_delay_high,stable_supported__joint_crypto_stable_stress,stable_supported,joint_crypto_stable_stress,oracle_delay_high,2,15,recovery_staleness_mean,operational,1,23,2.0,0.0,2.0,2.0,2.0,2.0,2.0,2.0,2.0,2.0,1.0
6,joint_crypto_stable_stress__stable_supported__oracle_delay_high,stable_supported__joint_crypto_stable_stress,stable_supported,joint_crypto_stable_stress,oracle_delay_high,2,16,recovery_staleness_median,operational,1,23,2.0,0.0,2.0,2.0,2.0,2.0,2.0,2.0,2.0,2.0,1.0
6,joint_crypto_stable_stress__stable_supported__oracle_delay_high,stable_supported__joint_crypto_stable_stress,stable_supported,joint_crypto_stable_stress,oracle_delay_high,2,17,backlog_area_share,operational,1,128,0.013590640852883534,0.005856339470835209,0.002112215490046525,0.025069066215720543,0.0,0.0,0.0,0.0,0.007673112898043663,0.04734912259181775,0.2265625
6,joint_crypto_stable_stress__stable_supported__oracle_delay_high,stable_supported__joint_crypto_stable_stress,stable_supported,joint_crypto_stable_stress,oracle_delay_high,2,18,maximum_unresolved_tab_share,operational,1,128,0.004961390080932031,0.0020967464705978333,0.0008517669985602773,0.009071013163303783,0.0,0.0,0.0,0.0,0.001787176856319698,0.01706260230124557,0.2265625
6,joint_crypto_stable_stress__stable_supported__oracle_delay_high,stable_supported__joint_crypto_stable_stress,stable_supported,joint_crypto_stable_stress,oracle_delay_high,2,19,terminal_unresolved_tab_share,degenerate,1,128,0.0,0.0,0.0,0.0,0.0,0.0,0.0,0.0,0.0,0.0,0.0
6,joint_crypto_stable_stress__stable_supported__oracle_delay_high,stable_supported__joint_crypto_stable_stress,stable_supported,joint_crypto_stable_stress,oracle_delay_high,2,20,liquidation_completion_ratio,operational,-1,32,0.7655248047799735,0.0668067471245748,0.6345835804158069,0.8964660291441402,1.0,0.0,0.55264195639487,1.0,1.0000000000000002,1.0000000000000002,0.90625
6,joint_crypto_stable_stress__stable_supported__oracle_delay_high,stable_supported__joint_crypto_stable_stress,stable_supported,joint_crypto_stable_stress,oracle_delay_high,2,21,peak_eligible_tab_share,operational,1,128,0.005244925663461431,0.0021104497321584237,0.0011084441884309203,0.009381407138491941,0.0,0.0,0.0,3.098634054294469e-05,0.0021322110960273035,0.017438327575729835,0.25
6,joint_crypto_stable_stress__stable_supported__oracle_delay_high,stable_supported__joint_crypto_stable_stress,stable_supported,joint_crypto_stable_stress,oracle_delay_high,2,22,peak_new_eligible_tab_share,operational,1,128,0.004618698927051749,0.0017912924407838603,0.0011077657431153827,0.008129632110988116,0.0,0.0,0.0,3.098634054294469e-05,0.002064453904667881,0.017352263323352362,0.25
6,joint_crypto_stable_stress__stable_supported__oracle_delay_high,stable_supported__joint_crypto_stable_stress,stable_supported,joint_crypto_stable_stress,oracle_delay_high,2,23,peak_selected_attempts,operational,1,128,0.71875,0.15801172181924816,0.4090470252342736,1.0284529747657265,0.0,0.0,0.0,0.0,2.0,4.6499999999999915,0.2265625
6,joint_crypto_stable_stress__stable_supported__oracle_delay_high,stable_supported__joint_crypto_stable_stress,stable_supported,joint_crypto_stable_stress,oracle_delay_high,2,24,peak_successful_closures,operational,1,128,0.671875,0.1513185872178247,0.37529056905306357,0.9684594309469364,0.0,0.0,0.0,0.0,2.0,4.6499999999999915,0.2265625
6,joint_crypto_stable_stress__stable_supported__oracle_delay_high,stable_supported__joint_crypto_stable_stress,stable_supported,joint_crypto_stable_stress,oracle_delay_high,2,25,hours_for_half_eligible_tab,operational,1,128,0.3125,0.05172944074093667,0.21111029614776414,0.4138897038522359,0.0,0.0,0.0,0.25,1.0,2.0,0.25
6,joint_crypto_stable_stress__stable_supported__oracle_delay_high,stable_supported__joint_crypto_stable_stress,stable_supported,joint_crypto_stable_stress,oracle_delay_high,2,26,five_busiest_eligible_tab_share,operational,1,128,0.24769090873386168,0.03808151929941367,0.1730511309070109,0.32233068656071245,0.0,0.0,0.0,0.22736092425400148,1.0,1.0,0.25
6,joint_crypto_stable_stress__stable_supported__oracle_delay_high,stable_supported__joint_crypto_stable_stress,stable_supported,joint_crypto_stable_stress,oracle_delay_high,2,27,capacity_binding_hours,degenerate,1,128,0.0,0.0,0.0,0.0,0.0,0.0,0.0,0.0,0.0,0.0,0.0
6,joint_crypto_stable_stress__stable_supported__oracle_delay_high,stable_supported__joint_crypto_stable_stress,stable_supported,joint_crypto_stable_stress,oracle_delay_high,2,28,capacity_rejected_opportunity_count,degenerate,1,128,0.0,0.0,0.0,0.0,0.0,0.0,0.0,0.0,0.0,0.0,0.0
6,joint_crypto_stable_stress__stable_supported__oracle_delay_high,stable_supported__joint_crypto_stable_stress,stable_supported,joint_crypto_stable_stress,oracle_delay_high,2,29,successful_closure_count,operational,1,128,1.65625,0.3931683931023012,0.8856399495194898,2.42686005048051,0.0,0.0,0.0,0.0,5.299999999999997,12.649999999999991,0.2265625
6,joint_crypto_stable_stress__stable_supported__oracle_delay_high,stable_supported__joint_crypto_stable_stress,stable_supported,joint_crypto_stable_stress,oracle_delay_high,2,30,liquidated_debt_share,operational,1,128,0.003807111962913244,0.00172265716978686,0.0004307039101309985,0.00718352001569549,0.0,0.0,0.0,0.0,0.002845372796270379,0.014476184903125546,0.2265625
6,joint_crypto_stable_stress__stable_supported__oracle_delay_high,stable_supported__joint_crypto_stable_stress,stable_supported,joint_crypto_stable_stress,oracle_delay_high,2,31,debt_weighted_liquidated_vault_share,operational,1,128,0.003807111962913244,0.0017226571697868604,0.00043070391013099764,0.007183520015695491,0.0,0.0,0.0,0.0,0.002845372796270379,0.014476184903125548,0.2265625
6,joint_crypto_stable_stress__stable_supported__oracle_delay_high,stable_supported__joint_crypto_stable_stress,stable_supported,joint_crypto_stable_stress,oracle_delay_high,2,32,realised_bad_debt_share,degenerate,1,128,0.0,0.0,0.0,0.0,0.0,0.0,0.0,0.0,0.0,0.0,0.0
6,joint_crypto_stable_stress__stable_supported__oracle_delay_high,stable_supported__joint_crypto_stable_stress,stable_supported,joint_crypto_stable_stress,oracle_delay_high,2,33,positive_realised_bad_debt,degenerate,1,128,0.0,0.0,0.0,0.0,0.0,0.0,0.0,0.0,0.0,0.0,0.0
6,joint_crypto_stable_stress__stable_supported__oracle_delay_high,stable_supported__joint_crypto_stable_stress,stable_supported,joint_crypto_stable_stress,oracle_delay_high,2,34,terminal_active_bad_debt_share,degenerate,1,128,0.0,0.0,0.0,0.0,0.0,0.0,0.0,0.0,0.0,0.0,0.0
6,joint_crypto_stable_stress__stable_supported__oracle_delay_high,stable_supported__joint_crypto_stable_stress,stable_supported,joint_crypto_stable_stress,oracle_delay_high,2,35,below_peg_burden,operational,1,128,0.26573735733407927,0.004429321061590217,0.25705588805336244,0.2744188266147961,0.2611188867348968,0.19027597824060033,0.2351654513947821,0.2922824941964385,0.3357395232206026,0.35351421629069185,1.0
6,joint_crypto_stable_stress__stable_supported__oracle_delay_high,stable_supported__joint_crypto_stable_stress,stable_supported,joint_crypto_stable_stress,oracle_delay_high,2,36,mean_absolute_peg_deviation,operational,1,128,0.0006027275551807701,6.544235599836368e-06,0.0005899008534050908,0.0006155542569564494,0.0006036192282060733,0.0004798236752275121,0.0005461204591283339,0.0006602929112880015,0.0006956110524163097,0.0007239659266357082,1.0
6,joint_crypto_stable_stress__stable_supported__oracle_delay_high,stable_supported__joint_crypto_stable_stress,stable_supported,joint_crypto_stable_stress,oracle_delay_high,2,37,minimum_dai_price,operational,-1,128,0.9958418344003704,9.79953795986738e-05,0.995649763456357,0.9960339053443839,0.9960180270200536,0.9941428198490697,0.9951791977815344,0.996737081710873,0.9971107571339368,0.9973160104079624,1.0
6,joint_crypto_stable_stress__stable_supported__oracle_delay_high,stable_supported__joint_crypto_stable_stress,stable_supported,joint_crypto_stable_stress,oracle_delay_high,2,38,restricted_mean_recovery_time,operational,1,128,74.7578125,13.385913137817223,48.52142274987824,100.99420225012176,0.0,0.0,0.0,0.0,333.2,402.95,0.2265625
6,joint_crypto_stable_stress__stable_supported__oracle_delay_high,stable_supported__joint_crypto_stable_stress,stable_supported,joint_crypto_stable_stress,oracle_delay_high,2,39,recovery_probability_720h,degenerate,-1,128,1.0,0.0,1.0,1.0,1.0,1.0,1.0,1.0,1.0,1.0,1.0
