shock,left_portfolio,right_portfolio,contrast,metric,pair_count,mean,standard_error,ci95_lower,ci95_upper,median,p05,p25,p75,p90,p95,minimum,maximum,positive_share,discordant_left_one_right_zero,discordant_left_zero_right_one
eth_idiosyncratic_severe,empirical_crypto,eth_only,empirical_crypto - eth_only,realised_bad_debt_share,128,-5.63439383736e-23,5.63439383736e-23,-1.66778057586e-22,5.40901808387e-23,0,0,0,0,0,0,-7.21202411183e-21,0,0,,
eth_idiosyncratic_severe,empirical_crypto,eth_only,empirical_crypto - eth_only,positive_realised_bad_debt,128,0,0,0,0,0,0,0,0,0,0,0,0,0,0,0
eth_idiosyncratic_severe,empirical_crypto,eth_only,empirical_crypto - eth_only,active_bad_debt_share,128,0,0,0,0,0,0,0,0,0,0,0,0,0,,
eth_idiosyncratic_severe,empirical_crypto,eth_only,empirical_crypto - eth_only,unresolved_tab_share,128,-6.18540521096e-07,5.61682215556e-07,-1.71943766359e-06,4.82356621393e-07,0,0,0,0,0,0,-7.15500905591e-05,0,0,,
eth_idiosyncratic_severe,empirical_crypto,eth_only,empirical_crypto - eth_only,backlog_area_share,128,-0.00648639132418,0.00830595288474,-0.0227660589783,0.0097932763299,0,-0.10244021625,-0.00625714613278,0,0.00563639071728,0.0727045683851,-0.339587440352,0.684070443385,0.2265625,,
eth_idiosyncratic_severe,empirical_crypto,eth_only,empirical_crypto - eth_only,liquidated_debt_share,128,-0.00221703087158,0.00305303778401,-0.00820098492824,0.00376692318509,0,-0.046966724959,-0.00416106939561,0,0.00276111792463,0.00930603719954,-0.0979561564658,0.230144475815,0.21875,,
eth_idiosyncratic_severe,empirical_crypto,eth_only,empirical_crypto - eth_only,debt_weighted_liquidated_vault_share,128,-0.00221703087158,0.00305303778401,-0.00820098492824,0.00376692318509,0,-0.046966724959,-0.00416106939561,0,0.00276111792463,0.00930603719954,-0.0979561564658,0.230144475815,0.21875,,
eth_idiosyncratic_severe,empirical_crypto,eth_only,empirical_crypto - eth_only,successful_closure_count,128,-3.390625,0.64057698591,-4.64615589238,-2.13509410762,0,-13,-6,0,1,2,-49,12,0.1171875,,
eth_idiosyncratic_severe,empirical_crypto,eth_only,empirical_crypto - eth_only,capacity_rejected_opportunities,128,-0.0234375,0.0174141727947,-0.0575692786776,0.0106942786776,0,0,0,0,0,0,-2,0,0,,
eth_idiosyncratic_severe,empirical_crypto,eth_only,empirical_crypto - eth_only,below_peg_burden,128,0,0,0,0,0,0,0,0,0,0,0,0,0,,
eth_idiosyncratic_severe,empirical_crypto,eth_only,empirical_crypto - eth_only,mean_absolute_peg_deviation,128,0,0,0,0,0,0,0,0,0,0,0,0,0,,
eth_idiosyncratic_severe,empirical_crypto,eth_only,empirical_crypto - eth_only,minimum_dai_price,128,0,0,0,0,0,0,0,0,0,0,0,0,0,,
eth_idiosyncratic_severe,empirical_crypto,eth_only,empirical_crypto - eth_only,restricted_mean_recovery_time,128,0,0,0,0,0,0,0,0,0,0,0,0,0,,
eth_idiosyncratic_severe,empirical_crypto,eth_only,empirical_crypto - eth_only,recovery_probability_720h,128,0,0,0,0,0,0,0,0,0,0,0,0,0,0,0
eth_idiosyncratic_severe,balanced_crypto,eth_only,balanced_crypto - eth_only,realised_bad_debt_share,128,-5.63439383736e-23,5.63439383736e-23,-1.66778057586e-22,5.40901808387e-23,0,0,0,0,0,0,-7.21202411183e-21,0,0,,
eth_idiosyncratic_severe,balanced_crypto,eth_only,balanced_crypto - eth_only,positive_realised_bad_debt,128,0,0,0,0,0,0,0,0,0,0,0,0,0,0,0
eth_idiosyncratic_severe,balanced_crypto,eth_only,balanced_crypto - eth_only,active_bad_debt_share,128,0,0,0,0,0,0,0,0,0,0,0,0,0,,
eth_idiosyncratic_severe,balanced_crypto,eth_only,balanced_crypto - eth_only,unresolved_tab_share,128,-1.50466233497e-06,1.44586495012e-06,-4.3385576372e-06,1.32923296727e-06,0,0,0,0,0,0,-0.000184973682734,0,0,,
eth_idiosyncratic_severe,balanced_crypto,eth_only,balanced_crypto - eth_only,backlog_area_share,128,-0.0270711558618,0.0107682468085,-0.0481769196065,-0.00596539211708,-0.000844786304152,-0.255017100549,-0.0179061302608,0,1.60524202427e-05,0.00384361661993,-0.613556943275,0.65673757338,0.1015625,,
eth_idiosyncratic_severe,balanced_crypto,eth_only,balanced_crypto - eth_only,liquidated_debt_share,128,-0.0195609497842,0.00429609160926,-0.0279812893384,-0.0111406102301,-0.000425166596174,-0.136726727392,-0.0152949241438,0,0,0.00267159371188,-0.227317947801,0.157980466209,0.09375,,
eth_idiosyncratic_severe,balanced_crypto,eth_only,balanced_crypto - eth_only,debt_weighted_liquidated_vault_share,128,-0.0195609497842,0.00429609160926,-0.0279812893384,-0.0111406102301,-0.000425166596174,-0.136726727392,-0.0152949241438,0,0,0.00267159371188,-0.227317947801,0.157980466209,0.09375,,
eth_idiosyncratic_severe,balanced_crypto,eth_only,balanced_crypto - eth_only,successful_closure_count,128,-7.9921875,1.24128339244,-10.4251029492,-5.55927205081,-1,-38,-12,0,0,1.65,-76,12,0.078125,,
eth_idiosyncratic_severe,balanced_crypto,eth_only,balanced_crypto - eth_only,capacity_rejected_opportunities,128,-0.1640625,0.14913519724,-0.456367486591,0.128242486591,0,0,0,0,0,0,-19,0,0,,
eth_idiosyncratic_severe,balanced_crypto,eth_only,balanced_crypto - eth_only,below_peg_burden,128,0,0,0,0,0,0,0,0,0,0,0,0,0,,
eth_idiosyncratic_severe,balanced_crypto,eth_only,balanced_crypto - eth_only,mean_absolute_peg_deviation,128,0,0,0,0,0,0,0,0,0,0,0,0,0,,
eth_idiosyncratic_severe,balanced_crypto,eth_only,balanced_crypto - eth_only,minimum_dai_price,128,0,0,0,0,0,0,0,0,0,0,0,0,0,,
eth_idiosyncratic_severe,balanced_crypto,eth_only,balanced_crypto - eth_only,restricted_mean_recovery_time,128,0,0,0,0,0,0,0,0,0,0,0,0,0,,
eth_idiosyncratic_severe,balanced_crypto,eth_only,balanced_crypto - eth_only,recovery_probability_720h,128,0,0,0,0,0,0,0,0,0,0,0,0,0,0,0
eth_idiosyncratic_severe,stable_supported,eth_only,stable_supported - eth_only,realised_bad_debt_share,128,-5.63439383736e-23,5.63439383736e-23,-1.66778057586e-22,5.40901808387e-23,0,0,0,0,0,0,-7.21202411183e-21,0,0,,
eth_idiosyncratic_severe,stable_supported,eth_only,stable_supported - eth_only,positive_realised_bad_debt,128,0,0,0,0,0,0,0,0,0,0,0,0,0,0,0
eth_idiosyncratic_severe,stable_supported,eth_only,stable_supported - eth_only,active_bad_debt_share,128,0,0,0,0,0,0,0,0,0,0,0,0,0,,
eth_idiosyncratic_severe,stable_supported,eth_only,stable_supported - eth_only,unresolved_tab_share,128,-2.04301297829e-06,1.98388266161e-06,-5.93142299504e-06,1.84539703846e-06,0,0,0,0,0,0,-0.00025388256508,0,0,,
eth_idiosyncratic_severe,stable_supported,eth_only,stable_supported - eth_only,backlog_area_share,128,-0.0369618010445,0.00858240908034,-0.0537833228419,-0.020140279247,-0.0010407193703,-0.225987976565,-0.0190312301396,0,0,0.000748126693592,-0.612607425742,0.122500465181,0.0546875,,
eth_idiosyncratic_severe,stable_supported,eth_only,stable_supported - eth_only,liquidated_debt_share,128,-0.0235312700935,0.00471823805673,-0.0327790166847,-0.0142835235023,-0.000807425575482,-0.14070945459,-0.0170062442232,0,0,0,-0.299400994299,0.086987277166,0.03125,,
eth_idiosyncratic_severe,stable_supported,eth_only,stable_supported - eth_only,debt_weighted_liquidated_vault_share,128,-0.0235312700935,0.00471823805673,-0.0327790166847,-0.0142835235023,-0.000807425575482,-0.14070945459,-0.0170062442232,0,0,0,-0.299400994299,0.086987277166,0.03125,,
eth_idiosyncratic_severe,stable_supported,eth_only,stable_supported - eth_only,successful_closure_count,128,-10.3359375,1.47578374612,-13.2284736424,-7.4434013576,-2,-47.3,-15.25,0,0,0,-84,11,0.015625,,
eth_idiosyncratic_severe,stable_supported,eth_only,stable_supported - eth_only,capacity_rejected_opportunities,128,-0.1640625,0.14913519724,-0.456367486591,0.128242486591,0,0,0,0,0,0,-19,0,0,,
eth_idiosyncratic_severe,stable_supported,eth_only,stable_supported - eth_only,below_peg_burden,128,0,0,0,0,0,0,0,0,0,0,0,0,0,,
eth_idiosyncratic_severe,stable_supported,eth_only,stable_supported - eth_only,mean_absolute_peg_deviation,128,0,0,0,0,0,0,0,0,0,0,0,0,0,,
eth_idiosyncratic_severe,stable_supported,eth_only,stable_supported - eth_only,minimum_dai_price,128,0,0,0,0,0,0,0,0,0,0,0,0,0,,
eth_idiosyncratic_severe,stable_supported,eth_only,stable_supported - eth_only,restricted_mean_recovery_time,128,0,0,0,0,0,0,0,0,0,0,0,0,0,,
eth_idiosyncratic_severe,stable_supported,eth_only,stable_supported - eth_only,recovery_probability_720h,128,0,0,0,0,0,0,0,0,0,0,0,0,0,0,0
eth_idiosyncratic_severe,balanced_crypto,empirical_crypto,balanced_crypto - empirical_crypto,realised_bad_debt_share,128,0,0,0,0,0,0,0,0,0,0,0,0,0,,
eth_idiosyncratic_severe,balanced_crypto,empirical_crypto,balanced_crypto - empirical_crypto,positive_realised_bad_debt,128,0,0,0,0,0,0,0,0,0,0,0,0,0,0,0
eth_idiosyncratic_severe,balanced_crypto,empirical_crypto,balanced_crypto - empirical_crypto,active_bad_debt_share,128,0,0,0,0,0,0,0,0,0,0,0,0,0,,
eth_idiosyncratic_severe,balanced_crypto,empirical_crypto,balanced_crypto - empirical_crypto,unresolved_tab_share,128,-8.86121813869e-07,8.86121813869e-07,-2.62292056905e-06,8.50676941315e-07,0,0,0,0,0,0,-0.000113423592175,0,0,,
eth_idiosyncratic_severe,balanced_crypto,empirical_crypto,balanced_crypto - empirical_crypto,backlog_area_share,128,-0.0205847645376,0.0106663420566,-0.0414907949686,0.000321265893451,0,-0.157231979166,-0.00410543408391,0,0.00169401478984,0.0109561008586,-0.784434566224,0.527032053599,0.1640625,,
eth_idiosyncratic_severe,balanced_crypto,empirical_crypto,balanced_crypto - empirical_crypto,liquidated_debt_share,128,-0.0173439189126,0.00436250898235,-0.025894436518,-0.00879340130723,0,-0.123571985831,-0.00619620025498,0,0.00042468501789,0.00230990266063,-0.253469765858,0.0896473839416,0.140625,,
eth_idiosyncratic_severe,balanced_crypto,empirical_crypto,balanced_crypto - empirical_crypto,debt_weighted_liquidated_vault_share,128,-0.0173439189126,0.00436250898235,-0.025894436518,-0.00879340130723,0,-0.123571985831,-0.00619620025498,0,0.00042468501789,0.00230990266063,-0.253469765858,0.0896473839416,0.140625,,
eth_idiosyncratic_severe,balanced_crypto,empirical_crypto,balanced_crypto - empirical_crypto,successful_closure_count,128,-4.6015625,0.795792009084,-6.1613148378,-3.0418101622,0,-27,-7.25,0,0.3,2,-39,12,0.1015625,,
eth_idiosyncratic_severe,balanced_crypto,empirical_crypto,balanced_crypto - empirical_crypto,capacity_rejected_opportunities,128,-0.140625,0.140625,-0.41625,0.135,0,0,0,0,0,0,-18,0,0,,
eth_idiosyncratic_severe,balanced_crypto,empirical_crypto,balanced_crypto - empirical_crypto,below_peg_burden,128,0,0,0,0,0,0,0,0,0,0,0,0,0,,
eth_idiosyncratic_severe,balanced_crypto,empirical_crypto,balanced_crypto - empirical_crypto,mean_absolute_peg_deviation,128,0,0,0,0,0,0,0,0,0,0,0,0,0,,
eth_idiosyncratic_severe,balanced_crypto,empirical_crypto,balanced_crypto - empirical_crypto,minimum_dai_price,128,0,0,0,0,0,0,0,0,0,0,0,0,0,,
eth_idiosyncratic_severe,balanced_crypto,empirical_crypto,balanced_crypto - empirical_crypto,restricted_mean_recovery_time,128,0,0,0,0,0,0,0,0,0,0,0,0,0,,
eth_idiosyncratic_severe,balanced_crypto,empirical_crypto,balanced_crypto - empirical_crypto,recovery_probability_720h,128,0,0,0,0,0,0,0,0,0,0,0,0,0,0,0
eth_idiosyncratic_severe,stable_supported,empirical_crypto,stable_supported - empirical_crypto,realised_bad_debt_share,128,0,0,0,0,0,0,0,0,0,0,0,0,0,,
eth_idiosyncratic_severe,stable_supported,empirical_crypto,stable_supported - empirical_crypto,positive_realised_bad_debt,128,0,0,0,0,0,0,0,0,0,0,0,0,0,0,0
eth_idiosyncratic_severe,stable_supported,empirical_crypto,stable_supported - empirical_crypto,active_bad_debt_share,128,0,0,0,0,0,0,0,0,0,0,0,0,0,,
eth_idiosyncratic_severe,stable_supported,empirical_crypto,stable_supported - empirical_crypto,unresolved_tab_share,128,-1.4244724572e-06,1.4244724572e-06,-4.2164384733e-06,1.36749355891e-06,0,0,0,0,0,0,-0.000182332474521,0,0,,
eth_idiosyncratic_severe,stable_supported,empirical_crypto,stable_supported - empirical_crypto,backlog_area_share,128,-0.0304754097203,0.00916457409956,-0.0484379749554,-0.0125128444851,-0.000169758410449,-0.165749242105,-0.010809328317,0,0,0,-0.78348504869,0.118588532216,0.046875,,
eth_idiosyncratic_severe,stable_supported,empirical_crypto,stable_supported - empirical_crypto,liquidated_debt_share,128,-0.0213142392219,0.00471567515921,-0.030556962534,-0.0120715159099,-0.000513155130066,-0.14732791879,-0.00849494054697,0,0,0,-0.250819744142,0.0498858766016,0.0390625,,
eth_idiosyncratic_severe,stable_supported,empirical_crypto,stable_supported - empirical_crypto,debt_weighted_liquidated_vault_share,128,-0.0213142392219,0.00471567515921,-0.030556962534,-0.0120715159099,-0.000513155130066,-0.14732791879,-0.00849494054697,0,0,0,-0.250819744142,0.0498858766016,0.0390625,,
eth_idiosyncratic_severe,stable_supported,empirical_crypto,stable_supported - empirical_crypto,successful_closure_count,128,-6.9453125,1.06415217733,-9.03105076757,-4.85957423243,-1,-34.3,-10,0,0,0,-58,12,0.015625,,
eth_idiosyncratic_severe,stable_supported,empirical_crypto,stable_supported - empirical_crypto,capacity_rejected_opportunities,128,-0.140625,0.140625,-0.41625,0.135,0,0,0,0,0,0,-18,0,0,,
eth_idiosyncratic_severe,stable_supported,empirical_crypto,stable_supported - empirical_crypto,below_peg_burden,128,0,0,0,0,0,0,0,0,0,0,0,0,0,,
eth_idiosyncratic_severe,stable_supported,empirical_crypto,stable_supported - empirical_crypto,mean_absolute_peg_deviation,128,0,0,0,0,0,0,0,0,0,0,0,0,0,,
eth_idiosyncratic_severe,stable_supported,empirical_crypto,stable_supported - empirical_crypto,minimum_dai_price,128,0,0,0,0,0,0,0,0,0,0,0,0,0,,
eth_idiosyncratic_severe,stable_supported,empirical_crypto,stable_supported - empirical_crypto,restricted_mean_recovery_time,128,0,0,0,0,0,0,0,0,0,0,0,0,0,,
eth_idiosyncratic_severe,stable_supported,empirical_crypto,stable_supported - empirical_crypto,recovery_probability_720h,128,0,0,0,0,0,0,0,0,0,0,0,0,0,0,0
wbtc_idiosyncratic_severe,balanced_crypto,empirical_crypto,balanced_crypto - empirical_crypto,realised_bad_debt_share,128,-6.13959888812e-23,6.13959888812e-23,-1.81732127088e-22,5.89401493259e-23,0,0,0,0,0,0,-7.85868657679e-21,0,0,,
wbtc_idiosyncratic_severe,balanced_crypto,empirical_crypto,balanced_crypto - empirical_crypto,positive_realised_bad_debt,128,0,0,0,0,0,0,0,0,0,0,0,0,0,0,0
wbtc_idiosyncratic_severe,balanced_crypto,empirical_crypto,balanced_crypto - empirical_crypto,active_bad_debt_share,128,0,0,0,0,0,0,0,0,0,0,0,0,0,,
wbtc_idiosyncratic_severe,balanced_crypto,empirical_crypto,balanced_crypto - empirical_crypto,unresolved_tab_share,128,-1.42455023261e-05,1.33817724438e-05,-4.04737763159e-05,1.19827716637e-05,0,0,0,0,0,0,-0.00171000070557,0,0,,
wbtc_idiosyncratic_severe,balanced_crypto,empirical_crypto,balanced_crypto - empirical_crypto,backlog_area_share,128,-0.0109195357785,0.00712378236824,-0.0248821492202,0.00304307766326,0,-0.0727356948037,-0.00174635442489,0,0.00432911209145,0.0227870878387,-0.667906964924,0.302120078887,0.1796875,,
wbtc_idiosyncratic_severe,balanced_crypto,empirical_crypto,balanced_crypto - empirical_crypto,liquidated_debt_share,128,-0.0103847918705,0.00312725802588,-0.0165142176013,-0.00425536613979,0,-0.0782700771822,-0.00222029383858,0,0.0010227751155,0.00548692963354,-0.221137768482,0.0896473839416,0.171875,,
wbtc_idiosyncratic_severe,balanced_crypto,empirical_crypto,balanced_crypto - empirical_crypto,debt_weighted_liquidated_vault_share,128,-0.0103847918705,0.00312725802588,-0.0165142176013,-0.00425536613979,0,-0.0782700771822,-0.00222029383858,0,0.0010227751155,0.00548692963354,-0.221137768482,0.0896473839416,0.171875,,
wbtc_idiosyncratic_severe,balanced_crypto,empirical_crypto,balanced_crypto - empirical_crypto,successful_closure_count,128,-3.3359375,0.781906404855,-4.86847405352,-1.80340094648,0,-27,-3,0,2,5,-39,12,0.1640625,,
wbtc_idiosyncratic_severe,balanced_crypto,empirical_crypto,balanced_crypto - empirical_crypto,capacity_rejected_opportunities,128,0,0,0,0,0,0,0,0,0,0,0,0,0,,
wbtc_idiosyncratic_severe,balanced_crypto,empirical_crypto,balanced_crypto - empirical_crypto,below_peg_burden,128,0,0,0,0,0,0,0,0,0,0,0,0,0,,
wbtc_idiosyncratic_severe,balanced_crypto,empirical_crypto,balanced_crypto - empirical_crypto,mean_absolute_peg_deviation,128,0,0,0,0,0,0,0,0,0,0,0,0,0,,
wbtc_idiosyncratic_severe,balanced_crypto,empirical_crypto,balanced_crypto - empirical_crypto,minimum_dai_price,128,0,0,0,0,0,0,0,0,0,0,0,0,0,,
wbtc_idiosyncratic_severe,balanced_crypto,empirical_crypto,balanced_crypto - empirical_crypto,restricted_mean_recovery_time,128,0,0,0,0,0,0,0,0,0,0,0,0,0,,
wbtc_idiosyncratic_severe,balanced_crypto,empirical_crypto,balanced_crypto - empirical_crypto,recovery_probability_720h,128,0,0,0,0,0,0,0,0,0,0,0,0,0,0,0
wbtc_idiosyncratic_severe,stable_supported,empirical_crypto,stable_supported - empirical_crypto,realised_bad_debt_share,128,-6.13959888812e-23,6.13959888812e-23,-1.81732127088e-22,5.89401493259e-23,0,0,0,0,0,0,-7.85868657679e-21,0,0,,
wbtc_idiosyncratic_severe,stable_supported,empirical_crypto,stable_supported - empirical_crypto,positive_realised_bad_debt,128,0,0,0,0,0,0,0,0,0,0,0,0,0,0,0
wbtc_idiosyncratic_severe,stable_supported,empirical_crypto,stable_supported - empirical_crypto,active_bad_debt_share,128,0,0,0,0,0,0,0,0,0,0,0,0,0,,
wbtc_idiosyncratic_severe,stable_supported,empirical_crypto,stable_supported - empirical_crypto,unresolved_tab_share,128,-1.47838529695e-05,1.34239518517e-05,-4.10947985988e-05,1.15270926599e-05,0,0,0,0,0,0,-0.00171000070557,0,0,,
wbtc_idiosyncratic_severe,stable_supported,empirical_crypto,stable_supported - empirical_crypto,backlog_area_share,128,-0.0215310167087,0.00635578169987,-0.0339883488405,-0.009073684577,0,-0.116953342923,-0.00458585017475,0,0,0.000377896008335,-0.669068756263,0.0358672585626,0.0546875,,
wbtc_idiosyncratic_severe,stable_supported,empirical_crypto,stable_supported - empirical_crypto,liquidated_debt_share,128,-0.0150379180308,0.00367956385648,-0.0222498631895,-0.00782597287207,0,-0.101420872027,-0.00540035624482,0,0,0,-0.250819744142,0.041009814357,0.0390625,,
wbtc_idiosyncratic_severe,stable_supported,empirical_crypto,stable_supported - empirical_crypto,debt_weighted_liquidated_vault_share,128,-0.0150379180308,0.00367956385648,-0.0222498631895,-0.00782597287207,0,-0.101420872027,-0.00540035624482,0,0,0,-0.250819744142,0.041009814357,0.0390625,,
wbtc_idiosyncratic_severe,stable_supported,empirical_crypto,stable_supported - empirical_crypto,successful_closure_count,128,-6,1.04517780953,-8.04854850669,-3.95145149331,0,-31.6,-6.25,0,0,0,-58,7,0.015625,,
wbtc_idiosyncratic_severe,stable_supported,empirical_crypto,stable_supported - empirical_crypto,capacity_rejected_opportunities,128,0,0,0,0,0,0,0,0,0,0,0,0,0,,
wbtc_idiosyncratic_severe,stable_supported,empirical_crypto,stable_supported - empirical_crypto,below_peg_burden,128,0,0,0,0,0,0,0,0,0,0,0,0,0,,
wbtc_idiosyncratic_severe,stable_supported,empirical_crypto,stable_supported - empirical_crypto,mean_absolute_peg_deviation,128,0,0,0,0,0,0,0,0,0,0,0,0,0,,
wbtc_idiosyncratic_severe,stable_supported,empirical_crypto,stable_supported - empirical_crypto,minimum_dai_price,128,0,0,0,0,0,0,0,0,0,0,0,0,0,,
wbtc_idiosyncratic_severe,stable_supported,empirical_crypto,stable_supported - empirical_crypto,restricted_mean_recovery_time,128,0,0,0,0,0,0,0,0,0,0,0,0,0,,
wbtc_idiosyncratic_severe,stable_supported,empirical_crypto,stable_supported - empirical_crypto,recovery_probability_720h,128,0,0,0,0,0,0,0,0,0,0,0,0,0,0,0
wbtc_idiosyncratic_severe,stable_supported,balanced_crypto,stable_supported - balanced_crypto,realised_bad_debt_share,128,0,0,0,0,0,0,0,0,0,0,0,0,0,,
wbtc_idiosyncratic_severe,stable_supported,balanced_crypto,stable_supported - balanced_crypto,positive_realised_bad_debt,128,0,0,0,0,0,0,0,0,0,0,0,0,0,0,0
wbtc_idiosyncratic_severe,stable_supported,balanced_crypto,stable_supported - balanced_crypto,active_bad_debt_share,128,0,0,0,0,0,0,0,0,0,0,0,0,0,,
wbtc_idiosyncratic_severe,stable_supported,balanced_crypto,stable_supported - balanced_crypto,unresolved_tab_share,128,-5.38350643327e-07,5.38350643327e-07,-1.59351790425e-06,5.16816617594e-07,0,0,0,0,0,0,-6.89088823458e-05,0,0,,
wbtc_idiosyncratic_severe,stable_supported,balanced_crypto,stable_supported - balanced_crypto,backlog_area_share,128,-0.0106114809303,0.00582269665141,-0.022023966367,0.000801004506496,0,-0.0676017665707,-0.00116527265068,0,0,0.00146209454125,-0.562445047118,0.265680062803,0.078125,,
wbtc_idiosyncratic_severe,stable_supported,balanced_crypto,stable_supported - balanced_crypto,liquidated_debt_share,128,-0.00465312616024,0.00157726210379,-0.00774455988368,-0.00156169243681,0,-0.0267048611921,-0.000845347744649,0,0,0.000208398154756,-0.12627974324,0.041009814357,0.0703125,,
wbtc_idiosyncratic_severe,stable_supported,balanced_crypto,stable_supported - balanced_crypto,debt_weighted_liquidated_vault_share,128,-0.00465312616024,0.00157726210379,-0.00774455988368,-0.00156169243681,0,-0.0267048611921,-0.000845347744649,0,0,0.000208398154756,-0.12627974324,0.041009814357,0.0703125,,
wbtc_idiosyncratic_severe,stable_supported,balanced_crypto,stable_supported - balanced_crypto,successful_closure_count,128,-2.6640625,0.574138920445,-3.78937478407,-1.53875021593,0,-12.65,-2.25,0,0,0,-44,7,0.046875,,
wbtc_idiosyncratic_severe,stable_supported,balanced_crypto,stable_supported - balanced_crypto,capacity_rejected_opportunities,128,0,0,0,0,0,0,0,0,0,0,0,0,0,,
wbtc_idiosyncratic_severe,stable_supported,balanced_crypto,stable_supported - balanced_crypto,below_peg_burden,128,0,0,0,0,0,0,0,0,0,0,0,0,0,,
wbtc_idiosyncratic_severe,stable_supported,balanced_crypto,stable_supported - balanced_crypto,mean_absolute_peg_deviation,128,0,0,0,0,0,0,0,0,0,0,0,0,0,,
wbtc_idiosyncratic_severe,stable_supported,balanced_crypto,stable_supported - balanced_crypto,minimum_dai_price,128,0,0,0,0,0,0,0,0,0,0,0,0,0,,
wbtc_idiosyncratic_severe,stable_supported,balanced_crypto,stable_supported - balanced_crypto,restricted_mean_recovery_time,128,0,0,0,0,0,0,0,0,0,0,0,0,0,,
wbtc_idiosyncratic_severe,stable_supported,balanced_crypto,stable_supported - balanced_crypto,recovery_probability_720h,128,0,0,0,0,0,0,0,0,0,0,0,0,0,0,0
