cell_order,cell_identifier,shock,portfolio,family,metric,applicable_replication_count,not_applicable_replication_count,invalid_replication_count,mean,standard_error,ci95_lower,ci95_upper,median,p05,p25,p75,p90,p95,minimum,maximum,positive_share
1,eth_idiosyncratic_severe__eth_only,eth_idiosyncratic_severe,eth_only,ETH,initial_debt_exposure,128,0,0,2500000,2.45001952833e-11,2500000,2500000,2500000,2500000,2500000,2500000,2500000,2500000,2500000,2500000,1
1,eth_idiosyncratic_severe__eth_only,eth_idiosyncratic_severe,eth_only,ETH,unsafe_vault_count,128,0,0,15.21875,2.32851676868,10.6548571334,19.7826428666,3,0,0,17.25,38.8,72.95,0,140,0.6484375
1,eth_idiosyncratic_severe__eth_only,eth_idiosyncratic_severe,eth_only,ETH,liquidation_arrivals,128,0,0,27.625,5.62053628666,16.6087488782,38.6412511218,3,0,0,22.25,70.6,167.25,0,454,0.6328125
1,eth_idiosyncratic_severe__eth_only,eth_idiosyncratic_severe,eth_only,ETH,selected_attempts,128,0,0,27.4609375,5.57018239224,16.5433800112,38.3784949888,3,0,0,22.25,70.6,167.25,0,454,0.6328125
1,eth_idiosyncratic_severe__eth_only,eth_idiosyncratic_severe,eth_only,ETH,capacity_rejections,128,0,0,0.1640625,0.14913519724,-0.128242486591,0.456367486591,0,0,0,0,0,0,0,19,0.015625
1,eth_idiosyncratic_severe__eth_only,eth_idiosyncratic_severe,eth_only,ETH,successful_closures,128,0,0,13.59375,2.12072397187,9.43713101514,17.7503689849,2,0,0,16,35.8,68.2,0,119,0.6328125
1,eth_idiosyncratic_severe__eth_only,eth_idiosyncratic_severe,eth_only,ETH,liquidated_debt,128,0,0,78903.6633267,14458.2341915,50565.5243114,107241.802342,2501.72337378,0,0,52666.6388157,289908.643252,445503.784279,0,811588.977103,0.6328125
1,eth_idiosyncratic_severe__eth_only,eth_idiosyncratic_severe,eth_only,ETH,backlog_area,128,0,0,129972.054126,25105.5103343,80765.2538704,179178.854381,3871.6082554,0,0,103267.892557,431155.783241,725533.070923,0,1539105.18534,0.640625
1,eth_idiosyncratic_severe__eth_only,eth_idiosyncratic_severe,eth_only,ETH,active_bad_debt,128,0,0,0,0,0,0,0,0,0,0,0,0,0,0,0
1,eth_idiosyncratic_severe__eth_only,eth_idiosyncratic_severe,eth_only,ETH,realised_bad_debt,128,0,0,1.40859845934e-16,1.40859845934e-16,-1.35225452097e-16,4.16945143965e-16,0,0,0,0,0,0,0,1.80300602796e-14,0.0078125
1,eth_idiosyncratic_severe__eth_only,eth_idiosyncratic_severe,eth_only,ETH,keeper_profit_proxy,128,0,0,9992.84905574,1854.08489244,6358.84266656,13626.8554449,253.122431374,0,0,6619.62769278,37049.8898326,57691.7490225,0,104381.191859,0.6328125
1,eth_idiosyncratic_severe__eth_only,eth_idiosyncratic_severe,eth_only,ETH,exposure_normalised_liquidated_debt,128,0,0,0.0315614653307,0.00578329367659,0.0202262097246,0.0428967209368,0.00100068934951,0,0,0.0210666555263,0.115963457301,0.178201513712,0,0.324635590841,0.6328125
1,eth_idiosyncratic_severe__eth_only,eth_idiosyncratic_severe,eth_only,ETH,exposure_normalised_backlog,128,0,0,0.0519888216502,0.0100422041337,0.0323061015481,0.0716715417523,0.00154864330216,0,0,0.041307157023,0.172462313296,0.290213228369,0,0.615642074138,0.640625
1,eth_idiosyncratic_severe__eth_only,eth_idiosyncratic_severe,eth_only,ETH,exposure_normalised_bad_debt,128,0,0,5.63439383736e-23,5.63439383736e-23,-5.40901808387e-23,1.66778057586e-22,0,0,0,0,0,0,0,7.21202411183e-21,0.0078125
1,eth_idiosyncratic_severe__eth_only,eth_idiosyncratic_severe,eth_only,ETH,contribution_to_system_backlog,82,46,0,1,0,1,1,1,1,1,1,1,1,1,1,1
1,eth_idiosyncratic_severe__eth_only,eth_idiosyncratic_severe,eth_only,ETH,contribution_to_system_bad_debt,1,127,0,1,0,1,1,1,1,1,1,1,1,1,1,1
1,eth_idiosyncratic_severe__eth_only,eth_idiosyncratic_severe,eth_only,ETH,displaced_candidates,128,0,0,0,0,0,0,0,0,0,0,0,0,0,0,0
1,eth_idiosyncratic_severe__eth_only,eth_idiosyncratic_severe,eth_only,STABLE,initial_debt_exposure,128,0,0,0,0,0,0,0,0,0,0,0,0,0,0,0
1,eth_idiosyncratic_severe__eth_only,eth_idiosyncratic_severe,eth_only,STABLE,unsafe_vault_count,128,0,0,0,0,0,0,0,0,0,0,0,0,0,0,0
1,eth_idiosyncratic_severe__eth_only,eth_idiosyncratic_severe,eth_only,STABLE,liquidation_arrivals,128,0,0,0,0,0,0,0,0,0,0,0,0,0,0,0
1,eth_idiosyncratic_severe__eth_only,eth_idiosyncratic_severe,eth_only,STABLE,selected_attempts,128,0,0,0,0,0,0,0,0,0,0,0,0,0,0,0
1,eth_idiosyncratic_severe__eth_only,eth_idiosyncratic_severe,eth_only,STABLE,capacity_rejections,128,0,0,0,0,0,0,0,0,0,0,0,0,0,0,0
1,eth_idiosyncratic_severe__eth_only,eth_idiosyncratic_severe,eth_only,STABLE,successful_closures,128,0,0,0,0,0,0,0,0,0,0,0,0,0,0,0
1,eth_idiosyncratic_severe__eth_only,eth_idiosyncratic_severe,eth_only,STABLE,liquidated_debt,128,0,0,0,0,0,0,0,0,0,0,0,0,0,0,0
1,eth_idiosyncratic_severe__eth_only,eth_idiosyncratic_severe,eth_only,STABLE,backlog_area,128,0,0,0,0,0,0,0,0,0,0,0,0,0,0,0
1,eth_idiosyncratic_severe__eth_only,eth_idiosyncratic_severe,eth_only,STABLE,active_bad_debt,128,0,0,0,0,0,0,0,0,0,0,0,0,0,0,0
1,eth_idiosyncratic_severe__eth_only,eth_idiosyncratic_severe,eth_only,STABLE,realised_bad_debt,128,0,0,0,0,0,0,0,0,0,0,0,0,0,0,0
1,eth_idiosyncratic_severe__eth_only,eth_idiosyncratic_severe,eth_only,STABLE,keeper_profit_proxy,128,0,0,0,0,0,0,0,0,0,0,0,0,0,0,0
1,eth_idiosyncratic_severe__eth_only,eth_idiosyncratic_severe,eth_only,STABLE,exposure_normalised_liquidated_debt,0,128,0,,,,,,,,,,,,,
1,eth_idiosyncratic_severe__eth_only,eth_idiosyncratic_severe,eth_only,STABLE,exposure_normalised_backlog,0,128,0,,,,,,,,,,,,,
1,eth_idiosyncratic_severe__eth_only,eth_idiosyncratic_severe,eth_only,STABLE,exposure_normalised_bad_debt,0,128,0,,,,,,,,,,,,,
1,eth_idiosyncratic_severe__eth_only,eth_idiosyncratic_severe,eth_only,STABLE,contribution_to_system_backlog,82,46,0,0,0,0,0,0,0,0,0,0,0,0,0,0
1,eth_idiosyncratic_severe__eth_only,eth_idiosyncratic_severe,eth_only,STABLE,contribution_to_system_bad_debt,1,127,0,0,0,0,0,0,0,0,0,0,0,0,0,0
1,eth_idiosyncratic_severe__eth_only,eth_idiosyncratic_severe,eth_only,STABLE,displaced_candidates,128,0,0,0,0,0,0,0,0,0,0,0,0,0,0,0
1,eth_idiosyncratic_severe__eth_only,eth_idiosyncratic_severe,eth_only,WBTC,initial_debt_exposure,128,0,0,0,0,0,0,0,0,0,0,0,0,0,0,0
1,eth_idiosyncratic_severe__eth_only,eth_idiosyncratic_severe,eth_only,WBTC,unsafe_vault_count,128,0,0,0,0,0,0,0,0,0,0,0,0,0,0,0
1,eth_idiosyncratic_severe__eth_only,eth_idiosyncratic_severe,eth_only,WBTC,liquidation_arrivals,128,0,0,0,0,0,0,0,0,0,0,0,0,0,0,0
1,eth_idiosyncratic_severe__eth_only,eth_idiosyncratic_severe,eth_only,WBTC,selected_attempts,128,0,0,0,0,0,0,0,0,0,0,0,0,0,0,0
1,eth_idiosyncratic_severe__eth_only,eth_idiosyncratic_severe,eth_only,WBTC,capacity_rejections,128,0,0,0,0,0,0,0,0,0,0,0,0,0,0,0
1,eth_idiosyncratic_severe__eth_only,eth_idiosyncratic_severe,eth_only,WBTC,successful_closures,128,0,0,0,0,0,0,0,0,0,0,0,0,0,0,0
1,eth_idiosyncratic_severe__eth_only,eth_idiosyncratic_severe,eth_only,WBTC,liquidated_debt,128,0,0,0,0,0,0,0,0,0,0,0,0,0,0,0
1,eth_idiosyncratic_severe__eth_only,eth_idiosyncratic_severe,eth_only,WBTC,backlog_area,128,0,0,0,0,0,0,0,0,0,0,0,0,0,0,0
1,eth_idiosyncratic_severe__eth_only,eth_idiosyncratic_severe,eth_only,WBTC,active_bad_debt,128,0,0,0,0,0,0,0,0,0,0,0,0,0,0,0
1,eth_idiosyncratic_severe__eth_only,eth_idiosyncratic_severe,eth_only,WBTC,realised_bad_debt,128,0,0,0,0,0,0,0,0,0,0,0,0,0,0,0
1,eth_idiosyncratic_severe__eth_only,eth_idiosyncratic_severe,eth_only,WBTC,keeper_profit_proxy,128,0,0,0,0,0,0,0,0,0,0,0,0,0,0,0
1,eth_idiosyncratic_severe__eth_only,eth_idiosyncratic_severe,eth_only,WBTC,exposure_normalised_liquidated_debt,0,128,0,,,,,,,,,,,,,
1,eth_idiosyncratic_severe__eth_only,eth_idiosyncratic_severe,eth_only,WBTC,exposure_normalised_backlog,0,128,0,,,,,,,,,,,,,
1,eth_idiosyncratic_severe__eth_only,eth_idiosyncratic_severe,eth_only,WBTC,exposure_normalised_bad_debt,0,128,0,,,,,,,,,,,,,
1,eth_idiosyncratic_severe__eth_only,eth_idiosyncratic_severe,eth_only,WBTC,contribution_to_system_backlog,82,46,0,0,0,0,0,0,0,0,0,0,0,0,0,0
1,eth_idiosyncratic_severe__eth_only,eth_idiosyncratic_severe,eth_only,WBTC,contribution_to_system_bad_debt,1,127,0,0,0,0,0,0,0,0,0,0,0,0,0,0
1,eth_idiosyncratic_severe__eth_only,eth_idiosyncratic_severe,eth_only,WBTC,displaced_candidates,128,0,0,0,0,0,0,0,0,0,0,0,0,0,0,0
2,eth_idiosyncratic_severe__empirical_crypto,eth_idiosyncratic_severe,empirical_crypto,ETH,initial_debt_exposure,128,0,0,2120985.2817,4.51761279254e-11,2120985.2817,2120985.2817,2120985.2817,2120985.2817,2120985.2817,2120985.2817,2120985.2817,2120985.2817,2120985.2817,2120985.2817,1
2,eth_idiosyncratic_severe__empirical_crypto,eth_idiosyncratic_severe,empirical_crypto,ETH,unsafe_vault_count,128,0,0,10.3203125,1.73867729027,6.91250501107,13.7281199889,2,0,0,12,28.3,47.55,0,119,0.59375
2,eth_idiosyncratic_severe__empirical_crypto,eth_idiosyncratic_severe,empirical_crypto,ETH,liquidation_arrivals,128,0,0,16.6171875,3.61276310062,9.53617182279,23.6982031772,2,0,0,15,33,103,0,262,0.5859375
2,eth_idiosyncratic_severe__empirical_crypto,eth_idiosyncratic_severe,empirical_crypto,ETH,selected_attempts,128,0,0,16.4765625,3.5728664419,9.47374427387,23.4793807261,2,0,0,15,33,103,0,262,0.5859375
2,eth_idiosyncratic_severe__empirical_crypto,eth_idiosyncratic_severe,empirical_crypto,ETH,capacity_rejections,128,0,0,0.140625,0.140625,-0.135,0.41625,0,0,0,0,0,0,0,18,0.0078125
2,eth_idiosyncratic_severe__empirical_crypto,eth_idiosyncratic_severe,empirical_crypto,ETH,successful_closures,128,0,0,9.234375,1.57452984699,6.14829649991,12.3204535001,1,0,0,12,27,41.1,0,101,0.578125
2,eth_idiosyncratic_severe__empirical_crypto,eth_idiosyncratic_severe,empirical_crypto,ETH,liquidated_debt,128,0,0,66591.701221,13803.0369562,39537.7487867,93645.6536552,1276.68113684,0,0,22563.1781302,247402.058151,513745.36104,0,699188.326677,0.578125
2,eth_idiosyncratic_severe__empirical_crypto,eth_idiosyncratic_severe,empirical_crypto,ETH,backlog_area,128,0,0,103894.098023,26176.8559645,52587.4603325,155200.735713,1400.94633152,0,0,41351.8750538,279132.81705,566478.586037,0,1966299.24272,0.53125
2,eth_idiosyncratic_severe__empirical_crypto,eth_idiosyncratic_severe,empirical_crypto,ETH,active_bad_debt,128,0,0,0,0,0,0,0,0,0,0,0,0,0,0,0
2,eth_idiosyncratic_severe__empirical_crypto,eth_idiosyncratic_severe,empirical_crypto,ETH,realised_bad_debt,128,0,0,0,0,0,0,0,0,0,0,0,0,0,0,0
2,eth_idiosyncratic_severe__empirical_crypto,eth_idiosyncratic_severe,empirical_crypto,ETH,keeper_profit_proxy,128,0,0,8473.99204029,1777.4935316,4990.10471835,11957.8793622,146.160341787,0,0,2848.61864627,31260.1745966,66289.2194666,0,89989.7386325,0.578125
2,eth_idiosyncratic_severe__empirical_crypto,eth_idiosyncratic_severe,empirical_crypto,ETH,exposure_normalised_liquidated_debt,128,0,0,0.0313965880836,0.00650784193334,0.0186412178943,0.044151958273,0.000601928333899,0,0,0.0106380644528,0.116644872685,0.242220144323,0,0.329652606602,0.578125
2,eth_idiosyncratic_severe__empirical_crypto,eth_idiosyncratic_severe,empirical_crypto,ETH,exposure_normalised_backlog,128,0,0,0.0489838844801,0.012341837631,0.0247938827234,0.0731738862369,0.000660516762474,0,0,0.0194965403158,0.131605258866,0.267082752023,0,0.927068782458,0.53125
2,eth_idiosyncratic_severe__empirical_crypto,eth_idiosyncratic_severe,empirical_crypto,ETH,exposure_normalised_bad_debt,128,0,0,0,0,0,0,0,0,0,0,0,0,0,0,0
2,eth_idiosyncratic_severe__empirical_crypto,eth_idiosyncratic_severe,empirical_crypto,ETH,contribution_to_system_backlog,69,59,0,0.91787088755,0.0234200784887,0.871967533712,0.963774241388,1,0.52929058414,0.934686939023,1,1,1,0,1,0.985507246377
2,eth_idiosyncratic_severe__empirical_crypto,eth_idiosyncratic_severe,empirical_crypto,ETH,contribution_to_system_bad_debt,0,128,0,,,,,,,,,,,,,
2,eth_idiosyncratic_severe__empirical_crypto,eth_idiosyncratic_severe,empirical_crypto,ETH,displaced_candidates,128,0,0,0.0078125,0.0078125,-0.0075,0.023125,0,0,0,0,0,0,0,1,0.0078125
2,eth_idiosyncratic_severe__empirical_crypto,eth_idiosyncratic_severe,empirical_crypto,STABLE,initial_debt_exposure,128,0,0,0,0,0,0,0,0,0,0,0,0,0,0,0
2,eth_idiosyncratic_severe__empirical_crypto,eth_idiosyncratic_severe,empirical_crypto,STABLE,unsafe_vault_count,128,0,0,0,0,0,0,0,0,0,0,0,0,0,0,0
2,eth_idiosyncratic_severe__empirical_crypto,eth_idiosyncratic_severe,empirical_crypto,STABLE,liquidation_arrivals,128,0,0,0,0,0,0,0,0,0,0,0,0,0,0,0
2,eth_idiosyncratic_severe__empirical_crypto,eth_idiosyncratic_severe,empirical_crypto,STABLE,selected_attempts,128,0,0,0,0,0,0,0,0,0,0,0,0,0,0,0
2,eth_idiosyncratic_severe__empirical_crypto,eth_idiosyncratic_severe,empirical_crypto,STABLE,capacity_rejections,128,0,0,0,0,0,0,0,0,0,0,0,0,0,0,0
2,eth_idiosyncratic_severe__empirical_crypto,eth_idiosyncratic_severe,empirical_crypto,STABLE,successful_closures,128,0,0,0,0,0,0,0,0,0,0,0,0,0,0,0
2,eth_idiosyncratic_severe__empirical_crypto,eth_idiosyncratic_severe,empirical_crypto,STABLE,liquidated_debt,128,0,0,0,0,0,0,0,0,0,0,0,0,0,0,0
2,eth_idiosyncratic_severe__empirical_crypto,eth_idiosyncratic_severe,empirical_crypto,STABLE,backlog_area,128,0,0,0,0,0,0,0,0,0,0,0,0,0,0,0
2,eth_idiosyncratic_severe__empirical_crypto,eth_idiosyncratic_severe,empirical_crypto,STABLE,active_bad_debt,128,0,0,0,0,0,0,0,0,0,0,0,0,0,0,0
2,eth_idiosyncratic_severe__empirical_crypto,eth_idiosyncratic_severe,empirical_crypto,STABLE,realised_bad_debt,128,0,0,0,0,0,0,0,0,0,0,0,0,0,0,0
2,eth_idiosyncratic_severe__empirical_crypto,eth_idiosyncratic_severe,empirical_crypto,STABLE,keeper_profit_proxy,128,0,0,0,0,0,0,0,0,0,0,0,0,0,0,0
2,eth_idiosyncratic_severe__empirical_crypto,eth_idiosyncratic_severe,empirical_crypto,STABLE,exposure_normalised_liquidated_debt,0,128,0,,,,,,,,,,,,,
2,eth_idiosyncratic_severe__empirical_crypto,eth_idiosyncratic_severe,empirical_crypto,STABLE,exposure_normalised_backlog,0,128,0,,,,,,,,,,,,,
2,eth_idiosyncratic_severe__empirical_crypto,eth_idiosyncratic_severe,empirical_crypto,STABLE,exposure_normalised_bad_debt,0,128,0,,,,,,,,,,,,,
2,eth_idiosyncratic_severe__empirical_crypto,eth_idiosyncratic_severe,empirical_crypto,STABLE,contribution_to_system_backlog,69,59,0,0,0,0,0,0,0,0,0,0,0,0,0,0
2,eth_idiosyncratic_severe__empirical_crypto,eth_idiosyncratic_severe,empirical_crypto,STABLE,contribution_to_system_bad_debt,0,128,0,,,,,,,,,,,,,
2,eth_idiosyncratic_severe__empirical_crypto,eth_idiosyncratic_severe,empirical_crypto,STABLE,displaced_candidates,128,0,0,0,0,0,0,0,0,0,0,0,0,0,0,0
2,eth_idiosyncratic_severe__empirical_crypto,eth_idiosyncratic_severe,empirical_crypto,WBTC,initial_debt_exposure,128,0,0,379014.718301,6.22629615631e-12,379014.718301,379014.718301,379014.718301,379014.718301,379014.718301,379014.718301,379014.718301,379014.718301,379014.718301,379014.718301,1
2,eth_idiosyncratic_severe__empirical_crypto,eth_idiosyncratic_severe,empirical_crypto,WBTC,unsafe_vault_count,128,0,0,1.046875,0.260804746925,0.535697696027,1.55805230397,0,0,0,0,3.3,5,0,21,0.2421875
2,eth_idiosyncratic_severe__empirical_crypto,eth_idiosyncratic_severe,empirical_crypto,WBTC,liquidation_arrivals,128,0,0,1.03125,0.255822333734,0.529838225882,1.53266177412,0,0,0,0,3.3,5,0,20,0.234375
2,eth_idiosyncratic_severe__empirical_crypto,eth_idiosyncratic_severe,empirical_crypto,WBTC,selected_attempts,128,0,0,1.03125,0.255822333734,0.529838225882,1.53266177412,0,0,0,0,3.3,5,0,20,0.234375
2,eth_idiosyncratic_severe__empirical_crypto,eth_idiosyncratic_severe,empirical_crypto,WBTC,capacity_rejections,128,0,0,0,0,0,0,0,0,0,0,0,0,0,0,0
2,eth_idiosyncratic_severe__empirical_crypto,eth_idiosyncratic_severe,empirical_crypto,WBTC,successful_closures,128,0,0,0.96875,0.231590247668,0.514833114571,1.42266688543,0,0,0,0,3.3,5,0,17,0.234375
2,eth_idiosyncratic_severe__empirical_crypto,eth_idiosyncratic_severe,empirical_crypto,WBTC,liquidated_debt,128,0,0,6769.38492679,1983.93324683,2880.87576301,10657.8940906,0,0,0,0,9347.77915718,60537.3698821,0,136527.348863,0.234375
2,eth_idiosyncratic_severe__empirical_crypto,eth_idiosyncratic_severe,empirical_crypto,WBTC,backlog_area,128,0,0,9861.97779229,3902.72876884,2212.62940536,17511.3261792,0,0,0,0,11624.3716078,38511.4990708,0,344255.014286,0.2109375
2,eth_idiosyncratic_severe__empirical_crypto,eth_idiosyncratic_severe,empirical_crypto,WBTC,active_bad_debt,128,0,0,0,0,0,0,0,0,0,0,0,0,0,0,0
2,eth_idiosyncratic_severe__empirical_crypto,eth_idiosyncratic_severe,empirical_crypto,WBTC,realised_bad_debt,128,0,0,0,0,0,0,0,0,0,0,0,0,0,0,0
2,eth_idiosyncratic_severe__empirical_crypto,eth_idiosyncratic_severe,empirical_crypto,WBTC,keeper_profit_proxy,128,0,0,845.431024831,251.925637259,351.656775802,1339.20527386,0,0,0,0,1173.57230031,7824.7256986,0,17000.5336036,0.234375
2,eth_idiosyncratic_severe__empirical_crypto,eth_idiosyncratic_severe,empirical_crypto,WBTC,exposure_normalised_liquidated_debt,128,0,0,0.0178604803453,0.00523444908874,0.00760096013137,0.0281200005592,0,0,0,0,0.0246633671618,0.159723005358,0,0.360216483084,0.234375
2,eth_idiosyncratic_severe__empirical_crypto,eth_idiosyncratic_severe,empirical_crypto,WBTC,exposure_normalised_backlog,128,0,0,0.0260200391069,0.0102970375038,0.00583784559944,0.0462022326144,0,0,0,0,0.030669974137,0.101609508051,0,0.908289302931,0.2109375
2,eth_idiosyncratic_severe__empirical_crypto,eth_idiosyncratic_severe,empirical_crypto,WBTC,exposure_normalised_bad_debt,128,0,0,0,0,0,0,0,0,0,0,0,0,0,0,0
2,eth_idiosyncratic_severe__empirical_crypto,eth_idiosyncratic_severe,empirical_crypto,WBTC,contribution_to_system_backlog,69,59,0,0.0821291124497,0.0234200784887,0.036225758612,0.128032466288,0,0,0,0.0653130609774,0.211187334395,0.47070941586,0,1,0.391304347826
2,eth_idiosyncratic_severe__empirical_crypto,eth_idiosyncratic_severe,empirical_crypto,WBTC,contribution_to_system_bad_debt,0,128,0,,,,,,,,,,,,,
2,eth_idiosyncratic_severe__empirical_crypto,eth_idiosyncratic_severe,empirical_crypto,WBTC,displaced_candidates,128,0,0,0,0,0,0,0,0,0,0,0,0,0,0,0
3,eth_idiosyncratic_severe__balanced_crypto,eth_idiosyncratic_severe,balanced_crypto,ETH,initial_debt_exposure,128,0,0,1250000,1.42625838597e-11,1250000,1250000,1250000,1250000,1250000,1250000,1250000,1250000,1250000,1250000,1
3,eth_idiosyncratic_severe__balanced_crypto,eth_idiosyncratic_severe,balanced_crypto,ETH,unsafe_vault_count,128,0,0,3.953125,0.874357143981,2.2393849978,5.6668650022,0,0,0,3.25,10,17.55,0,70,0.421875
3,eth_idiosyncratic_severe__balanced_crypto,eth_idiosyncratic_severe,balanced_crypto,ETH,liquidation_arrivals,128,0,0,7.5078125,2.0978169924,3.39609119491,11.6195338051,0,0,0,4,12.3,36.15,0,159,0.4140625
3,eth_idiosyncratic_severe__balanced_crypto,eth_idiosyncratic_severe,balanced_crypto,ETH,selected_attempts,128,0,0,7.5078125,2.0978169924,3.39609119491,11.6195338051,0,0,0,4,12.3,36.15,0,159,0.4140625
3,eth_idiosyncratic_severe__balanced_crypto,eth_idiosyncratic_severe,balanced_crypto,ETH,capacity_rejections,128,0,0,0,0,0,0,0,0,0,0,0,0,0,0,0
3,eth_idiosyncratic_severe__balanced_crypto,eth_idiosyncratic_severe,balanced_crypto,ETH,successful_closures,128,0,0,3.4921875,0.776674284758,1.96990590187,5.01446909813,0,0,0,3,9.3,13,0,61,0.4140625
3,eth_idiosyncratic_severe__balanced_crypto,eth_idiosyncratic_severe,balanced_crypto,ETH,liquidated_debt,128,0,0,17865.2892408,5725.27334872,6643.75347733,29086.8250043,0,0,0,1939.46818331,26393.9220141,96764.2559126,0,455959.984458,0.4140625
3,eth_idiosyncratic_severe__balanced_crypto,eth_idiosyncratic_severe,balanced_crypto,ETH,backlog_area,128,0,0,34230.0555576,14030.6731492,6729.93618507,61730.1749301,0,0,0,4894.9298702,41374.0867437,114036.209581,0,1274019.78494,0.375
3,eth_idiosyncratic_severe__balanced_crypto,eth_idiosyncratic_severe,balanced_crypto,ETH,active_bad_debt,128,0,0,0,0,0,0,0,0,0,0,0,0,0,0,0
3,eth_idiosyncratic_severe__balanced_crypto,eth_idiosyncratic_severe,balanced_crypto,ETH,realised_bad_debt,128,0,0,0,0,0,0,0,0,0,0,0,0,0,0,0
3,eth_idiosyncratic_severe__balanced_crypto,eth_idiosyncratic_severe,balanced_crypto,ETH,keeper_profit_proxy,128,0,0,2243.32239827,734.267898646,804.157316924,3682.48747962,0,0,0,187.124527283,3096.75604701,11739.1628624,0,58819.0149942,0.4140625
3,eth_idiosyncratic_severe__balanced_crypto,eth_idiosyncratic_severe,balanced_crypto,ETH,exposure_normalised_liquidated_debt,128,0,0,0.0142922313927,0.00458021867897,0.00531500278187,0.0232694600034,0,0,0,0.00155157454665,0.0211151376113,0.0774114047301,0,0.364767987566,0.4140625
3,eth_idiosyncratic_severe__balanced_crypto,eth_idiosyncratic_severe,balanced_crypto,ETH,exposure_normalised_backlog,128,0,0,0.027384044446,0.0112245385194,0.00538394894805,0.049384139944,0,0,0,0.00391594389616,0.0330992693949,0.0912289676647,0,1.01921582795,0.375
3,eth_idiosyncratic_severe__balanced_crypto,eth_idiosyncratic_severe,balanced_crypto,ETH,exposure_normalised_bad_debt,128,0,0,0,0,0,0,0,0,0,0,0,0,0,0,0
3,eth_idiosyncratic_severe__balanced_crypto,eth_idiosyncratic_severe,balanced_crypto,ETH,contribution_to_system_backlog,53,75,0,0.686385473522,0.0559122924231,0.576797380373,0.795973566672,0.987072825013,0,0.158109137343,1,1,1,0,1,0.905660377358
3,eth_idiosyncratic_severe__balanced_crypto,eth_idiosyncratic_severe,balanced_crypto,ETH,contribution_to_system_bad_debt,0,128,0,,,,,,,,,,,,,
3,eth_idiosyncratic_severe__balanced_crypto,eth_idiosyncratic_severe,balanced_crypto,ETH,displaced_candidates,128,0,0,0,0,0,0,0,0,0,0,0,0,0,0,0
3,eth_idiosyncratic_severe__balanced_crypto,eth_idiosyncratic_severe,balanced_crypto,STABLE,initial_debt_exposure,128,0,0,0,0,0,0,0,0,0,0,0,0,0,0,0
3,eth_idiosyncratic_severe__balanced_crypto,eth_idiosyncratic_severe,balanced_crypto,STABLE,unsafe_vault_count,128,0,0,0,0,0,0,0,0,0,0,0,0,0,0,0
3,eth_idiosyncratic_severe__balanced_crypto,eth_idiosyncratic_severe,balanced_crypto,STABLE,liquidation_arrivals,128,0,0,0,0,0,0,0,0,0,0,0,0,0,0,0
3,eth_idiosyncratic_severe__balanced_crypto,eth_idiosyncratic_severe,balanced_crypto,STABLE,selected_attempts,128,0,0,0,0,0,0,0,0,0,0,0,0,0,0,0
3,eth_idiosyncratic_severe__balanced_crypto,eth_idiosyncratic_severe,balanced_crypto,STABLE,capacity_rejections,128,0,0,0,0,0,0,0,0,0,0,0,0,0,0,0
3,eth_idiosyncratic_severe__balanced_crypto,eth_idiosyncratic_severe,balanced_crypto,STABLE,successful_closures,128,0,0,0,0,0,0,0,0,0,0,0,0,0,0,0
3,eth_idiosyncratic_severe__balanced_crypto,eth_idiosyncratic_severe,balanced_crypto,STABLE,liquidated_debt,128,0,0,0,0,0,0,0,0,0,0,0,0,0,0,0
3,eth_idiosyncratic_severe__balanced_crypto,eth_idiosyncratic_severe,balanced_crypto,STABLE,backlog_area,128,0,0,0,0,0,0,0,0,0,0,0,0,0,0,0
3,eth_idiosyncratic_severe__balanced_crypto,eth_idiosyncratic_severe,balanced_crypto,STABLE,active_bad_debt,128,0,0,0,0,0,0,0,0,0,0,0,0,0,0,0
3,eth_idiosyncratic_severe__balanced_crypto,eth_idiosyncratic_severe,balanced_crypto,STABLE,realised_bad_debt,128,0,0,0,0,0,0,0,0,0,0,0,0,0,0,0
3,eth_idiosyncratic_severe__balanced_crypto,eth_idiosyncratic_severe,balanced_crypto,STABLE,keeper_profit_proxy,128,0,0,0,0,0,0,0,0,0,0,0,0,0,0,0
3,eth_idiosyncratic_severe__balanced_crypto,eth_idiosyncratic_severe,balanced_crypto,STABLE,exposure_normalised_liquidated_debt,0,128,0,,,,,,,,,,,,,
3,eth_idiosyncratic_severe__balanced_crypto,eth_idiosyncratic_severe,balanced_crypto,STABLE,exposure_normalised_backlog,0,128,0,,,,,,,,,,,,,
3,eth_idiosyncratic_severe__balanced_crypto,eth_idiosyncratic_severe,balanced_crypto,STABLE,exposure_normalised_bad_debt,0,128,0,,,,,,,,,,,,,
3,eth_idiosyncratic_severe__balanced_crypto,eth_idiosyncratic_severe,balanced_crypto,STABLE,contribution_to_system_backlog,53,75,0,0,0,0,0,0,0,0,0,0,0,0,0,0
3,eth_idiosyncratic_severe__balanced_crypto,eth_idiosyncratic_severe,balanced_crypto,STABLE,contribution_to_system_bad_debt,0,128,0,,,,,,,,,,,,,
3,eth_idiosyncratic_severe__balanced_crypto,eth_idiosyncratic_severe,balanced_crypto,STABLE,displaced_candidates,128,0,0,0,0,0,0,0,0,0,0,0,0,0,0,0
3,eth_idiosyncratic_severe__balanced_crypto,eth_idiosyncratic_severe,balanced_crypto,WBTC,initial_debt_exposure,128,0,0,1250000,1.11079561201e-11,1250000,1250000,1250000,1250000,1250000,1250000,1250000,1250000,1250000,1250000,1
3,eth_idiosyncratic_severe__balanced_crypto,eth_idiosyncratic_severe,balanced_crypto,WBTC,unsafe_vault_count,128,0,0,2.2890625,0.721331366246,0.875253022158,3.70287197784,0,0,0,0,7,11,0,69,0.234375
3,eth_idiosyncratic_severe__balanced_crypto,eth_idiosyncratic_severe,balanced_crypto,WBTC,liquidation_arrivals,128,0,0,2.2109375,0.673022433382,0.891813530571,3.53006146943,0,0,0,0,7,11,0,65,0.2109375
3,eth_idiosyncratic_severe__balanced_crypto,eth_idiosyncratic_severe,balanced_crypto,WBTC,selected_attempts,128,0,0,2.2109375,0.673022433382,0.891813530571,3.53006146943,0,0,0,0,7,11,0,65,0.2109375
3,eth_idiosyncratic_severe__balanced_crypto,eth_idiosyncratic_severe,balanced_crypto,WBTC,capacity_rejections,128,0,0,0,0,0,0,0,0,0,0,0,0,0,0,0
3,eth_idiosyncratic_severe__balanced_crypto,eth_idiosyncratic_severe,balanced_crypto,WBTC,successful_closures,128,0,0,2.109375,0.663502470546,0.80891015773,3.40983984227,0,0,0,0,7,11,0,65,0.2109375
3,eth_idiosyncratic_severe__balanced_crypto,eth_idiosyncratic_severe,balanced_crypto,WBTC,liquidated_debt,128,0,0,12135.9996253,4565.03584084,3188.52937731,21083.4698734,0,0,0,0,15141.4365071,67582.4460892,0,480579.471471,0.2109375
3,eth_idiosyncratic_severe__balanced_crypto,eth_idiosyncratic_severe,balanced_crypto,WBTC,backlog_area,128,0,0,28064.1089136,14527.7988458,-410.376824148,56538.5946514,0,0,0,0,23402.010633,63102.6488468,0,1743937.1181,0.2109375
3,eth_idiosyncratic_severe__balanced_crypto,eth_idiosyncratic_severe,balanced_crypto,WBTC,active_bad_debt,128,0,0,0,0,0,0,0,0,0,0,0,0,0,0,0
3,eth_idiosyncratic_severe__balanced_crypto,eth_idiosyncratic_severe,balanced_crypto,WBTC,realised_bad_debt,128,0,0,0,0,0,0,0,0,0,0,0,0,0,0,0
3,eth_idiosyncratic_severe__balanced_crypto,eth_idiosyncratic_severe,balanced_crypto,WBTC,keeper_profit_proxy,128,0,0,1517.65433939,574.338192699,391.951481705,2643.35719708,0,0,0,0,1741.81603894,8640.01934315,0,60285.3154107,0.2109375
3,eth_idiosyncratic_severe__balanced_crypto,eth_idiosyncratic_severe,balanced_crypto,WBTC,exposure_normalised_liquidated_debt,128,0,0,0.00970879970028,0.00365202867267,0.00255082350185,0.0168667758987,0,0,0,0,0.0121131492057,0.0540659568714,0,0.384463577177,0.2109375
3,eth_idiosyncratic_severe__balanced_crypto,eth_idiosyncratic_severe,balanced_crypto,WBTC,exposure_normalised_backlog,128,0,0,0.0224512871309,0.0116222390766,-0.000328301459318,0.0452308757211,0,0,0,0,0.0187216085064,0.0504821190774,0,1.39514969448,0.2109375
3,eth_idiosyncratic_severe__balanced_crypto,eth_idiosyncratic_severe,balanced_crypto,WBTC,exposure_normalised_bad_debt,128,0,0,0,0,0,0,0,0,0,0,0,0,0,0,0
3,eth_idiosyncratic_severe__balanced_crypto,eth_idiosyncratic_severe,balanced_crypto,WBTC,contribution_to_system_backlog,53,75,0,0.313614526478,0.0559122924231,0.204026433328,0.423202619627,0.0129271749867,0,0,0.841890862657,0.942297921503,1,0,1,0.509433962264
3,eth_idiosyncratic_severe__balanced_crypto,eth_idiosyncratic_severe,balanced_crypto,WBTC,contribution_to_system_bad_debt,0,128,0,,,,,,,,,,,,,
3,eth_idiosyncratic_severe__balanced_crypto,eth_idiosyncratic_severe,balanced_crypto,WBTC,displaced_candidates,128,0,0,0,0,0,0,0,0,0,0,0,0,0,0,0
4,eth_idiosyncratic_severe__stable_supported,eth_idiosyncratic_severe,stable_supported,ETH,initial_debt_exposure,128,0,0,1590738.96127,4.5616881074e-11,1590738.96127,1590738.96127,1590738.96127,1590738.96127,1590738.96127,1590738.96127,1590738.96127,1590738.96127,1590738.96127,1590738.96127,1
4,eth_idiosyncratic_severe__stable_supported,eth_idiosyncratic_severe,stable_supported,ETH,unsafe_vault_count,128,0,0,3.3671875,0.876395898206,1.64945153952,5.08492346048,0,0,0,1,9.3,17.3,0,74,0.2578125
4,eth_idiosyncratic_severe__stable_supported,eth_idiosyncratic_severe,stable_supported,ETH,liquidation_arrivals,128,0,0,6.078125,1.9591550615,2.23818107946,9.91806892054,0,0,0,0,10.3,41.95,0,195,0.234375
4,eth_idiosyncratic_severe__stable_supported,eth_idiosyncratic_severe,stable_supported,ETH,selected_attempts,128,0,0,6.078125,1.9591550615,2.23818107946,9.91806892054,0,0,0,0,10.3,41.95,0,195,0.234375
4,eth_idiosyncratic_severe__stable_supported,eth_idiosyncratic_severe,stable_supported,ETH,capacity_rejections,128,0,0,0,0,0,0,0,0,0,0,0,0,0,0,0
4,eth_idiosyncratic_severe__stable_supported,eth_idiosyncratic_severe,stable_supported,ETH,successful_closures,128,0,0,3.03125,0.814178120143,1.43546088452,4.62703911548,0,0,0,0,9,16,0,72,0.2265625
4,eth_idiosyncratic_severe__stable_supported,eth_idiosyncratic_severe,stable_supported,ETH,liquidated_debt,128,0,0,17900.9398961,5742.69695791,6645.2538586,29156.6259336,0,0,0,0,26491.1251282,114301.879423,0,404786.063168,0.2265625
4,eth_idiosyncratic_severe__stable_supported,eth_idiosyncratic_severe,stable_supported,ETH,backlog_area,128,0,0,31606.1229898,13077.0177618,5975.16817658,57237.077803,0,0,0,67.6808733585,27247.9945839,121561.821382,0,1422548.33382,0.25
4,eth_idiosyncratic_severe__stable_supported,eth_idiosyncratic_severe,stable_supported,ETH,active_bad_debt,128,0,0,0,0,0,0,0,0,0,0,0,0,0,0,0
4,eth_idiosyncratic_severe__stable_supported,eth_idiosyncratic_severe,stable_supported,ETH,realised_bad_debt,128,0,0,0,0,0,0,0,0,0,0,0,0,0,0,0
4,eth_idiosyncratic_severe__stable_supported,eth_idiosyncratic_severe,stable_supported,ETH,keeper_profit_proxy,128,0,0,2257.43078925,731.583629264,823.526875891,3691.33470261,0,0,0,0,3011.19491978,14668.1731111,0,52162.9521927,0.2265625
4,eth_idiosyncratic_severe__stable_supported,eth_idiosyncratic_severe,stable_supported,ETH,exposure_normalised_liquidated_debt,128,0,0,0.0112532227675,0.00361008128782,0.00417746344333,0.0183289820916,0,0,0,0,0.0166533452522,0.0718545796672,0,0.25446416604,0.2265625
4,eth_idiosyncratic_severe__stable_supported,eth_idiosyncratic_severe,stable_supported,ETH,exposure_normalised_backlog,128,0,0,0.0198688306248,0.0082207188484,0.0037562216819,0.0359814395676,0,0,0,4.25468131517e-05,0.0171291426483,0.0764184598113,0,0.894268870285,0.25
4,eth_idiosyncratic_severe__stable_supported,eth_idiosyncratic_severe,stable_supported,ETH,exposure_normalised_bad_debt,128,0,0,0,0,0,0,0,0,0,0,0,0,0,0,0
4,eth_idiosyncratic_severe__stable_supported,eth_idiosyncratic_severe,stable_supported,ETH,contribution_to_system_backlog,33,95,0,0.916072962903,0.0386079337346,0.840401412784,0.991744513023,1,0.476204410938,0.998550009972,1,1,1,0,1,0.969696969697
4,eth_idiosyncratic_severe__stable_supported,eth_idiosyncratic_severe,stable_supported,ETH,contribution_to_system_bad_debt,0,128,0,,,,,,,,,,,,,
4,eth_idiosyncratic_severe__stable_supported,eth_idiosyncratic_severe,stable_supported,ETH,displaced_candidates,128,0,0,0,0,0,0,0,0,0,0,0,0,0,0,0
4,eth_idiosyncratic_severe__stable_supported,eth_idiosyncratic_severe,stable_supported,STABLE,initial_debt_exposure,128,0,0,625000,8.41807441678e-12,625000,625000,625000,625000,625000,625000,625000,625000,625000,625000,1
4,eth_idiosyncratic_severe__stable_supported,eth_idiosyncratic_severe,stable_supported,STABLE,unsafe_vault_count,128,0,0,0,0,0,0,0,0,0,0,0,0,0,0,0
4,eth_idiosyncratic_severe__stable_supported,eth_idiosyncratic_severe,stable_supported,STABLE,liquidation_arrivals,128,0,0,0,0,0,0,0,0,0,0,0,0,0,0,0
4,eth_idiosyncratic_severe__stable_supported,eth_idiosyncratic_severe,stable_supported,STABLE,selected_attempts,128,0,0,0,0,0,0,0,0,0,0,0,0,0,0,0
4,eth_idiosyncratic_severe__stable_supported,eth_idiosyncratic_severe,stable_supported,STABLE,capacity_rejections,128,0,0,0,0,0,0,0,0,0,0,0,0,0,0,0
4,eth_idiosyncratic_severe__stable_supported,eth_idiosyncratic_severe,stable_supported,STABLE,successful_closures,128,0,0,0,0,0,0,0,0,0,0,0,0,0,0,0
4,eth_idiosyncratic_severe__stable_supported,eth_idiosyncratic_severe,stable_supported,STABLE,liquidated_debt,128,0,0,0,0,0,0,0,0,0,0,0,0,0,0,0
4,eth_idiosyncratic_severe__stable_supported,eth_idiosyncratic_severe,stable_supported,STABLE,backlog_area,128,0,0,0,0,0,0,0,0,0,0,0,0,0,0,0
4,eth_idiosyncratic_severe__stable_supported,eth_idiosyncratic_severe,stable_supported,STABLE,active_bad_debt,128,0,0,0,0,0,0,0,0,0,0,0,0,0,0,0
4,eth_idiosyncratic_severe__stable_supported,eth_idiosyncratic_severe,stable_supported,STABLE,realised_bad_debt,128,0,0,0,0,0,0,0,0,0,0,0,0,0,0,0
4,eth_idiosyncratic_severe__stable_supported,eth_idiosyncratic_severe,stable_supported,STABLE,keeper_profit_proxy,128,0,0,0,0,0,0,0,0,0,0,0,0,0,0,0
4,eth_idiosyncratic_severe__stable_supported,eth_idiosyncratic_severe,stable_supported,STABLE,exposure_normalised_liquidated_debt,128,0,0,0,0,0,0,0,0,0,0,0,0,0,0,0
4,eth_idiosyncratic_severe__stable_supported,eth_idiosyncratic_severe,stable_supported,STABLE,exposure_normalised_backlog,128,0,0,0,0,0,0,0,0,0,0,0,0,0,0,0
4,eth_idiosyncratic_severe__stable_supported,eth_idiosyncratic_severe,stable_supported,STABLE,exposure_normalised_bad_debt,128,0,0,0,0,0,0,0,0,0,0,0,0,0,0,0
4,eth_idiosyncratic_severe__stable_supported,eth_idiosyncratic_severe,stable_supported,STABLE,contribution_to_system_backlog,33,95,0,0,0,0,0,0,0,0,0,0,0,0,0,0
4,eth_idiosyncratic_severe__stable_supported,eth_idiosyncratic_severe,stable_supported,STABLE,contribution_to_system_bad_debt,0,128,0,,,,,,,,,,,,,
4,eth_idiosyncratic_severe__stable_supported,eth_idiosyncratic_severe,stable_supported,STABLE,displaced_candidates,128,0,0,0,0,0,0,0,0,0,0,0,0,0,0,0
4,eth_idiosyncratic_severe__stable_supported,eth_idiosyncratic_severe,stable_supported,WBTC,initial_debt_exposure,128,0,0,284261.038726,5.40178531601e-12,284261.038726,284261.038726,284261.038726,284261.038726,284261.038726,284261.038726,284261.038726,284261.038726,284261.038726,284261.038726,1
4,eth_idiosyncratic_severe__stable_supported,eth_idiosyncratic_severe,stable_supported,WBTC,unsafe_vault_count,128,0,0,0.265625,0.108952361163,0.0520783721209,0.479171627879,0,0,0,0,0,1.65,0,11,0.078125
4,eth_idiosyncratic_severe__stable_supported,eth_idiosyncratic_severe,stable_supported,WBTC,liquidation_arrivals,128,0,0,0.2578125,0.103009640052,0.055913605498,0.459711394502,0,0,0,0,0,1.65,0,10,0.078125
4,eth_idiosyncratic_severe__stable_supported,eth_idiosyncratic_severe,stable_supported,WBTC,selected_attempts,128,0,0,0.2578125,0.103009640052,0.055913605498,0.459711394502,0,0,0,0,0,1.65,0,10,0.078125
4,eth_idiosyncratic_severe__stable_supported,eth_idiosyncratic_severe,stable_supported,WBTC,capacity_rejections,128,0,0,0,0,0,0,0,0,0,0,0,0,0,0,0
4,eth_idiosyncratic_severe__stable_supported,eth_idiosyncratic_severe,stable_supported,WBTC,successful_closures,128,0,0,0.2265625,0.096834013904,0.0367678327481,0.416357167252,0,0,0,0,0,1.65,0,10,0.078125
4,eth_idiosyncratic_severe__stable_supported,eth_idiosyncratic_severe,stable_supported,WBTC,liquidated_debt,128,0,0,2174.54819677,1278.59075058,-331.489674359,4680.5860679,0,0,0,0,0,2893.07976776,0,139313.755481,0.078125
4,eth_idiosyncratic_severe__stable_supported,eth_idiosyncratic_severe,stable_supported,WBTC,backlog_area,128,0,0,5961.42852467,3375.34791732,-654.253393274,12577.1104426,0,0,0,0,0,1933.1331586,0,363629.788871,0.0703125
4,eth_idiosyncratic_severe__stable_supported,eth_idiosyncratic_severe,stable_supported,WBTC,active_bad_debt,128,0,0,0,0,0,0,0,0,0,0,0,0,0,0,0
4,eth_idiosyncratic_severe__stable_supported,eth_idiosyncratic_severe,stable_supported,WBTC,realised_bad_debt,128,0,0,0,0,0,0,0,0,0,0,0,0,0,0,0
4,eth_idiosyncratic_severe__stable_supported,eth_idiosyncratic_severe,stable_supported,WBTC,keeper_profit_proxy,128,0,0,275.01097494,163.769924164,-45.9780764222,596.000026302,0,0,0,0,0,343.289550862,0,17789.168331,0.078125
4,eth_idiosyncratic_severe__stable_supported,eth_idiosyncratic_severe,stable_supported,WBTC,exposure_normalised_liquidated_debt,128,0,0,0.00764982850453,0.00449794581877,-0.00116614530027,0.0164658023093,0,0,0,0,0,0.0101775458949,0,0.490090925247,0.078125
4,eth_idiosyncratic_severe__stable_supported,eth_idiosyncratic_severe,stable_supported,WBTC,exposure_normalised_backlog,128,0,0,0.0209716693902,0.0118741137809,-0.00230159362045,0.0442449324008,0,0,0,0,0,0.00680055616226,0,1.27921079337,0.0703125
4,eth_idiosyncratic_severe__stable_supported,eth_idiosyncratic_severe,stable_supported,WBTC,exposure_normalised_bad_debt,128,0,0,0,0,0,0,0,0,0,0,0,0,0,0,0
4,eth_idiosyncratic_severe__stable_supported,eth_idiosyncratic_severe,stable_supported,WBTC,contribution_to_system_backlog,33,95,0,0.0839270370966,0.0386079337346,0.00825548697689,0.159598587216,0,0,0,0.00144999002837,0.321909733032,0.523795589062,0,1,0.272727272727
4,eth_idiosyncratic_severe__stable_supported,eth_idiosyncratic_severe,stable_supported,WBTC,contribution_to_system_bad_debt,0,128,0,,,,,,,,,,,,,
4,eth_idiosyncratic_severe__stable_supported,eth_idiosyncratic_severe,stable_supported,WBTC,displaced_candidates,128,0,0,0,0,0,0,0,0,0,0,0,0,0,0,0
5,wbtc_idiosyncratic_severe__eth_only,wbtc_idiosyncratic_severe,eth_only,ETH,initial_debt_exposure,128,0,0,2500000,2.45001952833e-11,2500000,2500000,2500000,2500000,2500000,2500000,2500000,2500000,2500000,2500000,1
5,wbtc_idiosyncratic_severe__eth_only,wbtc_idiosyncratic_severe,eth_only,ETH,unsafe_vault_count,128,0,0,12.375,2.32126848976,7.82531376006,16.9246862399,0,0,0,10.5,37.3,72.95,0,140,0.453125
5,wbtc_idiosyncratic_severe__eth_only,wbtc_idiosyncratic_severe,eth_only,ETH,liquidation_arrivals,128,0,0,25.03125,5.3847414186,14.4771568195,35.5853431805,0,0,0,14.25,64.3,178.9,0,358,0.4375
5,wbtc_idiosyncratic_severe__eth_only,wbtc_idiosyncratic_severe,eth_only,ETH,selected_attempts,128,0,0,25,5.37522889093,14.4645513738,35.5354486262,0,0,0,14.25,64.3,178.9,0,358,0.4375
5,wbtc_idiosyncratic_severe__eth_only,wbtc_idiosyncratic_severe,eth_only,ETH,capacity_rejections,128,0,0,0.03125,0.03125,-0.03,0.0925,0,0,0,0,0,0,0,4,0.0078125
5,wbtc_idiosyncratic_severe__eth_only,wbtc_idiosyncratic_severe,eth_only,ETH,successful_closures,128,0,0,11.0625,2.13383267383,6.88018795929,15.2448120407,0,0,0,9,34.5,68.2,0,119,0.4375
5,wbtc_idiosyncratic_severe__eth_only,wbtc_idiosyncratic_severe,eth_only,ETH,liquidated_debt,128,0,0,60072.5651445,13516.7464957,33579.7420129,86565.388276,0,0,0,14043.0136534,256320.860523,360384.842211,0,811588.977103,0.4375
5,wbtc_idiosyncratic_severe__eth_only,wbtc_idiosyncratic_severe,eth_only,ETH,backlog_area,128,0,0,93279.5510455,22383.1664917,49408.5447218,137150.557369,0,0,0,23420.0165675,324005.595698,693894.039022,0,1680325.58078,0.421875
5,wbtc_idiosyncratic_severe__eth_only,wbtc_idiosyncratic_severe,eth_only,ETH,active_bad_debt,128,0,0,0,0,0,0,0,0,0,0,0,0,0,0,0
5,wbtc_idiosyncratic_severe__eth_only,wbtc_idiosyncratic_severe,eth_only,ETH,realised_bad_debt,128,0,0,1.40859845934e-16,1.40859845934e-16,-1.35225452097e-16,4.16945143965e-16,0,0,0,0,0,0,0,1.80300602796e-14,0.0078125
5,wbtc_idiosyncratic_severe__eth_only,wbtc_idiosyncratic_severe,eth_only,ETH,keeper_profit_proxy,128,0,0,7589.13241086,1729.40996079,4199.4888877,10978.775934,0,0,0,1683.3169562,31535.6705946,46476.0608396,0,104381.191859,0.4375
5,wbtc_idiosyncratic_severe__eth_only,wbtc_idiosyncratic_severe,eth_only,ETH,exposure_normalised_liquidated_debt,128,0,0,0.0240290260578,0.00540669859828,0.0134318968052,0.0346261553104,0,0,0,0.00561720546137,0.102528344209,0.144153936884,0,0.324635590841,0.4375
5,wbtc_idiosyncratic_severe__eth_only,wbtc_idiosyncratic_severe,eth_only,ETH,exposure_normalised_backlog,128,0,0,0.0373118204182,0.00895326659666,0.0197634178887,0.0548602229476,0,0,0,0.00936800662701,0.129602238279,0.277557615609,0,0.67213023231,0.421875
5,wbtc_idiosyncratic_severe__eth_only,wbtc_idiosyncratic_severe,eth_only,ETH,exposure_normalised_bad_debt,128,0,0,5.63439383736e-23,5.63439383736e-23,-5.40901808387e-23,1.66778057586e-22,0,0,0,0,0,0,0,7.21202411183e-21,0.0078125
5,wbtc_idiosyncratic_severe__eth_only,wbtc_idiosyncratic_severe,eth_only,ETH,contribution_to_system_backlog,54,74,0,1,0,1,1,1,1,1,1,1,1,1,1,1
5,wbtc_idiosyncratic_severe__eth_only,wbtc_idiosyncratic_severe,eth_only,ETH,contribution_to_system_bad_debt,1,127,0,1,0,1,1,1,1,1,1,1,1,1,1,1
5,wbtc_idiosyncratic_severe__eth_only,wbtc_idiosyncratic_severe,eth_only,ETH,displaced_candidates,128,0,0,0,0,0,0,0,0,0,0,0,0,0,0,0
5,wbtc_idiosyncratic_severe__eth_only,wbtc_idiosyncratic_severe,eth_only,STABLE,initial_debt_exposure,128,0,0,0,0,0,0,0,0,0,0,0,0,0,0,0
5,wbtc_idiosyncratic_severe__eth_only,wbtc_idiosyncratic_severe,eth_only,STABLE,unsafe_vault_count,128,0,0,0,0,0,0,0,0,0,0,0,0,0,0,0
5,wbtc_idiosyncratic_severe__eth_only,wbtc_idiosyncratic_severe,eth_only,STABLE,liquidation_arrivals,128,0,0,0,0,0,0,0,0,0,0,0,0,0,0,0
5,wbtc_idiosyncratic_severe__eth_only,wbtc_idiosyncratic_severe,eth_only,STABLE,selected_attempts,128,0,0,0,0,0,0,0,0,0,0,0,0,0,0,0
5,wbtc_idiosyncratic_severe__eth_only,wbtc_idiosyncratic_severe,eth_only,STABLE,capacity_rejections,128,0,0,0,0,0,0,0,0,0,0,0,0,0,0,0
5,wbtc_idiosyncratic_severe__eth_only,wbtc_idiosyncratic_severe,eth_only,STABLE,successful_closures,128,0,0,0,0,0,0,0,0,0,0,0,0,0,0,0
5,wbtc_idiosyncratic_severe__eth_only,wbtc_idiosyncratic_severe,eth_only,STABLE,liquidated_debt,128,0,0,0,0,0,0,0,0,0,0,0,0,0,0,0
5,wbtc_idiosyncratic_severe__eth_only,wbtc_idiosyncratic_severe,eth_only,STABLE,backlog_area,128,0,0,0,0,0,0,0,0,0,0,0,0,0,0,0
5,wbtc_idiosyncratic_severe__eth_only,wbtc_idiosyncratic_severe,eth_only,STABLE,active_bad_debt,128,0,0,0,0,0,0,0,0,0,0,0,0,0,0,0
5,wbtc_idiosyncratic_severe__eth_only,wbtc_idiosyncratic_severe,eth_only,STABLE,realised_bad_debt,128,0,0,0,0,0,0,0,0,0,0,0,0,0,0,0
5,wbtc_idiosyncratic_severe__eth_only,wbtc_idiosyncratic_severe,eth_only,STABLE,keeper_profit_proxy,128,0,0,0,0,0,0,0,0,0,0,0,0,0,0,0
5,wbtc_idiosyncratic_severe__eth_only,wbtc_idiosyncratic_severe,eth_only,STABLE,exposure_normalised_liquidated_debt,0,128,0,,,,,,,,,,,,,
5,wbtc_idiosyncratic_severe__eth_only,wbtc_idiosyncratic_severe,eth_only,STABLE,exposure_normalised_backlog,0,128,0,,,,,,,,,,,,,
5,wbtc_idiosyncratic_severe__eth_only,wbtc_idiosyncratic_severe,eth_only,STABLE,exposure_normalised_bad_debt,0,128,0,,,,,,,,,,,,,
5,wbtc_idiosyncratic_severe__eth_only,wbtc_idiosyncratic_severe,eth_only,STABLE,contribution_to_system_backlog,54,74,0,0,0,0,0,0,0,0,0,0,0,0,0,0
5,wbtc_idiosyncratic_severe__eth_only,wbtc_idiosyncratic_severe,eth_only,STABLE,contribution_to_system_bad_debt,1,127,0,0,0,0,0,0,0,0,0,0,0,0,0,0
5,wbtc_idiosyncratic_severe__eth_only,wbtc_idiosyncratic_severe,eth_only,STABLE,displaced_candidates,128,0,0,0,0,0,0,0,0,0,0,0,0,0,0,0
5,wbtc_idiosyncratic_severe__eth_only,wbtc_idiosyncratic_severe,eth_only,WBTC,initial_debt_exposure,128,0,0,0,0,0,0,0,0,0,0,0,0,0,0,0
5,wbtc_idiosyncratic_severe__eth_only,wbtc_idiosyncratic_severe,eth_only,WBTC,unsafe_vault_count,128,0,0,0,0,0,0,0,0,0,0,0,0,0,0,0
5,wbtc_idiosyncratic_severe__eth_only,wbtc_idiosyncratic_severe,eth_only,WBTC,liquidation_arrivals,128,0,0,0,0,0,0,0,0,0,0,0,0,0,0,0
5,wbtc_idiosyncratic_severe__eth_only,wbtc_idiosyncratic_severe,eth_only,WBTC,selected_attempts,128,0,0,0,0,0,0,0,0,0,0,0,0,0,0,0
5,wbtc_idiosyncratic_severe__eth_only,wbtc_idiosyncratic_severe,eth_only,WBTC,capacity_rejections,128,0,0,0,0,0,0,0,0,0,0,0,0,0,0,0
5,wbtc_idiosyncratic_severe__eth_only,wbtc_idiosyncratic_severe,eth_only,WBTC,successful_closures,128,0,0,0,0,0,0,0,0,0,0,0,0,0,0,0
5,wbtc_idiosyncratic_severe__eth_only,wbtc_idiosyncratic_severe,eth_only,WBTC,liquidated_debt,128,0,0,0,0,0,0,0,0,0,0,0,0,0,0,0
5,wbtc_idiosyncratic_severe__eth_only,wbtc_idiosyncratic_severe,eth_only,WBTC,backlog_area,128,0,0,0,0,0,0,0,0,0,0,0,0,0,0,0
5,wbtc_idiosyncratic_severe__eth_only,wbtc_idiosyncratic_severe,eth_only,WBTC,active_bad_debt,128,0,0,0,0,0,0,0,0,0,0,0,0,0,0,0
5,wbtc_idiosyncratic_severe__eth_only,wbtc_idiosyncratic_severe,eth_only,WBTC,realised_bad_debt,128,0,0,0,0,0,0,0,0,0,0,0,0,0,0,0
5,wbtc_idiosyncratic_severe__eth_only,wbtc_idiosyncratic_severe,eth_only,WBTC,keeper_profit_proxy,128,0,0,0,0,0,0,0,0,0,0,0,0,0,0,0
5,wbtc_idiosyncratic_severe__eth_only,wbtc_idiosyncratic_severe,eth_only,WBTC,exposure_normalised_liquidated_debt,0,128,0,,,,,,,,,,,,,
5,wbtc_idiosyncratic_severe__eth_only,wbtc_idiosyncratic_severe,eth_only,WBTC,exposure_normalised_backlog,0,128,0,,,,,,,,,,,,,
5,wbtc_idiosyncratic_severe__eth_only,wbtc_idiosyncratic_severe,eth_only,WBTC,exposure_normalised_bad_debt,0,128,0,,,,,,,,,,,,,
5,wbtc_idiosyncratic_severe__eth_only,wbtc_idiosyncratic_severe,eth_only,WBTC,contribution_to_system_backlog,54,74,0,0,0,0,0,0,0,0,0,0,0,0,0,0
5,wbtc_idiosyncratic_severe__eth_only,wbtc_idiosyncratic_severe,eth_only,WBTC,contribution_to_system_bad_debt,1,127,0,0,0,0,0,0,0,0,0,0,0,0,0,0
5,wbtc_idiosyncratic_severe__eth_only,wbtc_idiosyncratic_severe,eth_only,WBTC,displaced_candidates,128,0,0,0,0,0,0,0,0,0,0,0,0,0,0,0
6,wbtc_idiosyncratic_severe__empirical_crypto,wbtc_idiosyncratic_severe,empirical_crypto,ETH,initial_debt_exposure,128,0,0,2120985.2817,4.51761279254e-11,2120985.2817,2120985.2817,2120985.2817,2120985.2817,2120985.2817,2120985.2817,2120985.2817,2120985.2817,2120985.2817,2120985.2817,1
6,wbtc_idiosyncratic_severe__empirical_crypto,wbtc_idiosyncratic_severe,empirical_crypto,ETH,unsafe_vault_count,128,0,0,8.3515625,1.72174139623,4.97694936338,11.7261756366,0,0,0,6,26.3,47.55,0,119,0.375
6,wbtc_idiosyncratic_severe__empirical_crypto,wbtc_idiosyncratic_severe,empirical_crypto,ETH,liquidation_arrivals,128,0,0,14.6484375,3.53488293618,7.72006694508,21.5768080549,0,0,0,7.25,34.5,98.85,0,221,0.3671875
6,wbtc_idiosyncratic_severe__empirical_crypto,wbtc_idiosyncratic_severe,empirical_crypto,ETH,selected_attempts,128,0,0,14.6484375,3.53488293618,7.72006694508,21.5768080549,0,0,0,7.25,34.5,98.85,0,221,0.3671875
6,wbtc_idiosyncratic_severe__empirical_crypto,wbtc_idiosyncratic_severe,empirical_crypto,ETH,capacity_rejections,128,0,0,0,0,0,0,0,0,0,0,0,0,0,0,0
6,wbtc_idiosyncratic_severe__empirical_crypto,wbtc_idiosyncratic_severe,empirical_crypto,ETH,successful_closures,128,0,0,7.515625,1.57138162253,4.43571701985,10.5955329802,0,0,0,4.25,25,40.4,0,101,0.3671875
6,wbtc_idiosyncratic_severe__empirical_crypto,wbtc_idiosyncratic_severe,empirical_crypto,ETH,liquidated_debt,128,0,0,45389.4649723,11278.6459733,23283.3188646,67495.6110801,0,0,0,3307.49614091,147511.381102,291668.700176,0,699188.326677,0.3671875
6,wbtc_idiosyncratic_severe__empirical_crypto,wbtc_idiosyncratic_severe,empirical_crypto,ETH,backlog_area,128,0,0,75614.6012036,21164.3692263,34132.4375201,117096.764887,0,0,0,6914.67716469,184515.512436,476728.180692,0,1637583.7568,0.3671875
6,wbtc_idiosyncratic_severe__empirical_crypto,wbtc_idiosyncratic_severe,empirical_crypto,ETH,active_bad_debt,128,0,0,0,0,0,0,0,0,0,0,0,0,0,0,0
6,wbtc_idiosyncratic_severe__empirical_crypto,wbtc_idiosyncratic_severe,empirical_crypto,ETH,realised_bad_debt,128,0,0,1.53489972203e-16,1.53489972203e-16,-1.47350373315e-16,4.54330317721e-16,0,0,0,0,0,0,0,1.9646716442e-14,0.0078125
6,wbtc_idiosyncratic_severe__empirical_crypto,wbtc_idiosyncratic_severe,empirical_crypto,ETH,keeper_profit_proxy,128,0,0,5748.62774121,1446.33474207,2913.81164675,8583.44383568,0,0,0,353.367684212,18559.383693,37526.6174352,0,89989.7386325,0.3671875
6,wbtc_idiosyncratic_severe__empirical_crypto,wbtc_idiosyncratic_severe,empirical_crypto,ETH,exposure_normalised_liquidated_debt,128,0,0,0.0214001791356,0.00531764462047,0.0109775956795,0.0318227625917,0,0,0,0.00155941494241,0.0695485170852,0.137515664391,0,0.329652606602,0.3671875
6,wbtc_idiosyncratic_severe__empirical_crypto,wbtc_idiosyncratic_severe,empirical_crypto,ETH,exposure_normalised_backlog,128,0,0,0.035650695861,0.00997855544256,0.0160927271936,0.0552086645284,0,0,0,0.00326012501093,0.0869951875801,0.224767321492,0,0.772086336915,0.3671875
6,wbtc_idiosyncratic_severe__empirical_crypto,wbtc_idiosyncratic_severe,empirical_crypto,ETH,exposure_normalised_bad_debt,128,0,0,7.23672971837e-23,7.23672971837e-23,-6.94726052963e-23,2.14207199664e-22,0,0,0,0,0,0,0,9.26301403951e-21,0.0078125
6,wbtc_idiosyncratic_severe__empirical_crypto,wbtc_idiosyncratic_severe,empirical_crypto,ETH,contribution_to_system_backlog,56,72,0,0.71356847567,0.0506673068495,0.614260554244,0.812876397095,0.920916994322,0,0.540691939466,1,1,1,0,1,0.839285714286
6,wbtc_idiosyncratic_severe__empirical_crypto,wbtc_idiosyncratic_severe,empirical_crypto,ETH,contribution_to_system_bad_debt,1,127,0,1,0,1,1,1,1,1,1,1,1,1,1,1
6,wbtc_idiosyncratic_severe__empirical_crypto,wbtc_idiosyncratic_severe,empirical_crypto,ETH,displaced_candidates,128,0,0,0,0,0,0,0,0,0,0,0,0,0,0,0
6,wbtc_idiosyncratic_severe__empirical_crypto,wbtc_idiosyncratic_severe,empirical_crypto,STABLE,initial_debt_exposure,128,0,0,0,0,0,0,0,0,0,0,0,0,0,0,0
6,wbtc_idiosyncratic_severe__empirical_crypto,wbtc_idiosyncratic_severe,empirical_crypto,STABLE,unsafe_vault_count,128,0,0,0,0,0,0,0,0,0,0,0,0,0,0,0
6,wbtc_idiosyncratic_severe__empirical_crypto,wbtc_idiosyncratic_severe,empirical_crypto,STABLE,liquidation_arrivals,128,0,0,0,0,0,0,0,0,0,0,0,0,0,0,0
6,wbtc_idiosyncratic_severe__empirical_crypto,wbtc_idiosyncratic_severe,empirical_crypto,STABLE,selected_attempts,128,0,0,0,0,0,0,0,0,0,0,0,0,0,0,0
6,wbtc_idiosyncratic_severe__empirical_crypto,wbtc_idiosyncratic_severe,empirical_crypto,STABLE,capacity_rejections,128,0,0,0,0,0,0,0,0,0,0,0,0,0,0,0
6,wbtc_idiosyncratic_severe__empirical_crypto,wbtc_idiosyncratic_severe,empirical_crypto,STABLE,successful_closures,128,0,0,0,0,0,0,0,0,0,0,0,0,0,0,0
6,wbtc_idiosyncratic_severe__empirical_crypto,wbtc_idiosyncratic_severe,empirical_crypto,STABLE,liquidated_debt,128,0,0,0,0,0,0,0,0,0,0,0,0,0,0,0
6,wbtc_idiosyncratic_severe__empirical_crypto,wbtc_idiosyncratic_severe,empirical_crypto,STABLE,backlog_area,128,0,0,0,0,0,0,0,0,0,0,0,0,0,0,0
6,wbtc_idiosyncratic_severe__empirical_crypto,wbtc_idiosyncratic_severe,empirical_crypto,STABLE,active_bad_debt,128,0,0,0,0,0,0,0,0,0,0,0,0,0,0,0
6,wbtc_idiosyncratic_severe__empirical_crypto,wbtc_idiosyncratic_severe,empirical_crypto,STABLE,realised_bad_debt,128,0,0,0,0,0,0,0,0,0,0,0,0,0,0,0
6,wbtc_idiosyncratic_severe__empirical_crypto,wbtc_idiosyncratic_severe,empirical_crypto,STABLE,keeper_profit_proxy,128,0,0,0,0,0,0,0,0,0,0,0,0,0,0,0
6,wbtc_idiosyncratic_severe__empirical_crypto,wbtc_idiosyncratic_severe,empirical_crypto,STABLE,exposure_normalised_liquidated_debt,0,128,0,,,,,,,,,,,,,
6,wbtc_idiosyncratic_severe__empirical_crypto,wbtc_idiosyncratic_severe,empirical_crypto,STABLE,exposure_normalised_backlog,0,128,0,,,,,,,,,,,,,
6,wbtc_idiosyncratic_severe__empirical_crypto,wbtc_idiosyncratic_severe,empirical_crypto,STABLE,exposure_normalised_bad_debt,0,128,0,,,,,,,,,,,,,
6,wbtc_idiosyncratic_severe__empirical_crypto,wbtc_idiosyncratic_severe,empirical_crypto,STABLE,contribution_to_system_backlog,56,72,0,0,0,0,0,0,0,0,0,0,0,0,0,0
6,wbtc_idiosyncratic_severe__empirical_crypto,wbtc_idiosyncratic_severe,empirical_crypto,STABLE,contribution_to_system_bad_debt,1,127,0,0,0,0,0,0,0,0,0,0,0,0,0,0
6,wbtc_idiosyncratic_severe__empirical_crypto,wbtc_idiosyncratic_severe,empirical_crypto,STABLE,displaced_candidates,128,0,0,0,0,0,0,0,0,0,0,0,0,0,0,0
6,wbtc_idiosyncratic_severe__empirical_crypto,wbtc_idiosyncratic_severe,empirical_crypto,WBTC,initial_debt_exposure,128,0,0,379014.718301,6.22629615631e-12,379014.718301,379014.718301,379014.718301,379014.718301,379014.718301,379014.718301,379014.718301,379014.718301,379014.718301,379014.718301,1
6,wbtc_idiosyncratic_severe__empirical_crypto,wbtc_idiosyncratic_severe,empirical_crypto,WBTC,unsafe_vault_count,128,0,0,1.359375,0.264522666361,0.840910573933,1.87783942607,0,0,0,2,4,5,0,21,0.359375
6,wbtc_idiosyncratic_severe__empirical_crypto,wbtc_idiosyncratic_severe,empirical_crypto,WBTC,liquidation_arrivals,128,0,0,1.3203125,0.254616237434,0.82126467463,1.81936032537,0,0,0,2,4,5,0,20,0.359375
6,wbtc_idiosyncratic_severe__empirical_crypto,wbtc_idiosyncratic_severe,empirical_crypto,WBTC,selected_attempts,128,0,0,1.3203125,0.254616237434,0.82126467463,1.81936032537,0,0,0,2,4,5,0,20,0.359375
6,wbtc_idiosyncratic_severe__empirical_crypto,wbtc_idiosyncratic_severe,empirical_crypto,WBTC,capacity_rejections,128,0,0,0,0,0,0,0,0,0,0,0,0,0,0,0
6,wbtc_idiosyncratic_severe__empirical_crypto,wbtc_idiosyncratic_severe,empirical_crypto,WBTC,successful_closures,128,0,0,1.234375,0.233058969243,0.777579420283,1.69117057972,0,0,0,2,4,5,0,17,0.359375
6,wbtc_idiosyncratic_severe__empirical_crypto,wbtc_idiosyncratic_severe,empirical_crypto,WBTC,liquidated_debt,128,0,0,8667.73906183,2117.45658327,4517.52415863,12817.953965,0,0,0,3084.96315534,20880.6083779,74462.6085121,0,136527.348863,0.359375
6,wbtc_idiosyncratic_severe__empirical_crypto,wbtc_idiosyncratic_severe,empirical_crypto,WBTC,backlog_area,128,0,0,10533.5246978,3258.37761225,4147.10457782,16919.9448178,0,0,0,3437.99044837,32903.4824215,42761.7464396,0,344255.014286,0.296875
6,wbtc_idiosyncratic_severe__empirical_crypto,wbtc_idiosyncratic_severe,empirical_crypto,WBTC,active_bad_debt,128,0,0,0,0,0,0,0,0,0,0,0,0,0,0,0
6,wbtc_idiosyncratic_severe__empirical_crypto,wbtc_idiosyncratic_severe,empirical_crypto,WBTC,realised_bad_debt,128,0,0,0,0,0,0,0,0,0,0,0,0,0,0,0
6,wbtc_idiosyncratic_severe__empirical_crypto,wbtc_idiosyncratic_severe,empirical_crypto,WBTC,keeper_profit_proxy,128,0,0,1085.76579964,269.001728873,558.522411048,1613.00918823,0,0,0,323.265482639,2379.52106277,9662.26415289,0,16879.7876385,0.359375
6,wbtc_idiosyncratic_severe__empirical_crypto,wbtc_idiosyncratic_severe,empirical_crypto,WBTC,exposure_normalised_liquidated_debt,128,0,0,0.0228691357969,0.00558673972547,0.0119191259349,0.0338191456588,0,0,0,0.00813942838201,0.0550918140369,0.196463632985,0,0.360216483084,0.359375
6,wbtc_idiosyncratic_severe__empirical_crypto,wbtc_idiosyncratic_severe,empirical_crypto,WBTC,exposure_normalised_backlog,128,0,0,0.0277918618703,0.00859696854743,0.0109418035173,0.0446419202232,0,0,0,0.00907086264032,0.0868132049567,0.112823445568,0,0.908289302931,0.296875
6,wbtc_idiosyncratic_severe__empirical_crypto,wbtc_idiosyncratic_severe,empirical_crypto,WBTC,exposure_normalised_bad_debt,128,0,0,0,0,0,0,0,0,0,0,0,0,0,0,0
6,wbtc_idiosyncratic_severe__empirical_crypto,wbtc_idiosyncratic_severe,empirical_crypto,WBTC,contribution_to_system_backlog,56,72,0,0.28643152433,0.0506673068495,0.187123602905,0.385739445756,0.079083005678,0,0,0.459308060534,1,1,0,1,0.678571428571
6,wbtc_idiosyncratic_severe__empirical_crypto,wbtc_idiosyncratic_severe,empirical_crypto,WBTC,contribution_to_system_bad_debt,1,127,0,0,0,0,0,0,0,0,0,0,0,0,0,0
6,wbtc_idiosyncratic_severe__empirical_crypto,wbtc_idiosyncratic_severe,empirical_crypto,WBTC,displaced_candidates,128,0,0,0,0,0,0,0,0,0,0,0,0,0,0,0
7,wbtc_idiosyncratic_severe__balanced_crypto,wbtc_idiosyncratic_severe,balanced_crypto,ETH,initial_debt_exposure,128,0,0,1250000,1.42625838597e-11,1250000,1250000,1250000,1250000,1250000,1250000,1250000,1250000,1250000,1250000,1
7,wbtc_idiosyncratic_severe__balanced_crypto,wbtc_idiosyncratic_severe,balanced_crypto,ETH,unsafe_vault_count,128,0,0,3.1953125,0.87006896517,1.48997732827,4.90064767173,0,0,0,1,8.3,17.55,0,70,0.296875
7,wbtc_idiosyncratic_severe__balanced_crypto,wbtc_idiosyncratic_severe,balanced_crypto,ETH,liquidation_arrivals,128,0,0,6.5859375,2.05019826148,2.56754890749,10.6043260925,0,0,0,1,9.3,36.8,0,157,0.296875
7,wbtc_idiosyncratic_severe__balanced_crypto,wbtc_idiosyncratic_severe,balanced_crypto,ETH,selected_attempts,128,0,0,6.5859375,2.05019826148,2.56754890749,10.6043260925,0,0,0,1,9.3,36.8,0,157,0.296875
7,wbtc_idiosyncratic_severe__balanced_crypto,wbtc_idiosyncratic_severe,balanced_crypto,ETH,capacity_rejections,128,0,0,0,0,0,0,0,0,0,0,0,0,0,0,0
7,wbtc_idiosyncratic_severe__balanced_crypto,wbtc_idiosyncratic_severe,balanced_crypto,ETH,successful_closures,128,0,0,2.8359375,0.774277138099,1.31835430933,4.35352069067,0,0,0,1,8,13,0,61,0.296875
7,wbtc_idiosyncratic_severe__balanced_crypto,wbtc_idiosyncratic_severe,balanced_crypto,ETH,liquidated_debt,128,0,0,14367.053443,5528.93595599,3530.33896923,25203.7679167,0,0,0,675.40913144,7492.25945253,64948.8882359,0,455959.984458,0.296875
7,wbtc_idiosyncratic_severe__balanced_crypto,wbtc_idiosyncratic_severe,balanced_crypto,ETH,backlog_area,128,0,0,35130.7329126,14968.6074348,5792.26234037,64469.2034849,0,0,0,552.973217327,11370.682765,101879.983663,0,1279814.15127,0.2734375
7,wbtc_idiosyncratic_severe__balanced_crypto,wbtc_idiosyncratic_severe,balanced_crypto,ETH,active_bad_debt,128,0,0,0,0,0,0,0,0,0,0,0,0,0,0,0
7,wbtc_idiosyncratic_severe__balanced_crypto,wbtc_idiosyncratic_severe,balanced_crypto,ETH,realised_bad_debt,128,0,0,0,0,0,0,0,0,0,0,0,0,0,0,0
7,wbtc_idiosyncratic_severe__balanced_crypto,wbtc_idiosyncratic_severe,balanced_crypto,ETH,keeper_profit_proxy,128,0,0,1805.39715421,708.760209811,416.227142978,3194.56716544,0,0,0,65.5427901695,790.584792681,8072.76013967,0,58819.0149942,0.296875
7,wbtc_idiosyncratic_severe__balanced_crypto,wbtc_idiosyncratic_severe,balanced_crypto,ETH,exposure_normalised_liquidated_debt,128,0,0,0.0114936427544,0.0044231487648,0.00282427117538,0.0201630143334,0,0,0,0.000540327305152,0.00599380756202,0.0519591105887,0,0.364767987566,0.296875
7,wbtc_idiosyncratic_severe__balanced_crypto,wbtc_idiosyncratic_severe,balanced_crypto,ETH,exposure_normalised_backlog,128,0,0,0.0281045863301,0.0119748859479,0.00463380987229,0.0515753627879,0,0,0,0.000442378573861,0.00909654621201,0.0815039869306,0,1.02385132101,0.2734375
7,wbtc_idiosyncratic_severe__balanced_crypto,wbtc_idiosyncratic_severe,balanced_crypto,ETH,exposure_normalised_bad_debt,128,0,0,0,0,0,0,0,0,0,0,0,0,0,0,0
7,wbtc_idiosyncratic_severe__balanced_crypto,wbtc_idiosyncratic_severe,balanced_crypto,ETH,contribution_to_system_backlog,48,80,0,0.383776061204,0.0573907769281,0.271290138425,0.496261983983,0.234036953757,0,0,0.779656708923,1,1,0,1,0.729166666667
7,wbtc_idiosyncratic_severe__balanced_crypto,wbtc_idiosyncratic_severe,balanced_crypto,ETH,contribution_to_system_bad_debt,0,128,0,,,,,,,,,,,,,
7,wbtc_idiosyncratic_severe__balanced_crypto,wbtc_idiosyncratic_severe,balanced_crypto,ETH,displaced_candidates,128,0,0,0,0,0,0,0,0,0,0,0,0,0,0,0
7,wbtc_idiosyncratic_severe__balanced_crypto,wbtc_idiosyncratic_severe,balanced_crypto,STABLE,initial_debt_exposure,128,0,0,0,0,0,0,0,0,0,0,0,0,0,0,0
7,wbtc_idiosyncratic_severe__balanced_crypto,wbtc_idiosyncratic_severe,balanced_crypto,STABLE,unsafe_vault_count,128,0,0,0,0,0,0,0,0,0,0,0,0,0,0,0
7,wbtc_idiosyncratic_severe__balanced_crypto,wbtc_idiosyncratic_severe,balanced_crypto,STABLE,liquidation_arrivals,128,0,0,0,0,0,0,0,0,0,0,0,0,0,0,0
7,wbtc_idiosyncratic_severe__balanced_crypto,wbtc_idiosyncratic_severe,balanced_crypto,STABLE,selected_attempts,128,0,0,0,0,0,0,0,0,0,0,0,0,0,0,0
7,wbtc_idiosyncratic_severe__balanced_crypto,wbtc_idiosyncratic_severe,balanced_crypto,STABLE,capacity_rejections,128,0,0,0,0,0,0,0,0,0,0,0,0,0,0,0
7,wbtc_idiosyncratic_severe__balanced_crypto,wbtc_idiosyncratic_severe,balanced_crypto,STABLE,successful_closures,128,0,0,0,0,0,0,0,0,0,0,0,0,0,0,0
7,wbtc_idiosyncratic_severe__balanced_crypto,wbtc_idiosyncratic_severe,balanced_crypto,STABLE,liquidated_debt,128,0,0,0,0,0,0,0,0,0,0,0,0,0,0,0
7,wbtc_idiosyncratic_severe__balanced_crypto,wbtc_idiosyncratic_severe,balanced_crypto,STABLE,backlog_area,128,0,0,0,0,0,0,0,0,0,0,0,0,0,0,0
7,wbtc_idiosyncratic_severe__balanced_crypto,wbtc_idiosyncratic_severe,balanced_crypto,STABLE,active_bad_debt,128,0,0,0,0,0,0,0,0,0,0,0,0,0,0,0
7,wbtc_idiosyncratic_severe__balanced_crypto,wbtc_idiosyncratic_severe,balanced_crypto,STABLE,realised_bad_debt,128,0,0,0,0,0,0,0,0,0,0,0,0,0,0,0
7,wbtc_idiosyncratic_severe__balanced_crypto,wbtc_idiosyncratic_severe,balanced_crypto,STABLE,keeper_profit_proxy,128,0,0,0,0,0,0,0,0,0,0,0,0,0,0,0
7,wbtc_idiosyncratic_severe__balanced_crypto,wbtc_idiosyncratic_severe,balanced_crypto,STABLE,exposure_normalised_liquidated_debt,0,128,0,,,,,,,,,,,,,
7,wbtc_idiosyncratic_severe__balanced_crypto,wbtc_idiosyncratic_severe,balanced_crypto,STABLE,exposure_normalised_backlog,0,128,0,,,,,,,,,,,,,
7,wbtc_idiosyncratic_severe__balanced_crypto,wbtc_idiosyncratic_severe,balanced_crypto,STABLE,exposure_normalised_bad_debt,0,128,0,,,,,,,,,,,,,
7,wbtc_idiosyncratic_severe__balanced_crypto,wbtc_idiosyncratic_severe,balanced_crypto,STABLE,contribution_to_system_backlog,48,80,0,0,0,0,0,0,0,0,0,0,0,0,0,0
7,wbtc_idiosyncratic_severe__balanced_crypto,wbtc_idiosyncratic_severe,balanced_crypto,STABLE,contribution_to_system_bad_debt,0,128,0,,,,,,,,,,,,,
7,wbtc_idiosyncratic_severe__balanced_crypto,wbtc_idiosyncratic_severe,balanced_crypto,STABLE,displaced_candidates,128,0,0,0,0,0,0,0,0,0,0,0,0,0,0,0
7,wbtc_idiosyncratic_severe__balanced_crypto,wbtc_idiosyncratic_severe,balanced_crypto,WBTC,initial_debt_exposure,128,0,0,1250000,1.11079561201e-11,1250000,1250000,1250000,1250000,1250000,1250000,1250000,1250000,1250000,1250000,1
7,wbtc_idiosyncratic_severe__balanced_crypto,wbtc_idiosyncratic_severe,balanced_crypto,WBTC,unsafe_vault_count,128,0,0,2.78125,0.726073185816,1.3581465558,4.2043534442,0,0,0,2,8.6,11.65,0,69,0.34375
7,wbtc_idiosyncratic_severe__balanced_crypto,wbtc_idiosyncratic_severe,balanced_crypto,WBTC,liquidation_arrivals,128,0,0,2.7734375,0.736944676465,1.32902593413,4.21784906587,0,0,0,1,8.6,11.65,0,75,0.3125
7,wbtc_idiosyncratic_severe__balanced_crypto,wbtc_idiosyncratic_severe,balanced_crypto,WBTC,selected_attempts,128,0,0,2.7734375,0.736944676465,1.32902593413,4.21784906587,0,0,0,1,8.6,11.65,0,75,0.3125
7,wbtc_idiosyncratic_severe__balanced_crypto,wbtc_idiosyncratic_severe,balanced_crypto,WBTC,capacity_rejections,128,0,0,0,0,0,0,0,0,0,0,0,0,0,0,0
7,wbtc_idiosyncratic_severe__balanced_crypto,wbtc_idiosyncratic_severe,balanced_crypto,WBTC,successful_closures,128,0,0,2.578125,0.669076643588,1.26673477857,3.88951522143,0,0,0,1,8.6,11.65,0,65,0.3125
7,wbtc_idiosyncratic_severe__balanced_crypto,wbtc_idiosyncratic_severe,balanced_crypto,WBTC,liquidated_debt,128,0,0,13728.1709149,4579.33352756,4752.67720087,22703.6646289,0,0,0,1190.46901256,39119.6363139,67582.4460892,0,480579.471471,0.3125
7,wbtc_idiosyncratic_severe__balanced_crypto,wbtc_idiosyncratic_severe,balanced_crypto,WBTC,backlog_area,128,0,0,23718.5535426,7309.63200577,9391.67481124,38045.4322739,0,0,0,3446.69578213,42254.8437414,183585.4717,0,577196.308256,0.3125
7,wbtc_idiosyncratic_severe__balanced_crypto,wbtc_idiosyncratic_severe,balanced_crypto,WBTC,active_bad_debt,128,0,0,0,0,0,0,0,0,0,0,0,0,0,0,0
7,wbtc_idiosyncratic_severe__balanced_crypto,wbtc_idiosyncratic_severe,balanced_crypto,WBTC,realised_bad_debt,128,0,0,0,0,0,0,0,0,0,0,0,0,0,0,0
7,wbtc_idiosyncratic_severe__balanced_crypto,wbtc_idiosyncratic_severe,balanced_crypto,WBTC,keeper_profit_proxy,128,0,0,1703.2654592,566.487822974,592.949326171,2813.58159223,0,0,0,110.130790927,4996.90303927,8503.37688737,0,58768.1750715,0.3125
7,wbtc_idiosyncratic_severe__balanced_crypto,wbtc_idiosyncratic_severe,balanced_crypto,WBTC,exposure_normalised_liquidated_debt,128,0,0,0.0109825367319,0.00366346682205,0.0038021417607,0.0181629317031,0,0,0,0.000952375210048,0.0312957090511,0.0540659568714,0,0.384463577177,0.3125
7,wbtc_idiosyncratic_severe__balanced_crypto,wbtc_idiosyncratic_severe,balanced_crypto,WBTC,exposure_normalised_backlog,128,0,0,0.018974842834,0.00584770560462,0.00751333984899,0.0304363458191,0,0,0,0.0027573566257,0.0338038749931,0.14686837736,0,0.461757046605,0.3125
7,wbtc_idiosyncratic_severe__balanced_crypto,wbtc_idiosyncratic_severe,balanced_crypto,WBTC,exposure_normalised_bad_debt,128,0,0,0,0,0,0,0,0,0,0,0,0,0,0,0
7,wbtc_idiosyncratic_severe__balanced_crypto,wbtc_idiosyncratic_severe,balanced_crypto,WBTC,contribution_to_system_backlog,48,80,0,0.616223938796,0.0573907769281,0.503738016017,0.728709861575,0.765963046243,0,0.220343291077,1,1,1,0,1,0.833333333333
7,wbtc_idiosyncratic_severe__balanced_crypto,wbtc_idiosyncratic_severe,balanced_crypto,WBTC,contribution_to_system_bad_debt,0,128,0,,,,,,,,,,,,,
7,wbtc_idiosyncratic_severe__balanced_crypto,wbtc_idiosyncratic_severe,balanced_crypto,WBTC,displaced_candidates,128,0,0,0,0,0,0,0,0,0,0,0,0,0,0,0
8,wbtc_idiosyncratic_severe__stable_supported,wbtc_idiosyncratic_severe,stable_supported,ETH,initial_debt_exposure,128,0,0,1590738.96127,4.5616881074e-11,1590738.96127,1590738.96127,1590738.96127,1590738.96127,1590738.96127,1590738.96127,1590738.96127,1590738.96127,1590738.96127,1590738.96127,1
8,wbtc_idiosyncratic_severe__stable_supported,wbtc_idiosyncratic_severe,stable_supported,ETH,unsafe_vault_count,128,0,0,2.75,0.857172149856,1.06994258628,4.43005741372,0,0,0,0,8,14.95,0,74,0.1875
8,wbtc_idiosyncratic_severe__stable_supported,wbtc_idiosyncratic_severe,stable_supported,ETH,liquidation_arrivals,128,0,0,4.859375,1.7488302606,1.43166768922,8.28708231078,0,0,0,0,7.3,29.6,0,170,0.1640625
8,wbtc_idiosyncratic_severe__stable_supported,wbtc_idiosyncratic_severe,stable_supported,ETH,selected_attempts,128,0,0,4.859375,1.7488302606,1.43166768922,8.28708231078,0,0,0,0,7.3,29.6,0,170,0.1640625
8,wbtc_idiosyncratic_severe__stable_supported,wbtc_idiosyncratic_severe,stable_supported,ETH,capacity_rejections,128,0,0,0,0,0,0,0,0,0,0,0,0,0,0,0
8,wbtc_idiosyncratic_severe__stable_supported,wbtc_idiosyncratic_severe,stable_supported,ETH,successful_closures,128,0,0,2.484375,0.800389328785,0.915611915581,4.05313808442,0,0,0,0,6.3,14.95,0,72,0.1640625
8,wbtc_idiosyncratic_severe__stable_supported,wbtc_idiosyncratic_severe,stable_supported,ETH,liquidated_debt,128,0,0,14172.3182906,5442.15481566,3505.69485195,24838.9417293,0,0,0,0,7036.5348901,61914.7742466,0,404786.063168,0.1640625
8,wbtc_idiosyncratic_severe__stable_supported,wbtc_idiosyncratic_severe,stable_supported,ETH,backlog_area,128,0,0,26248.8081546,12746.0796411,1266.49205811,51231.1242511,0,0,0,0,12101.1703599,80338.3506594,0,1431084.48028,0.1875
8,wbtc_idiosyncratic_severe__stable_supported,wbtc_idiosyncratic_severe,stable_supported,ETH,active_bad_debt,128,0,0,0,0,0,0,0,0,0,0,0,0,0,0,0
8,wbtc_idiosyncratic_severe__stable_supported,wbtc_idiosyncratic_severe,stable_supported,ETH,realised_bad_debt,128,0,0,0,0,0,0,0,0,0,0,0,0,0,0,0
8,wbtc_idiosyncratic_severe__stable_supported,wbtc_idiosyncratic_severe,stable_supported,ETH,keeper_profit_proxy,128,0,0,1792.33345186,694.350900517,431.405686845,3153.26121687,0,0,0,0,746.960868431,7833.6300866,0,52162.9521927,0.1640625
8,wbtc_idiosyncratic_severe__stable_supported,wbtc_idiosyncratic_severe,stable_supported,ETH,exposure_normalised_liquidated_debt,128,0,0,0.00890926709891,0.00342114887995,0.00220381529421,0.0156147189036,0,0,0,0,0.00442343782443,0.0389220203653,0,0.25446416604,0.1640625
8,wbtc_idiosyncratic_severe__stable_supported,wbtc_idiosyncratic_severe,stable_supported,ETH,exposure_normalised_backlog,128,0,0,0.016501015436,0.0080126783535,0.000796165863128,0.0322058650088,0,0,0,0,0.00760726345085,0.0505037926493,0,0.899635021911,0.1875
8,wbtc_idiosyncratic_severe__stable_supported,wbtc_idiosyncratic_severe,stable_supported,ETH,exposure_normalised_bad_debt,128,0,0,0,0,0,0,0,0,0,0,0,0,0,0,0
8,wbtc_idiosyncratic_severe__stable_supported,wbtc_idiosyncratic_severe,stable_supported,ETH,contribution_to_system_backlog,27,101,0,0.79917097959,0.0650430205465,0.671686659318,0.926655299861,1,0,0.746416648817,1,1,1,0,1,0.888888888889
8,wbtc_idiosyncratic_severe__stable_supported,wbtc_idiosyncratic_severe,stable_supported,ETH,contribution_to_system_bad_debt,0,128,0,,,,,,,,,,,,,
8,wbtc_idiosyncratic_severe__stable_supported,wbtc_idiosyncratic_severe,stable_supported,ETH,displaced_candidates,128,0,0,0,0,0,0,0,0,0,0,0,0,0,0,0
8,wbtc_idiosyncratic_severe__stable_supported,wbtc_idiosyncratic_severe,stable_supported,STABLE,initial_debt_exposure,128,0,0,625000,8.41807441678e-12,625000,625000,625000,625000,625000,625000,625000,625000,625000,625000,1
8,wbtc_idiosyncratic_severe__stable_supported,wbtc_idiosyncratic_severe,stable_supported,STABLE,unsafe_vault_count,128,0,0,0,0,0,0,0,0,0,0,0,0,0,0,0
8,wbtc_idiosyncratic_severe__stable_supported,wbtc_idiosyncratic_severe,stable_supported,STABLE,liquidation_arrivals,128,0,0,0,0,0,0,0,0,0,0,0,0,0,0,0
8,wbtc_idiosyncratic_severe__stable_supported,wbtc_idiosyncratic_severe,stable_supported,STABLE,selected_attempts,128,0,0,0,0,0,0,0,0,0,0,0,0,0,0,0
8,wbtc_idiosyncratic_severe__stable_supported,wbtc_idiosyncratic_severe,stable_supported,STABLE,capacity_rejections,128,0,0,0,0,0,0,0,0,0,0,0,0,0,0,0
8,wbtc_idiosyncratic_severe__stable_supported,wbtc_idiosyncratic_severe,stable_supported,STABLE,successful_closures,128,0,0,0,0,0,0,0,0,0,0,0,0,0,0,0
8,wbtc_idiosyncratic_severe__stable_supported,wbtc_idiosyncratic_severe,stable_supported,STABLE,liquidated_debt,128,0,0,0,0,0,0,0,0,0,0,0,0,0,0,0
8,wbtc_idiosyncratic_severe__stable_supported,wbtc_idiosyncratic_severe,stable_supported,STABLE,backlog_area,128,0,0,0,0,0,0,0,0,0,0,0,0,0,0,0
8,wbtc_idiosyncratic_severe__stable_supported,wbtc_idiosyncratic_severe,stable_supported,STABLE,active_bad_debt,128,0,0,0,0,0,0,0,0,0,0,0,0,0,0,0
8,wbtc_idiosyncratic_severe__stable_supported,wbtc_idiosyncratic_severe,stable_supported,STABLE,realised_bad_debt,128,0,0,0,0,0,0,0,0,0,0,0,0,0,0,0
8,wbtc_idiosyncratic_severe__stable_supported,wbtc_idiosyncratic_severe,stable_supported,STABLE,keeper_profit_proxy,128,0,0,0,0,0,0,0,0,0,0,0,0,0,0,0
8,wbtc_idiosyncratic_severe__stable_supported,wbtc_idiosyncratic_severe,stable_supported,STABLE,exposure_normalised_liquidated_debt,128,0,0,0,0,0,0,0,0,0,0,0,0,0,0,0
8,wbtc_idiosyncratic_severe__stable_supported,wbtc_idiosyncratic_severe,stable_supported,STABLE,exposure_normalised_backlog,128,0,0,0,0,0,0,0,0,0,0,0,0,0,0,0
8,wbtc_idiosyncratic_severe__stable_supported,wbtc_idiosyncratic_severe,stable_supported,STABLE,exposure_normalised_bad_debt,128,0,0,0,0,0,0,0,0,0,0,0,0,0,0,0
8,wbtc_idiosyncratic_severe__stable_supported,wbtc_idiosyncratic_severe,stable_supported,STABLE,contribution_to_system_backlog,27,101,0,0,0,0,0,0,0,0,0,0,0,0,0,0
8,wbtc_idiosyncratic_severe__stable_supported,wbtc_idiosyncratic_severe,stable_supported,STABLE,contribution_to_system_bad_debt,0,128,0,,,,,,,,,,,,,
8,wbtc_idiosyncratic_severe__stable_supported,wbtc_idiosyncratic_severe,stable_supported,STABLE,displaced_candidates,128,0,0,0,0,0,0,0,0,0,0,0,0,0,0,0
8,wbtc_idiosyncratic_severe__stable_supported,wbtc_idiosyncratic_severe,stable_supported,WBTC,initial_debt_exposure,128,0,0,284261.038726,5.40178531601e-12,284261.038726,284261.038726,284261.038726,284261.038726,284261.038726,284261.038726,284261.038726,284261.038726,284261.038726,284261.038726,1
8,wbtc_idiosyncratic_severe__stable_supported,wbtc_idiosyncratic_severe,stable_supported,WBTC,unsafe_vault_count,128,0,0,0.3046875,0.111228927133,0.0866788028202,0.52269619718,0,0,0,0,0,2,0,11,0.09375
8,wbtc_idiosyncratic_severe__stable_supported,wbtc_idiosyncratic_severe,stable_supported,WBTC,liquidation_arrivals,128,0,0,0.296875,0.105437417882,0.0902176609518,0.503532339048,0,0,0,0,0,2,0,10,0.09375
8,wbtc_idiosyncratic_severe__stable_supported,wbtc_idiosyncratic_severe,stable_supported,WBTC,selected_attempts,128,0,0,0.296875,0.105437417882,0.0902176609518,0.503532339048,0,0,0,0,0,2,0,10,0.09375
8,wbtc_idiosyncratic_severe__stable_supported,wbtc_idiosyncratic_severe,stable_supported,WBTC,capacity_rejections,128,0,0,0,0,0,0,0,0,0,0,0,0,0,0,0
8,wbtc_idiosyncratic_severe__stable_supported,wbtc_idiosyncratic_severe,stable_supported,WBTC,successful_closures,128,0,0,0.265625,0.0995093617,0.070586651068,0.460663348932,0,0,0,0,0,2,0,10,0.09375
8,wbtc_idiosyncratic_severe__stable_supported,wbtc_idiosyncratic_severe,stable_supported,WBTC,liquidated_debt,128,0,0,2290.09066662,1279.44305185,-217.617715003,4797.79904824,0,0,0,0,0,4045.70286853,0,139313.755481,0.09375
8,wbtc_idiosyncratic_severe__stable_supported,wbtc_idiosyncratic_severe,stable_supported,WBTC,backlog_area,128,0,0,6071.77597492,3341.04491822,-476.672064788,12620.2240146,0,0,0,0,0,8772.55423369,0,358467.027323,0.09375
8,wbtc_idiosyncratic_severe__stable_supported,wbtc_idiosyncratic_severe,stable_supported,WBTC,active_bad_debt,128,0,0,0,0,0,0,0,0,0,0,0,0,0,0,0
8,wbtc_idiosyncratic_severe__stable_supported,wbtc_idiosyncratic_severe,stable_supported,WBTC,realised_bad_debt,128,0,0,0,0,0,0,0,0,0,0,0,0,0,0,0
8,wbtc_idiosyncratic_severe__stable_supported,wbtc_idiosyncratic_severe,stable_supported,WBTC,keeper_profit_proxy,128,0,0,288.32973322,163.611218556,-32.3482551497,609.007721591,0,0,0,0,0,490.752007931,0,17789.168331,0.09375
8,wbtc_idiosyncratic_severe__stable_supported,wbtc_idiosyncratic_severe,stable_supported,WBTC,exposure_normalised_liquidated_debt,128,0,0,0.00805629458361,0.00450094412369,-0.000765555898825,0.016878145066,0,0,0,0,0,0.014232350964,0,0.490090925247,0.09375
8,wbtc_idiosyncratic_severe__stable_supported,wbtc_idiosyncratic_severe,stable_supported,WBTC,exposure_normalised_backlog,128,0,0,0.0213598599447,0.0117534394907,-0.001676881457,0.0443966013465,0,0,0,0,0,0.030860909652,0,1.26104874917,0.09375
8,wbtc_idiosyncratic_severe__stable_supported,wbtc_idiosyncratic_severe,stable_supported,WBTC,exposure_normalised_bad_debt,128,0,0,0,0,0,0,0,0,0,0,0,0,0,0,0
8,wbtc_idiosyncratic_severe__stable_supported,wbtc_idiosyncratic_severe,stable_supported,WBTC,contribution_to_system_backlog,27,101,0,0.20082902041,0.0650430205465,0.0733447001392,0.328313340682,0,0,0,0.253583351183,0.80634584963,1,0,1,0.444444444444
8,wbtc_idiosyncratic_severe__stable_supported,wbtc_idiosyncratic_severe,stable_supported,WBTC,contribution_to_system_bad_debt,0,128,0,,,,,,,,,,,,,
8,wbtc_idiosyncratic_severe__stable_supported,wbtc_idiosyncratic_severe,stable_supported,WBTC,displaced_candidates,128,0,0,0,0,0,0,0,0,0,0,0,0,0,0,0
