cell_order,cell_identifier,shock,portfolio,metric,valid_replication_count,mean,standard_error,ci95_lower,ci95_upper,median,p05,p25,p75,p90,p95,minimum,maximum,positive_share,censoring_count,numerical_failure_count
1,eth_idiosyncratic_severe__eth_only,eth_idiosyncratic_severe,eth_only,realised_bad_debt_share,128,5.63439383736e-23,5.63439383736e-23,-5.40901808387e-23,1.66778057586e-22,0,0,0,0,0,0,0,7.21202411183e-21,0.0078125,0,0
1,eth_idiosyncratic_severe__eth_only,eth_idiosyncratic_severe,eth_only,positive_realised_bad_debt,128,0,0,0,0,0,0,0,0,0,0,0,0,0,0,0
1,eth_idiosyncratic_severe__eth_only,eth_idiosyncratic_severe,eth_only,active_bad_debt_share,128,0,0,0,0,0,0,0,0,0,0,0,0,0,0,0
1,eth_idiosyncratic_severe__eth_only,eth_idiosyncratic_severe,eth_only,unresolved_tab_share,128,2.12990417751e-06,2.07073634497e-06,-1.92873905863e-06,6.18854741365e-06,0,0,0,0,0,0,0,0.00026500463858,0.015625,0,0
1,eth_idiosyncratic_severe__eth_only,eth_idiosyncratic_severe,eth_only,backlog_area_share,128,0.0519888216502,0.0100422041337,0.0323061015481,0.0716715417523,0.00154864330216,0,0,0.041307157023,0.172462313296,0.290213228369,0,0.615642074138,0.640625,0,0
1,eth_idiosyncratic_severe__eth_only,eth_idiosyncratic_severe,eth_only,liquidated_debt_share,128,0.0315614653307,0.00578329367659,0.0202262097246,0.0428967209368,0.00100068934951,0,0,0.0210666555263,0.115963457301,0.178201513712,0,0.324635590841,0.6328125,0,0
1,eth_idiosyncratic_severe__eth_only,eth_idiosyncratic_severe,eth_only,debt_weighted_liquidated_vault_share,128,0.0315614653307,0.00578329367659,0.0202262097246,0.0428967209368,0.00100068934951,0,0,0.0210666555263,0.115963457301,0.178201513712,0,0.324635590841,0.6328125,0,0
1,eth_idiosyncratic_severe__eth_only,eth_idiosyncratic_severe,eth_only,successful_closure_count,128,13.59375,2.12072397187,9.43713101514,17.7503689849,2,0,0,16,35.8,68.2,0,119,0.6328125,0,0
1,eth_idiosyncratic_severe__eth_only,eth_idiosyncratic_severe,eth_only,capacity_rejected_opportunities,128,0.1640625,0.14913519724,-0.128242486591,0.456367486591,0,0,0,0,0,0,0,19,0.015625,0,0
1,eth_idiosyncratic_severe__eth_only,eth_idiosyncratic_severe,eth_only,below_peg_burden,128,0.26560363519,0.00454375447907,0.256697876411,0.274509393969,0.254728497773,0.189281453855,0.232235770874,0.299472255215,0.332279117942,0.348203949937,0.155835511292,0.423072833411,1,0,0
1,eth_idiosyncratic_severe__eth_only,eth_idiosyncratic_severe,eth_only,mean_absolute_peg_deviation,128,0.000614587264255,6.67212632206e-06,0.000601509896664,0.000627664631846,0.00061630151029,0.000482684860298,0.000561703447088,0.000657458893457,0.000723641570608,0.000760465596399,0.000445143471598,0.000781800612311,1,0,0
1,eth_idiosyncratic_severe__eth_only,eth_idiosyncratic_severe,eth_only,minimum_dai_price,128,0.995938327338,8.56288888862e-05,0.995770494716,0.99610615996,0.996036108228,0.994228414818,0.995192536345,0.996519817597,0.997253210565,0.997434173715,0.993694577318,0.997842442371,1,0,0
1,eth_idiosyncratic_severe__eth_only,eth_idiosyncratic_severe,eth_only,restricted_mean_recovery_time,128,62.2734375,13.9068439772,35.0160233048,89.5308516952,0,0,0,0,318.2,473.65,0,720,0.1796875,1,0
1,eth_idiosyncratic_severe__eth_only,eth_idiosyncratic_severe,eth_only,recovery_probability_720h,128,0.9921875,0.0078125,0.976875,1.0075,1,1,1,1,1,1,0,1,0.9921875,0,0
1,eth_idiosyncratic_severe__eth_only,eth_idiosyncratic_severe,eth_only,positive_demand_hours,128,9.71875,2.02244837478,5.75475118544,13.6827488146,2,0,0,7,24.6,54.85,0,136,0.6328125,0,0
1,eth_idiosyncratic_severe__eth_only,eth_idiosyncratic_severe,eth_only,binding_hours,128,0.015625,0.0110049592883,-0.00594472020506,0.0371947202051,0,0,0,0,0,0,0,1,0.015625,0,0
1,eth_idiosyncratic_severe__eth_only,eth_idiosyncratic_severe,eth_only,mean_capacity_utilisation,128,0.00146693042201,0.000297552478218,0.000883727564701,0.00205013327932,0.000160256410256,0,0,0.00118856837607,0.00377136752137,0.00893429487179,0,0.0242521367521,0.6328125,0,0
1,eth_idiosyncratic_severe__eth_only,eth_idiosyncratic_severe,eth_only,maximum_capacity_utilisation,128,0.191105769231,0.02154689591,0.148873853247,0.233337685214,0.0769230769231,0,0,0.307692307692,0.511538461538,0.730769230769,0,1,0.6328125,0,0
1,eth_idiosyncratic_severe__eth_only,eth_idiosyncratic_severe,eth_only,maximum_simultaneously_unsafe_families,128,0.6484375,0.0423675619299,0.565397078617,0.731477921383,1,0,0,1,1,1,0,1,0.6484375,0,0
1,eth_idiosyncratic_severe__eth_only,eth_idiosyncratic_severe,eth_only,maximum_backlog_duration,128,14.2734375,3.26698534788,7.87014621816,20.6767287818,3,0,0,7,29,89.6,0,263,0.640625,0,0
2,eth_idiosyncratic_severe__empirical_crypto,eth_idiosyncratic_severe,empirical_crypto,realised_bad_debt_share,128,0,0,0,0,0,0,0,0,0,0,0,0,0,0,0
2,eth_idiosyncratic_severe__empirical_crypto,eth_idiosyncratic_severe,empirical_crypto,positive_realised_bad_debt,128,0,0,0,0,0,0,0,0,0,0,0,0,0,0,0
2,eth_idiosyncratic_severe__empirical_crypto,eth_idiosyncratic_severe,empirical_crypto,active_bad_debt_share,128,0,0,0,0,0,0,0,0,0,0,0,0,0,0,0
2,eth_idiosyncratic_severe__empirical_crypto,eth_idiosyncratic_severe,empirical_crypto,unresolved_tab_share,128,1.51136365641e-06,1.51136365641e-06,-1.45090911016e-06,4.47363642299e-06,0,0,0,0,0,0,0,0.000193454548021,0.0078125,0,0
2,eth_idiosyncratic_severe__empirical_crypto,eth_idiosyncratic_severe,empirical_crypto,backlog_area_share,128,0.045502430326,0.011041934424,0.0238602388551,0.067144621797,0.000648403657249,0,0,0.0165407500215,0.119475786691,0.269020832548,0,0.786519697087,0.5390625,0,0
2,eth_idiosyncratic_severe__empirical_crypto,eth_idiosyncratic_severe,empirical_crypto,liquidated_debt_share,128,0.0293444344591,0.00592735470031,0.0177268192465,0.0409620496717,0.000735193978523,0,0,0.0103782574584,0.118459717018,0.218037887051,0,0.31856182199,0.5859375,0,0
2,eth_idiosyncratic_severe__empirical_crypto,eth_idiosyncratic_severe,empirical_crypto,debt_weighted_liquidated_vault_share,128,0.0293444344591,0.00592735470031,0.0177268192465,0.0409620496717,0.000735193978523,0,0,0.0103782574584,0.118459717018,0.218037887051,0,0.31856182199,0.5859375,0,0
2,eth_idiosyncratic_severe__empirical_crypto,eth_idiosyncratic_severe,empirical_crypto,successful_closure_count,128,10.203125,1.77843045513,6.71740130794,13.6888486921,1,0,0,12,28.6,45.1,0,117,0.5859375,0,0
2,eth_idiosyncratic_severe__empirical_crypto,eth_idiosyncratic_severe,empirical_crypto,capacity_rejected_opportunities,128,0.140625,0.140625,-0.135,0.41625,0,0,0,0,0,0,0,18,0.0078125,0,0
2,eth_idiosyncratic_severe__empirical_crypto,eth_idiosyncratic_severe,empirical_crypto,below_peg_burden,128,0.26560363519,0.00454375447907,0.256697876411,0.274509393969,0.254728497773,0.189281453855,0.232235770874,0.299472255215,0.332279117942,0.348203949937,0.155835511292,0.423072833411,1,0,0
2,eth_idiosyncratic_severe__empirical_crypto,eth_idiosyncratic_severe,empirical_crypto,mean_absolute_peg_deviation,128,0.000614587264255,6.67212632206e-06,0.000601509896664,0.000627664631846,0.00061630151029,0.000482684860298,0.000561703447088,0.000657458893457,0.000723641570608,0.000760465596399,0.000445143471598,0.000781800612311,1,0,0
2,eth_idiosyncratic_severe__empirical_crypto,eth_idiosyncratic_severe,empirical_crypto,minimum_dai_price,128,0.995938327338,8.56288888862e-05,0.995770494716,0.99610615996,0.996036108228,0.994228414818,0.995192536345,0.996519817597,0.997253210565,0.997434173715,0.993694577318,0.997842442371,1,0,0
2,eth_idiosyncratic_severe__empirical_crypto,eth_idiosyncratic_severe,empirical_crypto,restricted_mean_recovery_time,128,62.2734375,13.9068439772,35.0160233048,89.5308516952,0,0,0,0,318.2,473.65,0,720,0.1796875,1,0
2,eth_idiosyncratic_severe__empirical_crypto,eth_idiosyncratic_severe,empirical_crypto,recovery_probability_720h,128,0.9921875,0.0078125,0.976875,1.0075,1,1,1,1,1,1,0,1,0.9921875,0,0
2,eth_idiosyncratic_severe__empirical_crypto,eth_idiosyncratic_severe,empirical_crypto,positive_demand_hours,128,6.375,1.22900678483,3.96614670173,8.78385329827,1,0,0,6,13,42.9,0,74,0.59375,0,0
2,eth_idiosyncratic_severe__empirical_crypto,eth_idiosyncratic_severe,empirical_crypto,binding_hours,128,0.0078125,0.0078125,-0.0075,0.023125,0,0,0,0,0,0,0,1,0.0078125,0,0
2,eth_idiosyncratic_severe__empirical_crypto,eth_idiosyncratic_severe,empirical_crypto,mean_capacity_utilisation,128,0.000935246394231,0.000202771403934,0.000537814442519,0.00133267834594,0.000106837606838,0,0,0.000854700854701,0.00186965811966,0.00576655982906,0,0.0149038461538,0.59375,0,0
2,eth_idiosyncratic_severe__empirical_crypto,eth_idiosyncratic_severe,empirical_crypto,maximum_capacity_utilisation,128,0.138521634615,0.0177306109281,0.103769637196,0.173273632034,0.0384615384615,0,0,0.230769230769,0.384615384615,0.525,0,1,0.59375,0,0
2,eth_idiosyncratic_severe__empirical_crypto,eth_idiosyncratic_severe,empirical_crypto,maximum_simultaneously_unsafe_families,128,0.75,0.0617573993782,0.628955497219,0.871044502781,1,0,0,1,2,2,0,2,0.6015625,0,0
2,eth_idiosyncratic_severe__empirical_crypto,eth_idiosyncratic_severe,empirical_crypto,maximum_backlog_duration,128,7.6015625,1.70586715672,4.25806287283,10.9450621272,1,0,0,6,14.3,37.95,0,108,0.5390625,0,0
3,eth_idiosyncratic_severe__balanced_crypto,eth_idiosyncratic_severe,balanced_crypto,realised_bad_debt_share,128,0,0,0,0,0,0,0,0,0,0,0,0,0,0,0
3,eth_idiosyncratic_severe__balanced_crypto,eth_idiosyncratic_severe,balanced_crypto,positive_realised_bad_debt,128,0,0,0,0,0,0,0,0,0,0,0,0,0,0,0
3,eth_idiosyncratic_severe__balanced_crypto,eth_idiosyncratic_severe,balanced_crypto,active_bad_debt_share,128,0,0,0,0,0,0,0,0,0,0,0,0,0,0,0
3,eth_idiosyncratic_severe__balanced_crypto,eth_idiosyncratic_severe,balanced_crypto,unresolved_tab_share,128,6.25241842545e-07,6.25241842545e-07,-6.00232168844e-07,1.85071585393e-06,0,0,0,0,0,0,0,8.00309558458e-05,0.0078125,0,0
3,eth_idiosyncratic_severe__balanced_crypto,eth_idiosyncratic_severe,balanced_crypto,backlog_area_share,128,0.0249176657885,0.00905912511264,0.0071617805677,0.0426735510092,0,0,0,0.00352421415594,0.0259967889656,0.0940339773977,0,0.794453657018,0.4140625,0,0
3,eth_idiosyncratic_severe__balanced_crypto,eth_idiosyncratic_severe,balanced_crypto,liquidated_debt_share,128,0.0120005155465,0.0035783053319,0.00498703709595,0.019013993997,0,0,0,0.00118119365588,0.029853327816,0.0688887602815,0,0.253977114486,0.4296875,0,0
3,eth_idiosyncratic_severe__balanced_crypto,eth_idiosyncratic_severe,balanced_crypto,debt_weighted_liquidated_vault_share,128,0.0120005155465,0.0035783053319,0.00498703709595,0.019013993997,0,0,0,0.00118119365588,0.029853327816,0.0688887602815,0,0.253977114486,0.4296875,0,0
3,eth_idiosyncratic_severe__balanced_crypto,eth_idiosyncratic_severe,balanced_crypto,successful_closure_count,128,5.6015625,1.39071813449,2.8757549564,8.3273700436,0,0,0,4,12,29.5,0,126,0.4296875,0,0
3,eth_idiosyncratic_severe__balanced_crypto,eth_idiosyncratic_severe,balanced_crypto,capacity_rejected_opportunities,128,0,0,0,0,0,0,0,0,0,0,0,0,0,0,0
3,eth_idiosyncratic_severe__balanced_crypto,eth_idiosyncratic_severe,balanced_crypto,below_peg_burden,128,0.26560363519,0.00454375447907,0.256697876411,0.274509393969,0.254728497773,0.189281453855,0.232235770874,0.299472255215,0.332279117942,0.348203949937,0.155835511292,0.423072833411,1,0,0
3,eth_idiosyncratic_severe__balanced_crypto,eth_idiosyncratic_severe,balanced_crypto,mean_absolute_peg_deviation,128,0.000614587264255,6.67212632206e-06,0.000601509896664,0.000627664631846,0.00061630151029,0.000482684860298,0.000561703447088,0.000657458893457,0.000723641570608,0.000760465596399,0.000445143471598,0.000781800612311,1,0,0
3,eth_idiosyncratic_severe__balanced_crypto,eth_idiosyncratic_severe,balanced_crypto,minimum_dai_price,128,0.995938327338,8.56288888862e-05,0.995770494716,0.99610615996,0.996036108228,0.994228414818,0.995192536345,0.996519817597,0.997253210565,0.997434173715,0.993694577318,0.997842442371,1,0,0
3,eth_idiosyncratic_severe__balanced_crypto,eth_idiosyncratic_severe,balanced_crypto,restricted_mean_recovery_time,128,62.2734375,13.9068439772,35.0160233048,89.5308516952,0,0,0,0,318.2,473.65,0,720,0.1796875,1,0
3,eth_idiosyncratic_severe__balanced_crypto,eth_idiosyncratic_severe,balanced_crypto,recovery_probability_720h,128,0.9921875,0.0078125,0.976875,1.0075,1,1,1,1,1,1,0,1,0.9921875,0,0
3,eth_idiosyncratic_severe__balanced_crypto,eth_idiosyncratic_severe,balanced_crypto,positive_demand_hours,128,4.125,1.03232689537,2.10163928508,6.14836071492,0,0,0,3,7,19.95,0,73,0.4296875,0,0
3,eth_idiosyncratic_severe__balanced_crypto,eth_idiosyncratic_severe,balanced_crypto,binding_hours,128,0,0,0,0,0,0,0,0,0,0,0,0,0,0,0
3,eth_idiosyncratic_severe__balanced_crypto,eth_idiosyncratic_severe,balanced_crypto,mean_capacity_utilisation,128,0.000519163995726,0.000145061847862,0.000234842773917,0.000803485217536,0,0,0,0.000320512820513,0.000747863247863,0.0023985042735,0,0.0119658119658,0.4296875,0,0
3,eth_idiosyncratic_severe__balanced_crypto,eth_idiosyncratic_severe,balanced_crypto,maximum_capacity_utilisation,128,0.0739182692308,0.0123542009492,0.0497040353704,0.0981325030912,0,0,0,0.0865384615385,0.203846153846,0.332692307692,0,0.807692307692,0.4296875,0,0
3,eth_idiosyncratic_severe__balanced_crypto,eth_idiosyncratic_severe,balanced_crypto,maximum_simultaneously_unsafe_families,128,0.5859375,0.0651763051779,0.458191941851,0.713683058149,0,0,0,1,2,2,0,2,0.4375,0,0
3,eth_idiosyncratic_severe__balanced_crypto,eth_idiosyncratic_severe,balanced_crypto,maximum_backlog_duration,128,4.8671875,1.40751511744,2.10845786982,7.62591713018,0,0,0,3,8,15.3,0,127,0.4140625,0,0
4,eth_idiosyncratic_severe__stable_supported,eth_idiosyncratic_severe,stable_supported,realised_bad_debt_share,128,0,0,0,0,0,0,0,0,0,0,0,0,0,0,0
4,eth_idiosyncratic_severe__stable_supported,eth_idiosyncratic_severe,stable_supported,positive_realised_bad_debt,128,0,0,0,0,0,0,0,0,0,0,0,0,0,0,0
4,eth_idiosyncratic_severe__stable_supported,eth_idiosyncratic_severe,stable_supported,active_bad_debt_share,128,0,0,0,0,0,0,0,0,0,0,0,0,0,0,0
4,eth_idiosyncratic_severe__stable_supported,eth_idiosyncratic_severe,stable_supported,unresolved_tab_share,128,8.68911992187e-08,8.68911992187e-08,-8.34155512499e-08,2.57197949687e-07,0,0,0,0,0,0,0,1.11220735e-05,0.0078125,0,0
4,eth_idiosyncratic_severe__stable_supported,eth_idiosyncratic_severe,stable_supported,backlog_area_share,128,0.0150270206058,0.0058042353516,0.00365071931664,0.0264033218949,0,0,0,0.000145559375232,0.0108991978335,0.0703170657972,0,0.569019333527,0.2578125,0,0
4,eth_idiosyncratic_severe__stable_supported,eth_idiosyncratic_severe,stable_supported,liquidated_debt_share,128,0.00803019523715,0.00255848943752,0.00301555593961,0.0130448345347,0,0,0,0,0.0109870339331,0.04916735286,0,0.173833927042,0.234375,0,0
4,eth_idiosyncratic_severe__stable_supported,eth_idiosyncratic_severe,stable_supported,debt_weighted_liquidated_vault_share,128,0.00803019523715,0.00255848943752,0.00301555593961,0.0130448345347,0,0,0,0,0.0109870339331,0.04916735286,0,0.173833927042,0.234375,0,0
4,eth_idiosyncratic_severe__stable_supported,eth_idiosyncratic_severe,stable_supported,successful_closure_count,128,3.2578125,0.889104965393,1.51516676783,5.00045823217,0,0,0,0,9,17,0,82,0.234375,0,0
4,eth_idiosyncratic_severe__stable_supported,eth_idiosyncratic_severe,stable_supported,capacity_rejected_opportunities,128,0,0,0,0,0,0,0,0,0,0,0,0,0,0,0
4,eth_idiosyncratic_severe__stable_supported,eth_idiosyncratic_severe,stable_supported,below_peg_burden,128,0.26560363519,0.00454375447907,0.256697876411,0.274509393969,0.254728497773,0.189281453855,0.232235770874,0.299472255215,0.332279117942,0.348203949937,0.155835511292,0.423072833411,1,0,0
4,eth_idiosyncratic_severe__stable_supported,eth_idiosyncratic_severe,stable_supported,mean_absolute_peg_deviation,128,0.000614587264255,6.67212632206e-06,0.000601509896664,0.000627664631846,0.00061630151029,0.000482684860298,0.000561703447088,0.000657458893457,0.000723641570608,0.000760465596399,0.000445143471598,0.000781800612311,1,0,0
4,eth_idiosyncratic_severe__stable_supported,eth_idiosyncratic_severe,stable_supported,minimum_dai_price,128,0.995938327338,8.56288888862e-05,0.995770494716,0.99610615996,0.996036108228,0.994228414818,0.995192536345,0.996519817597,0.997253210565,0.997434173715,0.993694577318,0.997842442371,1,0,0
4,eth_idiosyncratic_severe__stable_supported,eth_idiosyncratic_severe,stable_supported,restricted_mean_recovery_time,128,62.2734375,13.9068439772,35.0160233048,89.5308516952,0,0,0,0,318.2,473.65,0,720,0.1796875,1,0
4,eth_idiosyncratic_severe__stable_supported,eth_idiosyncratic_severe,stable_supported,recovery_probability_720h,128,0.9921875,0.0078125,0.976875,1.0075,1,1,1,1,1,1,0,1,0.9921875,0,0
4,eth_idiosyncratic_severe__stable_supported,eth_idiosyncratic_severe,stable_supported,positive_demand_hours,128,2.3984375,0.684953214441,1.0559291997,3.7409458003,0,0,0,0,5,18.95,0,64,0.2421875,0,0
4,eth_idiosyncratic_severe__stable_supported,eth_idiosyncratic_severe,stable_supported,binding_hours,128,0,0,0,0,0,0,0,0,0,0,0,0,0,0,0
4,eth_idiosyncratic_severe__stable_supported,eth_idiosyncratic_severe,stable_supported,mean_capacity_utilisation,128,0.000338458199786,0.000109261984181,0.000124304710792,0.000552611688781,0,0,0,0,0.000550213675214,0.00231036324786,0,0.0109508547009,0.2421875,0,0
4,eth_idiosyncratic_severe__stable_supported,eth_idiosyncratic_severe,stable_supported,maximum_capacity_utilisation,128,0.0510817307692,0.0107597133814,0.0299926925417,0.0721707689968,0,0,0,0,0.192307692308,0.332692307692,0,0.769230769231,0.2421875,0,0
4,eth_idiosyncratic_severe__stable_supported,eth_idiosyncratic_severe,stable_supported,maximum_simultaneously_unsafe_families,128,0.3203125,0.0507492990793,0.220843873805,0.419781126195,0,0,0,1,1,1.65,0,2,0.265625,0,0
4,eth_idiosyncratic_severe__stable_supported,eth_idiosyncratic_severe,stable_supported,maximum_backlog_duration,128,3.2734375,1.08557985316,1.14570098781,5.40117401219,0,0,0,1,7.3,16.3,0,111,0.2578125,0,0
5,wbtc_idiosyncratic_severe__eth_only,wbtc_idiosyncratic_severe,eth_only,realised_bad_debt_share,128,5.63439383736e-23,5.63439383736e-23,-5.40901808387e-23,1.66778057586e-22,0,0,0,0,0,0,0,7.21202411183e-21,0.0078125,0,0
5,wbtc_idiosyncratic_severe__eth_only,wbtc_idiosyncratic_severe,eth_only,positive_realised_bad_debt,128,0,0,0,0,0,0,0,0,0,0,0,0,0,0,0
5,wbtc_idiosyncratic_severe__eth_only,wbtc_idiosyncratic_severe,eth_only,active_bad_debt_share,128,0,0,0,0,0,0,0,0,0,0,0,0,0,0,0
5,wbtc_idiosyncratic_severe__eth_only,wbtc_idiosyncratic_severe,eth_only,unresolved_tab_share,128,2.12990417751e-06,2.07073634497e-06,-1.92873905863e-06,6.18854741365e-06,0,0,0,0,0,0,0,0.00026500463858,0.015625,0,0
5,wbtc_idiosyncratic_severe__eth_only,wbtc_idiosyncratic_severe,eth_only,backlog_area_share,128,0.0373118204182,0.00895326659666,0.0197634178887,0.0548602229476,0,0,0,0.00936800662701,0.129602238279,0.277557615609,0,0.67213023231,0.421875,0,0
5,wbtc_idiosyncratic_severe__eth_only,wbtc_idiosyncratic_severe,eth_only,liquidated_debt_share,128,0.0240290260578,0.00540669859828,0.0134318968052,0.0346261553104,0,0,0,0.00561720546137,0.102528344209,0.144153936884,0,0.324635590841,0.4375,0,0
5,wbtc_idiosyncratic_severe__eth_only,wbtc_idiosyncratic_severe,eth_only,debt_weighted_liquidated_vault_share,128,0.0240290260578,0.00540669859828,0.0134318968052,0.0346261553104,0,0,0,0.00561720546137,0.102528344209,0.144153936884,0,0.324635590841,0.4375,0,0
5,wbtc_idiosyncratic_severe__eth_only,wbtc_idiosyncratic_severe,eth_only,successful_closure_count,128,11.0625,2.13383267383,6.88018795929,15.2448120407,0,0,0,9,34.5,68.2,0,119,0.4375,0,0
5,wbtc_idiosyncratic_severe__eth_only,wbtc_idiosyncratic_severe,eth_only,capacity_rejected_opportunities,128,0.03125,0.03125,-0.03,0.0925,0,0,0,0,0,0,0,4,0.0078125,0,0
5,wbtc_idiosyncratic_severe__eth_only,wbtc_idiosyncratic_severe,eth_only,below_peg_burden,128,0.26560363519,0.00454375447907,0.256697876411,0.274509393969,0.254728497773,0.189281453855,0.232235770874,0.299472255215,0.332279117942,0.348203949937,0.155835511292,0.423072833411,1,0,0
5,wbtc_idiosyncratic_severe__eth_only,wbtc_idiosyncratic_severe,eth_only,mean_absolute_peg_deviation,128,0.000614587264255,6.67212632206e-06,0.000601509896664,0.000627664631846,0.00061630151029,0.000482684860298,0.000561703447088,0.000657458893457,0.000723641570608,0.000760465596399,0.000445143471598,0.000781800612311,1,0,0
5,wbtc_idiosyncratic_severe__eth_only,wbtc_idiosyncratic_severe,eth_only,minimum_dai_price,128,0.995938327338,8.56288888862e-05,0.995770494716,0.99610615996,0.996036108228,0.994228414818,0.995192536345,0.996519817597,0.997253210565,0.997434173715,0.993694577318,0.997842442371,1,0,0
5,wbtc_idiosyncratic_severe__eth_only,wbtc_idiosyncratic_severe,eth_only,restricted_mean_recovery_time,128,62.2734375,13.9068439772,35.0160233048,89.5308516952,0,0,0,0,318.2,473.65,0,720,0.1796875,1,0
5,wbtc_idiosyncratic_severe__eth_only,wbtc_idiosyncratic_severe,eth_only,recovery_probability_720h,128,0.9921875,0.0078125,0.976875,1.0075,1,1,1,1,1,1,0,1,0.9921875,0,0
5,wbtc_idiosyncratic_severe__eth_only,wbtc_idiosyncratic_severe,eth_only,positive_demand_hours,128,10.03125,2.14960676396,5.81802074264,14.2444792574,0,0,0,6.5,20.9,74.65,0,120,0.4375,0,0
5,wbtc_idiosyncratic_severe__eth_only,wbtc_idiosyncratic_severe,eth_only,binding_hours,128,0.0078125,0.0078125,-0.0075,0.023125,0,0,0,0,0,0,0,1,0.0078125,0,0
5,wbtc_idiosyncratic_severe__eth_only,wbtc_idiosyncratic_severe,eth_only,mean_capacity_utilisation,128,0.00133547008547,0.000287138295456,0.000772679026377,0.00189826114456,0,0,0,0.000761217948718,0.00343482905983,0.00955662393162,0,0.0191239316239,0.4375,0,0
5,wbtc_idiosyncratic_severe__eth_only,wbtc_idiosyncratic_severe,eth_only,maximum_capacity_utilisation,128,0.122596153846,0.0190202265548,0.0853165097988,0.159875797893,0,0,0,0.153846153846,0.423076923077,0.638461538462,0,1,0.4375,0,0
5,wbtc_idiosyncratic_severe__eth_only,wbtc_idiosyncratic_severe,eth_only,maximum_simultaneously_unsafe_families,128,0.453125,0.0441724193686,0.366547058038,0.539702941962,0,0,0,1,1,1,0,1,0.453125,0,0
5,wbtc_idiosyncratic_severe__eth_only,wbtc_idiosyncratic_severe,eth_only,maximum_backlog_duration,128,14.90625,3.66960135463,7.71383134493,22.0986686551,0,0,0,6,33.7,99.3,0,263,0.421875,0,0
6,wbtc_idiosyncratic_severe__empirical_crypto,wbtc_idiosyncratic_severe,empirical_crypto,realised_bad_debt_share,128,6.13959888812e-23,6.13959888812e-23,-5.89401493259e-23,1.81732127088e-22,0,0,0,0,0,0,0,7.85868657679e-21,0.0078125,0,0
6,wbtc_idiosyncratic_severe__empirical_crypto,wbtc_idiosyncratic_severe,empirical_crypto,positive_realised_bad_debt,128,0,0,0,0,0,0,0,0,0,0,0,0,0,0,0
6,wbtc_idiosyncratic_severe__empirical_crypto,wbtc_idiosyncratic_severe,empirical_crypto,active_bad_debt_share,128,0,0,0,0,0,0,0,0,0,0,0,0,0,0,0
6,wbtc_idiosyncratic_severe__empirical_crypto,wbtc_idiosyncratic_severe,empirical_crypto,unresolved_tab_share,128,1.48707441687e-05,1.34327696744e-05,-1.14574843931e-05,4.11989727304e-05,0,0,0,0,0,0,0,0.00171000070557,0.015625,0,0
6,wbtc_idiosyncratic_severe__empirical_crypto,wbtc_idiosyncratic_severe,empirical_crypto,backlog_area_share,128,0.0344592503606,0.00903926148558,0.0167422978488,0.0521762028723,0,0,0,0.00605850557156,0.0789986930411,0.247666575286,0,0.669393624455,0.4375,0,0
6,wbtc_idiosyncratic_severe__empirical_crypto,wbtc_idiosyncratic_severe,empirical_crypto,liquidated_debt_share,128,0.0216228816137,0.00502227680601,0.0117792190739,0.0314665441534,0,0,0,0.00602579200176,0.0712862620927,0.142460469719,0,0.31856182199,0.4375,0,0
6,wbtc_idiosyncratic_severe__empirical_crypto,wbtc_idiosyncratic_severe,empirical_crypto,debt_weighted_liquidated_vault_share,128,0.0216228816137,0.00502227680601,0.0117792190739,0.0314665441534,0,0,0,0.00602579200176,0.0712862620927,0.142460469719,0,0.31856182199,0.4375,0,0
6,wbtc_idiosyncratic_severe__empirical_crypto,wbtc_idiosyncratic_severe,empirical_crypto,successful_closure_count,128,8.75,1.77575258527,5.26952493287,12.2304750671,0,0,0,6.25,28,44.05,0,117,0.4375,0,0
6,wbtc_idiosyncratic_severe__empirical_crypto,wbtc_idiosyncratic_severe,empirical_crypto,capacity_rejected_opportunities,128,0,0,0,0,0,0,0,0,0,0,0,0,0,0,0
6,wbtc_idiosyncratic_severe__empirical_crypto,wbtc_idiosyncratic_severe,empirical_crypto,below_peg_burden,128,0.26560363519,0.00454375447907,0.256697876411,0.274509393969,0.254728497773,0.189281453855,0.232235770874,0.299472255215,0.332279117942,0.348203949937,0.155835511292,0.423072833411,1,0,0
6,wbtc_idiosyncratic_severe__empirical_crypto,wbtc_idiosyncratic_severe,empirical_crypto,mean_absolute_peg_deviation,128,0.000614587264255,6.67212632206e-06,0.000601509896664,0.000627664631846,0.00061630151029,0.000482684860298,0.000561703447088,0.000657458893457,0.000723641570608,0.000760465596399,0.000445143471598,0.000781800612311,1,0,0
6,wbtc_idiosyncratic_severe__empirical_crypto,wbtc_idiosyncratic_severe,empirical_crypto,minimum_dai_price,128,0.995938327338,8.56288888862e-05,0.995770494716,0.99610615996,0.996036108228,0.994228414818,0.995192536345,0.996519817597,0.997253210565,0.997434173715,0.993694577318,0.997842442371,1,0,0
6,wbtc_idiosyncratic_severe__empirical_crypto,wbtc_idiosyncratic_severe,empirical_crypto,restricted_mean_recovery_time,128,62.2734375,13.9068439772,35.0160233048,89.5308516952,0,0,0,0,318.2,473.65,0,720,0.1796875,1,0
6,wbtc_idiosyncratic_severe__empirical_crypto,wbtc_idiosyncratic_severe,empirical_crypto,recovery_probability_720h,128,0.9921875,0.0078125,0.976875,1.0075,1,1,1,1,1,1,0,1,0.9921875,0,0
6,wbtc_idiosyncratic_severe__empirical_crypto,wbtc_idiosyncratic_severe,empirical_crypto,positive_demand_hours,128,5.953125,1.23996262242,3.52279826006,8.38345173994,0,0,0,5,14.6,32.95,0,73,0.4375,0,0
6,wbtc_idiosyncratic_severe__empirical_crypto,wbtc_idiosyncratic_severe,empirical_crypto,binding_hours,128,0,0,0,0,0,0,0,0,0,0,0,0,0,0,0
6,wbtc_idiosyncratic_severe__empirical_crypto,wbtc_idiosyncratic_severe,empirical_crypto,mean_capacity_utilisation,128,0.000853031517094,0.000200299425917,0.000460444642296,0.00124561839189,0,0,0,0.000480769230769,0.00198183760684,0.00576923076923,0,0.0126602564103,0.4375,0,0
6,wbtc_idiosyncratic_severe__empirical_crypto,wbtc_idiosyncratic_severe,empirical_crypto,maximum_capacity_utilisation,128,0.0961538461538,0.0153995139097,0.0659707988909,0.126336893417,0,0,0,0.115384615385,0.269230769231,0.423076923077,0,0.923076923077,0.4375,0,0
6,wbtc_idiosyncratic_severe__empirical_crypto,wbtc_idiosyncratic_severe,empirical_crypto,maximum_simultaneously_unsafe_families,128,0.640625,0.0699183781375,0.503584978851,0.777665021149,0,0,0,1,2,2,0,2,0.4453125,0,0
6,wbtc_idiosyncratic_severe__empirical_crypto,wbtc_idiosyncratic_severe,empirical_crypto,maximum_backlog_duration,128,6.0234375,1.33741881256,3.40209662739,8.64477837261,0,0,0,5,14,34.25,0,108,0.4375,0,0
7,wbtc_idiosyncratic_severe__balanced_crypto,wbtc_idiosyncratic_severe,balanced_crypto,realised_bad_debt_share,128,0,0,0,0,0,0,0,0,0,0,0,0,0,0,0
7,wbtc_idiosyncratic_severe__balanced_crypto,wbtc_idiosyncratic_severe,balanced_crypto,positive_realised_bad_debt,128,0,0,0,0,0,0,0,0,0,0,0,0,0,0,0
7,wbtc_idiosyncratic_severe__balanced_crypto,wbtc_idiosyncratic_severe,balanced_crypto,active_bad_debt_share,128,0,0,0,0,0,0,0,0,0,0,0,0,0,0,0
7,wbtc_idiosyncratic_severe__balanced_crypto,wbtc_idiosyncratic_severe,balanced_crypto,unresolved_tab_share,128,6.25241842545e-07,6.25241842545e-07,-6.00232168844e-07,1.85071585393e-06,0,0,0,0,0,0,0,8.00309558458e-05,0.0078125,0,0
7,wbtc_idiosyncratic_severe__balanced_crypto,wbtc_idiosyncratic_severe,balanced_crypto,backlog_area_share,128,0.0235397145821,0.00768777239002,0.00847168069763,0.0386077484665,0,0,0,0.00331952383563,0.0268381659397,0.127682576201,0,0.597710732662,0.375,0,0
7,wbtc_idiosyncratic_severe__balanced_crypto,wbtc_idiosyncratic_severe,balanced_crypto,liquidated_debt_share,128,0.0112380897431,0.0035351113344,0.00430927152773,0.0181669079586,0,0,0,0.00125993052276,0.0186896660291,0.0536242095231,0,0.253977114486,0.3984375,0,0
7,wbtc_idiosyncratic_severe__balanced_crypto,wbtc_idiosyncratic_severe,balanced_crypto,debt_weighted_liquidated_vault_share,128,0.0112380897431,0.0035351113344,0.00430927152773,0.0181669079586,0,0,0,0.00125993052276,0.0186896660291,0.0536242095231,0,0.253977114486,0.3984375,0,0
7,wbtc_idiosyncratic_severe__balanced_crypto,wbtc_idiosyncratic_severe,balanced_crypto,successful_closure_count,128,5.4140625,1.39218534591,2.68537922201,8.14274577799,0,0,0,4,12,29.5,0,126,0.3984375,0,0
7,wbtc_idiosyncratic_severe__balanced_crypto,wbtc_idiosyncratic_severe,balanced_crypto,capacity_rejected_opportunities,128,0,0,0,0,0,0,0,0,0,0,0,0,0,0,0
7,wbtc_idiosyncratic_severe__balanced_crypto,wbtc_idiosyncratic_severe,balanced_crypto,below_peg_burden,128,0.26560363519,0.00454375447907,0.256697876411,0.274509393969,0.254728497773,0.189281453855,0.232235770874,0.299472255215,0.332279117942,0.348203949937,0.155835511292,0.423072833411,1,0,0
7,wbtc_idiosyncratic_severe__balanced_crypto,wbtc_idiosyncratic_severe,balanced_crypto,mean_absolute_peg_deviation,128,0.000614587264255,6.67212632206e-06,0.000601509896664,0.000627664631846,0.00061630151029,0.000482684860298,0.000561703447088,0.000657458893457,0.000723641570608,0.000760465596399,0.000445143471598,0.000781800612311,1,0,0
7,wbtc_idiosyncratic_severe__balanced_crypto,wbtc_idiosyncratic_severe,balanced_crypto,minimum_dai_price,128,0.995938327338,8.56288888862e-05,0.995770494716,0.99610615996,0.996036108228,0.994228414818,0.995192536345,0.996519817597,0.997253210565,0.997434173715,0.993694577318,0.997842442371,1,0,0
7,wbtc_idiosyncratic_severe__balanced_crypto,wbtc_idiosyncratic_severe,balanced_crypto,restricted_mean_recovery_time,128,62.2734375,13.9068439772,35.0160233048,89.5308516952,0,0,0,0,318.2,473.65,0,720,0.1796875,1,0
7,wbtc_idiosyncratic_severe__balanced_crypto,wbtc_idiosyncratic_severe,balanced_crypto,recovery_probability_720h,128,0.9921875,0.0078125,0.976875,1.0075,1,1,1,1,1,1,0,1,0.9921875,0,0
7,wbtc_idiosyncratic_severe__balanced_crypto,wbtc_idiosyncratic_severe,balanced_crypto,positive_demand_hours,128,3.9296875,1.05468020922,1.86251428993,5.99686071007,0,0,0,2,6,20.6,0,80,0.3984375,0,0
7,wbtc_idiosyncratic_severe__balanced_crypto,wbtc_idiosyncratic_severe,balanced_crypto,binding_hours,128,0,0,0,0,0,0,0,0,0,0,0,0,0,0,0
7,wbtc_idiosyncratic_severe__balanced_crypto,wbtc_idiosyncratic_severe,balanced_crypto,mean_capacity_utilisation,128,0.000499966613248,0.000144955073927,0.000215854668352,0.000784078558144,0,0,0,0.000267094017094,0.000694444444444,0.00243322649573,0,0.0123931623932,0.3984375,0,0
7,wbtc_idiosyncratic_severe__balanced_crypto,wbtc_idiosyncratic_severe,balanced_crypto,maximum_capacity_utilisation,128,0.0754206730769,0.0129426635756,0.0500530524687,0.100788293685,0,0,0,0.0865384615385,0.230769230769,0.332692307692,0,0.807692307692,0.3984375,0,0
7,wbtc_idiosyncratic_severe__balanced_crypto,wbtc_idiosyncratic_severe,balanced_crypto,maximum_simultaneously_unsafe_families,128,0.5546875,0.0663745799307,0.424593323336,0.684781676664,0,0,0,1,2,2,0,2,0.3984375,0,0
7,wbtc_idiosyncratic_severe__balanced_crypto,wbtc_idiosyncratic_severe,balanced_crypto,maximum_backlog_duration,128,4.1328125,1.09076130439,1.9949203434,6.2707046566,0,0,0,3,8,14.6,0,75,0.375,0,0
8,wbtc_idiosyncratic_severe__stable_supported,wbtc_idiosyncratic_severe,stable_supported,realised_bad_debt_share,128,0,0,0,0,0,0,0,0,0,0,0,0,0,0,0
8,wbtc_idiosyncratic_severe__stable_supported,wbtc_idiosyncratic_severe,stable_supported,positive_realised_bad_debt,128,0,0,0,0,0,0,0,0,0,0,0,0,0,0,0
8,wbtc_idiosyncratic_severe__stable_supported,wbtc_idiosyncratic_severe,stable_supported,active_bad_debt_share,128,0,0,0,0,0,0,0,0,0,0,0,0,0,0,0
8,wbtc_idiosyncratic_severe__stable_supported,wbtc_idiosyncratic_severe,stable_supported,unresolved_tab_share,128,8.68911992187e-08,8.68911992187e-08,-8.34155512499e-08,2.57197949687e-07,0,0,0,0,0,0,0,1.11220735e-05,0.0078125,0,0
8,wbtc_idiosyncratic_severe__stable_supported,wbtc_idiosyncratic_severe,stable_supported,backlog_area_share,128,0.0129282336518,0.00561558449815,0.00192168803543,0.0239347792682,0,0,0,0,0.00601824020734,0.0344753989297,0,0.572433792112,0.2109375,0,0
8,wbtc_idiosyncratic_severe__stable_supported,wbtc_idiosyncratic_severe,stable_supported,liquidated_debt_share,128,0.0065849635829,0.00245428459483,0.00177456577705,0.0113953613888,0,0,0,0,0.00343752578721,0.0320672057369,0,0.173833927042,0.1875,0,0
8,wbtc_idiosyncratic_severe__stable_supported,wbtc_idiosyncratic_severe,stable_supported,debt_weighted_liquidated_vault_share,128,0.0065849635829,0.00245428459483,0.00177456577705,0.0113953613888,0,0,0,0,0.00343752578721,0.0320672057369,0,0.173833927042,0.1875,0,0
8,wbtc_idiosyncratic_severe__stable_supported,wbtc_idiosyncratic_severe,stable_supported,successful_closure_count,128,2.75,0.876685665393,1.03169609583,4.46830390417,0,0,0,0,7,16.3,0,82,0.1875,0,0
8,wbtc_idiosyncratic_severe__stable_supported,wbtc_idiosyncratic_severe,stable_supported,capacity_rejected_opportunities,128,0,0,0,0,0,0,0,0,0,0,0,0,0,0,0
8,wbtc_idiosyncratic_severe__stable_supported,wbtc_idiosyncratic_severe,stable_supported,below_peg_burden,128,0.26560363519,0.00454375447907,0.256697876411,0.274509393969,0.254728497773,0.189281453855,0.232235770874,0.299472255215,0.332279117942,0.348203949937,0.155835511292,0.423072833411,1,0,0
8,wbtc_idiosyncratic_severe__stable_supported,wbtc_idiosyncratic_severe,stable_supported,mean_absolute_peg_deviation,128,0.000614587264255,6.67212632206e-06,0.000601509896664,0.000627664631846,0.00061630151029,0.000482684860298,0.000561703447088,0.000657458893457,0.000723641570608,0.000760465596399,0.000445143471598,0.000781800612311,1,0,0
8,wbtc_idiosyncratic_severe__stable_supported,wbtc_idiosyncratic_severe,stable_supported,minimum_dai_price,128,0.995938327338,8.56288888862e-05,0.995770494716,0.99610615996,0.996036108228,0.994228414818,0.995192536345,0.996519817597,0.997253210565,0.997434173715,0.993694577318,0.997842442371,1,0,0
8,wbtc_idiosyncratic_severe__stable_supported,wbtc_idiosyncratic_severe,stable_supported,restricted_mean_recovery_time,128,62.2734375,13.9068439772,35.0160233048,89.5308516952,0,0,0,0,318.2,473.65,0,720,0.1796875,1,0
8,wbtc_idiosyncratic_severe__stable_supported,wbtc_idiosyncratic_severe,stable_supported,recovery_probability_720h,128,0.9921875,0.0078125,0.976875,1.0075,1,1,1,1,1,1,0,1,0.9921875,0,0
8,wbtc_idiosyncratic_severe__stable_supported,wbtc_idiosyncratic_severe,stable_supported,positive_demand_hours,128,2.0625,0.642735564525,0.802738293531,3.32226170647,0,0,0,0,4.3,15.25,0,62,0.1875,0,0
8,wbtc_idiosyncratic_severe__stable_supported,wbtc_idiosyncratic_severe,stable_supported,binding_hours,128,0,0,0,0,0,0,0,0,0,0,0,0,0,0,0
8,wbtc_idiosyncratic_severe__stable_supported,wbtc_idiosyncratic_severe,stable_supported,mean_capacity_utilisation,128,0.000275440705128,9.77825847399e-05,8.3786839038e-05,0.000467094571218,0,0,0,0,0.000389957264957,0.00161591880342,0,0.00961538461538,0.1875,0,0
8,wbtc_idiosyncratic_severe__stable_supported,wbtc_idiosyncratic_severe,stable_supported,maximum_capacity_utilisation,128,0.0354567307692,0.00929400626444,0.0172404784909,0.0536729830475,0,0,0,0,0.126923076923,0.217307692308,0,0.769230769231,0.1875,0,0
8,wbtc_idiosyncratic_severe__stable_supported,wbtc_idiosyncratic_severe,stable_supported,maximum_simultaneously_unsafe_families,128,0.2734375,0.0504834449822,0.174489947835,0.372385052165,0,0,0,0,1,2,0,2,0.2109375,0,0
8,wbtc_idiosyncratic_severe__stable_supported,wbtc_idiosyncratic_severe,stable_supported,maximum_backlog_duration,128,2.8046875,1.00246120559,0.839863537037,4.76951146296,0,0,0,0,7,13.6,0,111,0.2109375,0,0
