cell_order,cell_identifier,shock,portfolio,metric,operationality,valid_replication_count,mean,standard_error,ci95_lower,ci95_upper,median,p05,p25,p75,p90,p95,minimum,maximum,positive_share,censoring_count,numerical_failure_count
1,joint_crypto_empirical_stress__eth_only,joint_crypto_empirical_stress,eth_only,realised_bad_debt_share,degenerate,128,3.1752541131e-21,1.30311227704e-21,6.21154050094e-22,5.72935417611e-21,0,0,0,0,0,1.75217814132e-20,0,1.38439703663e-19,0.0859375,0,0
1,joint_crypto_empirical_stress__eth_only,joint_crypto_empirical_stress,eth_only,positive_realised_bad_debt,degenerate,128,0,0,0,0,0,0,0,0,0,0,0,0,0,0,0
1,joint_crypto_empirical_stress__eth_only,joint_crypto_empirical_stress,eth_only,active_bad_debt_share,degenerate,128,0,0,0,0,0,0,0,0,0,0,0,0,0,0,0
1,joint_crypto_empirical_stress__eth_only,joint_crypto_empirical_stress,eth_only,unresolved_tab_share,operational,128,0.0521688791547,0.00757963726603,0.0373127901133,0.0670249681961,0.00864345727935,0,0.000946891495749,0.0658760578309,0.173815397147,0.221104060371,0,0.440220434819,0.890625,0,0
1,joint_crypto_empirical_stress__eth_only,joint_crypto_empirical_stress,eth_only,backlog_area_share,operational,128,0.191977056748,0.0285311949116,0.136055914722,0.247898198775,0.0430300126215,0,0.00271989814773,0.223146824729,0.585765696099,0.884113326643,0,1.61960499336,0.890625,0,0
1,joint_crypto_empirical_stress__eth_only,joint_crypto_empirical_stress,eth_only,liquidated_debt_share,operational,128,0.07789775058,0.00976955841558,0.0587494160855,0.0970460850746,0.0231698628242,0,0.00130829910917,0.14212630934,0.223312835023,0.307042694978,0,0.567556344168,0.8984375,0,0
1,joint_crypto_empirical_stress__eth_only,joint_crypto_empirical_stress,eth_only,debt_weighted_liquidated_vault_share,operational,128,0.07789775058,0.00976955841558,0.0587494160855,0.0970460850746,0.0231698628242,0,0.00130829910917,0.14212630934,0.223312835023,0.307042694978,0,0.567556344168,0.8984375,0,0
1,joint_crypto_empirical_stress__eth_only,joint_crypto_empirical_stress,eth_only,successful_closure_count,operational,128,23.2265625,2.18619097064,18.9416281975,27.5114968025,15,0,3.75,34.25,51.3,76.2,0,124,0.8984375,0,0
1,joint_crypto_empirical_stress__eth_only,joint_crypto_empirical_stress,eth_only,capacity_rejected_opportunities,operational,128,0.4765625,0.196538964172,0.0913461302232,0.861778869777,0,0,0,0,0,1.65,0,14,0.078125,0,0
1,joint_crypto_empirical_stress__eth_only,joint_crypto_empirical_stress,eth_only,below_peg_burden,operational,128,0.259221364818,0.00398858692742,0.251403734441,0.267038995196,0.256866542563,0.186831435274,0.229567820657,0.287465585978,0.321133194591,0.333773855718,0.169592671946,0.3660592687,1,0,0
1,joint_crypto_empirical_stress__eth_only,joint_crypto_empirical_stress,eth_only,mean_absolute_peg_deviation,operational,128,0.000597776317663,6.48969732964e-06,0.000585056510897,0.000610496124429,0.000598598295043,0.000480357965518,0.000543822104482,0.000650833506567,0.000688361539265,0.000705718932085,0.000451994174648,0.000777779452119,1,0,0
1,joint_crypto_empirical_stress__eth_only,joint_crypto_empirical_stress,eth_only,minimum_dai_price,operational,128,0.995900137163,8.27849633965e-05,0.995737878635,0.996062395691,0.996022725003,0.994221015378,0.995450942213,0.996497114171,0.997075999089,0.997322188442,0.993388961094,0.997754896723,1,0,0
1,joint_crypto_empirical_stress__eth_only,joint_crypto_empirical_stress,eth_only,restricted_mean_recovery_time,operational,128,82.4453125,17.3555335089,48.4284668225,116.462158178,0,0,0,0,375.3,624.25,0,720,0.1875,2,0
1,joint_crypto_empirical_stress__eth_only,joint_crypto_empirical_stress,eth_only,recovery_probability_720h,operational,128,0.984375,0.0110049592883,0.962805279795,1.00594472021,1,1,1,1,1,1,0,1,0.984375,0,0
1,joint_crypto_empirical_stress__eth_only,joint_crypto_empirical_stress,eth_only,positive_demand_hours,diagnostic,128,13.8125,1.92600412251,10.0375319199,17.5874680801,8.5,0,2,15,33.5,44.25,0,165,0.8984375,0,0
1,joint_crypto_empirical_stress__eth_only,joint_crypto_empirical_stress,eth_only,binding_hours,diagnostic,128,0.078125,0.0238138258616,0.0314499013113,0.124800098689,0,0,0,0,0,1,0,1,0.078125,0,0
1,joint_crypto_empirical_stress__eth_only,joint_crypto_empirical_stress,eth_only,mean_capacity_utilisation,diagnostic,128,0.00277527377137,0.000322117817395,0.00214392284927,0.00340662469346,0.00168269230769,0,0.000267094017094,0.0035389957265,0.00694978632479,0.0093563034188,0,0.020405982906,0.8984375,0,0
1,joint_crypto_empirical_stress__eth_only,joint_crypto_empirical_stress,eth_only,maximum_capacity_utilisation,diagnostic,128,0.426983173077,0.028990402017,0.370161985124,0.48380436103,0.384615384615,0,0.115384615385,0.701923076923,0.923076923077,1,0,1,0.8984375,0,0
1,joint_crypto_empirical_stress__eth_only,joint_crypto_empirical_stress,eth_only,maximum_simultaneously_unsafe_families,diagnostic,128,0.9296875,0.0226873047756,0.88522038264,0.97415461736,1,0,1,1,1,1,0,1,0.9296875,0,0
1,joint_crypto_empirical_stress__eth_only,joint_crypto_empirical_stress,eth_only,maximum_backlog_duration,diagnostic,128,30.109375,3.86979321215,22.5245803042,37.6941696958,24,0,3,33,63.3,110,0,348,0.890625,0,0
1,joint_crypto_empirical_stress__eth_only,joint_crypto_empirical_stress,eth_only,hours_one_unsafe_family,diagnostic,128,40.171875,5.77272244961,28.8573389988,51.4864110012,27,0,5,43.25,88.7,124.6,0,518,0.9296875,0,0
1,joint_crypto_empirical_stress__eth_only,joint_crypto_empirical_stress,eth_only,hours_at_least_two_unsafe_families,diagnostic,128,0,0,0,0,0,0,0,0,0,0,0,0,0,0,0
1,joint_crypto_empirical_stress__eth_only,joint_crypto_empirical_stress,eth_only,hours_all_applicable_volatile_families_unsafe,diagnostic,128,40.171875,5.77272244961,28.8573389988,51.4864110012,27,0,5,43.25,88.7,124.6,0,518,0.9296875,0,0
1,joint_crypto_empirical_stress__eth_only,joint_crypto_empirical_stress,eth_only,hours_eth_wbtc_simultaneously_unsafe,diagnostic,128,0,0,0,0,0,0,0,0,0,0,0,0,0,0,0
1,joint_crypto_empirical_stress__eth_only,joint_crypto_empirical_stress,eth_only,share_hours_eth_wbtc_simultaneously_unsafe,diagnostic,128,0,0,0,0,0,0,0,0,0,0,0,0,0,0,0
1,joint_crypto_empirical_stress__eth_only,joint_crypto_empirical_stress,eth_only,maximum_simultaneous_active_backlog_families,diagnostic,128,0.890625,0.0276952068645,0.836342394546,0.944907605454,1,0,1,1,1,1,0,1,0.890625,0,0
2,joint_crypto_empirical_stress__empirical_crypto,joint_crypto_empirical_stress,empirical_crypto,realised_bad_debt_share,degenerate,128,1.2754394354e-21,6.1061206977e-22,7.863977865e-23,2.47223909215e-21,0,0,0,0,0,0,0,6.37268573157e-20,0.046875,0,0
2,joint_crypto_empirical_stress__empirical_crypto,joint_crypto_empirical_stress,empirical_crypto,positive_realised_bad_debt,degenerate,128,0,0,0,0,0,0,0,0,0,0,0,0,0,0,0
2,joint_crypto_empirical_stress__empirical_crypto,joint_crypto_empirical_stress,empirical_crypto,active_bad_debt_share,degenerate,128,0,0,0,0,0,0,0,0,0,0,0,0,0,0,0
2,joint_crypto_empirical_stress__empirical_crypto,joint_crypto_empirical_stress,empirical_crypto,unresolved_tab_share,operational,128,0.0373581468192,0.00633537320301,0.0249408153413,0.0497754782971,0.00381132376292,0,0.000345361379649,0.0326593033535,0.132322304528,0.191331303372,0,0.427455967954,0.8125,0,0
2,joint_crypto_empirical_stress__empirical_crypto,joint_crypto_empirical_stress,empirical_crypto,backlog_area_share,operational,128,0.1201781177,0.0190258778787,0.0828873970582,0.157468838343,0.0167255480211,0,0.00115744429783,0.148205876661,0.379142072279,0.571831322222,0,1.29785017783,0.8125,0,0
2,joint_crypto_empirical_stress__empirical_crypto,joint_crypto_empirical_stress,empirical_crypto,liquidated_debt_share,operational,128,0.0556172907972,0.00852455600943,0.0389091610187,0.0723254205757,0.00684424799159,0,0.000622857653331,0.0784027411365,0.19797678072,0.275092474915,0,0.460462171914,0.8359375,0,0
2,joint_crypto_empirical_stress__empirical_crypto,joint_crypto_empirical_stress,empirical_crypto,debt_weighted_liquidated_vault_share,operational,128,0.0556172907972,0.00852455600943,0.0389091610187,0.0723254205757,0.00684424799159,0,0.000622857653331,0.0784027411365,0.19797678072,0.275092474915,0,0.460462171914,0.8359375,0,0
2,joint_crypto_empirical_stress__empirical_crypto,joint_crypto_empirical_stress,empirical_crypto,successful_closure_count,operational,128,16.625,1.70426745526,13.2846357877,19.9653642123,10,0,1,29.25,44,53.3,0,97,0.8359375,0,0
2,joint_crypto_empirical_stress__empirical_crypto,joint_crypto_empirical_stress,empirical_crypto,capacity_rejected_opportunities,operational,128,0.1953125,0.114767499561,-0.0296317991394,0.420256799139,0,0,0,0,0,0,0,13,0.0390625,0,0
2,joint_crypto_empirical_stress__empirical_crypto,joint_crypto_empirical_stress,empirical_crypto,below_peg_burden,operational,128,0.259221364818,0.00398858692742,0.251403734441,0.267038995196,0.256866542563,0.186831435274,0.229567820657,0.287465585978,0.321133194591,0.333773855718,0.169592671946,0.3660592687,1,0,0
2,joint_crypto_empirical_stress__empirical_crypto,joint_crypto_empirical_stress,empirical_crypto,mean_absolute_peg_deviation,operational,128,0.000597776317663,6.48969732964e-06,0.000585056510897,0.000610496124429,0.000598598295043,0.000480357965518,0.000543822104482,0.000650833506567,0.000688361539265,0.000705718932085,0.000451994174648,0.000777779452119,1,0,0
2,joint_crypto_empirical_stress__empirical_crypto,joint_crypto_empirical_stress,empirical_crypto,minimum_dai_price,operational,128,0.995900137163,8.27849633965e-05,0.995737878635,0.996062395691,0.996022725003,0.994221015378,0.995450942213,0.996497114171,0.997075999089,0.997322188442,0.993388961094,0.997754896723,1,0,0
2,joint_crypto_empirical_stress__empirical_crypto,joint_crypto_empirical_stress,empirical_crypto,restricted_mean_recovery_time,operational,128,82.4453125,17.3555335089,48.4284668225,116.462158178,0,0,0,0,375.3,624.25,0,720,0.1875,2,0
2,joint_crypto_empirical_stress__empirical_crypto,joint_crypto_empirical_stress,empirical_crypto,recovery_probability_720h,operational,128,0.984375,0.0110049592883,0.962805279795,1.00594472021,1,1,1,1,1,1,0,1,0.984375,0,0
2,joint_crypto_empirical_stress__empirical_crypto,joint_crypto_empirical_stress,empirical_crypto,positive_demand_hours,diagnostic,128,11.265625,1.65513711961,8.02155624556,14.5096937544,7,0,1,13,23.3,40.65,0,153,0.8359375,0,0
2,joint_crypto_empirical_stress__empirical_crypto,joint_crypto_empirical_stress,empirical_crypto,binding_hours,diagnostic,128,0.0390625,0.0171919732905,0.00536623235069,0.0727587676493,0,0,0,0,0,0,0,1,0.0390625,0,0
2,joint_crypto_empirical_stress__empirical_crypto,joint_crypto_empirical_stress,empirical_crypto,mean_capacity_utilisation,diagnostic,128,0.00199360643697,0.000250678225401,0.00150227711518,0.00248493575875,0.0011485042735,0,0.000106837606838,0.0025641025641,0.0048344017094,0.00704594017094,0,0.0185363247863,0.8359375,0,0
2,joint_crypto_empirical_stress__empirical_crypto,joint_crypto_empirical_stress,empirical_crypto,maximum_capacity_utilisation,diagnostic,128,0.340144230769,0.0277968786046,0.285662348704,0.394626112834,0.269230769231,0,0.0384615384615,0.538461538462,0.857692307692,1,0,1,0.8359375,0,0
2,joint_crypto_empirical_stress__empirical_crypto,joint_crypto_empirical_stress,empirical_crypto,maximum_simultaneously_unsafe_families,diagnostic,128,1.25,0.0617573993782,1.12895549722,1.37104450278,1,0,1,2,2,2,0,2,0.8515625,0,0
2,joint_crypto_empirical_stress__empirical_crypto,joint_crypto_empirical_stress,empirical_crypto,maximum_backlog_duration,diagnostic,128,23.359375,3.36950439077,16.7551463941,29.9636036059,17,0,2,27.25,44,69.65,0,335,0.8125,0,0
2,joint_crypto_empirical_stress__empirical_crypto,joint_crypto_empirical_stress,empirical_crypto,hours_one_unsafe_family,diagnostic,128,29.234375,4.51215664897,20.390547968,38.078202032,16,0,2.75,32.25,69.3,99.4,0,434,0.84375,0,0
2,joint_crypto_empirical_stress__empirical_crypto,joint_crypto_empirical_stress,empirical_crypto,hours_at_least_two_unsafe_families,diagnostic,128,3.2890625,0.509524483977,2.2903945114,4.2877304886,0,0,0,4.25,12,16.65,0,28,0.3984375,0,0
2,joint_crypto_empirical_stress__empirical_crypto,joint_crypto_empirical_stress,empirical_crypto,hours_all_applicable_volatile_families_unsafe,diagnostic,128,3.2890625,0.509524483977,2.2903945114,4.2877304886,0,0,0,4.25,12,16.65,0,28,0.3984375,0,0
2,joint_crypto_empirical_stress__empirical_crypto,joint_crypto_empirical_stress,empirical_crypto,hours_eth_wbtc_simultaneously_unsafe,diagnostic,128,3.2890625,0.509524483977,2.2903945114,4.2877304886,0,0,0,4.25,12,16.65,0,28,0.3984375,0,0
2,joint_crypto_empirical_stress__empirical_crypto,joint_crypto_empirical_stress,empirical_crypto,share_hours_eth_wbtc_simultaneously_unsafe,diagnostic,128,0.00456814236111,0.000707672894413,0.00318110348806,0.00595518123416,0,0,0,0.00590277777778,0.0166666666667,0.023125,0,0.0388888888889,0.3984375,0,0
2,joint_crypto_empirical_stress__empirical_crypto,joint_crypto_empirical_stress,empirical_crypto,maximum_simultaneous_active_backlog_families,diagnostic,128,1.171875,0.0638239448793,1.04678006804,1.29696993196,1,0,1,2,2,2,0,2,0.8125,0,0
3,joint_crypto_empirical_stress__balanced_crypto,joint_crypto_empirical_stress,balanced_crypto,realised_bad_debt_share,degenerate,128,0,0,0,0,0,0,0,0,0,0,0,0,0,0,0
3,joint_crypto_empirical_stress__balanced_crypto,joint_crypto_empirical_stress,balanced_crypto,positive_realised_bad_debt,degenerate,128,0,0,0,0,0,0,0,0,0,0,0,0,0,0,0
3,joint_crypto_empirical_stress__balanced_crypto,joint_crypto_empirical_stress,balanced_crypto,active_bad_debt_share,degenerate,128,0,0,0,0,0,0,0,0,0,0,0,0,0,0,0
3,joint_crypto_empirical_stress__balanced_crypto,joint_crypto_empirical_stress,balanced_crypto,unresolved_tab_share,operational,128,0.0100614279331,0.00279444337752,0.00458431891311,0.015538536953,9.53709268219e-05,0,0,0.00330857731358,0.0294141250288,0.0475533593945,0,0.28161699695,0.53125,0,0
3,joint_crypto_empirical_stress__balanced_crypto,joint_crypto_empirical_stress,balanced_crypto,backlog_area_share,operational,128,0.0399773629228,0.00876274280494,0.0228023870251,0.0571523388204,0.000436413327404,0,0,0.0153383062073,0.135404717167,0.274094074078,0,0.60930977714,0.53125,0,0
3,joint_crypto_empirical_stress__balanced_crypto,joint_crypto_empirical_stress,balanced_crypto,liquidated_debt_share,operational,128,0.0149105431468,0.00347106606046,0.00810725366833,0.0217138326253,0.000446132845906,0,0,0.008257007034,0.0512510627734,0.0738124262204,0,0.286279275307,0.5859375,0,0
3,joint_crypto_empirical_stress__balanced_crypto,joint_crypto_empirical_stress,balanced_crypto,debt_weighted_liquidated_vault_share,operational,128,0.0149105431468,0.00347106606046,0.00810725366833,0.0217138326253,0.000446132845906,0,0,0.008257007034,0.0512510627734,0.0738124262204,0,0.286279275307,0.5859375,0,0
3,joint_crypto_empirical_stress__balanced_crypto,joint_crypto_empirical_stress,balanced_crypto,successful_closure_count,operational,128,7.21875,1.08983410367,5.08267515681,9.35482484319,1,0,0,9.25,22.3,34.95,0,71,0.5859375,0,0
3,joint_crypto_empirical_stress__balanced_crypto,joint_crypto_empirical_stress,balanced_crypto,capacity_rejected_opportunities,operational,128,0.0703125,0.0703125,-0.0675,0.208125,0,0,0,0,0,0,0,9,0.0078125,0,0
3,joint_crypto_empirical_stress__balanced_crypto,joint_crypto_empirical_stress,balanced_crypto,below_peg_burden,operational,128,0.259221364818,0.00398858692742,0.251403734441,0.267038995196,0.256866542563,0.186831435274,0.229567820657,0.287465585978,0.321133194591,0.333773855718,0.169592671946,0.3660592687,1,0,0
3,joint_crypto_empirical_stress__balanced_crypto,joint_crypto_empirical_stress,balanced_crypto,mean_absolute_peg_deviation,operational,128,0.000597776317663,6.48969732964e-06,0.000585056510897,0.000610496124429,0.000598598295043,0.000480357965518,0.000543822104482,0.000650833506567,0.000688361539265,0.000705718932085,0.000451994174648,0.000777779452119,1,0,0
3,joint_crypto_empirical_stress__balanced_crypto,joint_crypto_empirical_stress,balanced_crypto,minimum_dai_price,operational,128,0.995900137163,8.27849633965e-05,0.995737878635,0.996062395691,0.996022725003,0.994221015378,0.995450942213,0.996497114171,0.997075999089,0.997322188442,0.993388961094,0.997754896723,1,0,0
3,joint_crypto_empirical_stress__balanced_crypto,joint_crypto_empirical_stress,balanced_crypto,restricted_mean_recovery_time,operational,128,82.4453125,17.3555335089,48.4284668225,116.462158178,0,0,0,0,375.3,624.25,0,720,0.1875,2,0
3,joint_crypto_empirical_stress__balanced_crypto,joint_crypto_empirical_stress,balanced_crypto,recovery_probability_720h,operational,128,0.984375,0.0110049592883,0.962805279795,1.00594472021,1,1,1,1,1,1,0,1,0.984375,0,0
3,joint_crypto_empirical_stress__balanced_crypto,joint_crypto_empirical_stress,balanced_crypto,positive_demand_hours,diagnostic,128,5.6875,1.03064211981,3.66744144517,7.70755855483,1,0,0,5.25,16.3,22.95,0,73,0.6015625,0,0
3,joint_crypto_empirical_stress__balanced_crypto,joint_crypto_empirical_stress,balanced_crypto,binding_hours,diagnostic,128,0.0078125,0.0078125,-0.0075,0.023125,0,0,0,0,0,0,0,1,0.0078125,0,0
3,joint_crypto_empirical_stress__balanced_crypto,joint_crypto_empirical_stress,balanced_crypto,mean_capacity_utilisation,diagnostic,128,0.00076664329594,0.00013541956131,0.000501220955772,0.00103206563611,0.000106837606838,0,0,0.000801282051282,0.00231303418803,0.00339476495726,0,0.0090811965812,0.6015625,0,0
3,joint_crypto_empirical_stress__balanced_crypto,joint_crypto_empirical_stress,balanced_crypto,maximum_capacity_utilisation,diagnostic,128,0.133112980769,0.0165881011417,0.100600302532,0.165625659007,0.0384615384615,0,0,0.230769230769,0.396153846154,0.525,0,1,0.6015625,0,0
3,joint_crypto_empirical_stress__balanced_crypto,joint_crypto_empirical_stress,balanced_crypto,maximum_simultaneously_unsafe_families,diagnostic,128,0.90625,0.0739405984984,0.761326426943,1.05117357306,1,0,0,2,2,2,0,2,0.6015625,0,0
3,joint_crypto_empirical_stress__balanced_crypto,joint_crypto_empirical_stress,balanced_crypto,maximum_backlog_duration,diagnostic,128,11.2890625,2.1465486955,7.08182705683,15.4962979432,1.5,0,0,12.75,30.2,40.65,0,156,0.53125,0,0
3,joint_crypto_empirical_stress__balanced_crypto,joint_crypto_empirical_stress,balanced_crypto,hours_one_unsafe_family,diagnostic,128,13.4609375,2.60167038124,8.36166355278,18.5602114472,2,0,0,15.25,37.9,54.65,0,199,0.5859375,0,0
3,joint_crypto_empirical_stress__balanced_crypto,joint_crypto_empirical_stress,balanced_crypto,hours_at_least_two_unsafe_families,diagnostic,128,3.1328125,0.61261057713,1.93209576883,4.33352923117,0,0,0,1.25,12.3,16.95,0,41,0.3046875,0,0
3,joint_crypto_empirical_stress__balanced_crypto,joint_crypto_empirical_stress,balanced_crypto,hours_all_applicable_volatile_families_unsafe,diagnostic,128,3.1328125,0.61261057713,1.93209576883,4.33352923117,0,0,0,1.25,12.3,16.95,0,41,0.3046875,0,0
3,joint_crypto_empirical_stress__balanced_crypto,joint_crypto_empirical_stress,balanced_crypto,hours_eth_wbtc_simultaneously_unsafe,diagnostic,128,3.1328125,0.61261057713,1.93209576883,4.33352923117,0,0,0,1.25,12.3,16.95,0,41,0.3046875,0,0
3,joint_crypto_empirical_stress__balanced_crypto,joint_crypto_empirical_stress,balanced_crypto,share_hours_eth_wbtc_simultaneously_unsafe,diagnostic,128,0.00435112847222,0.000850848023791,0.00268346634559,0.00601879059885,0,0,0,0.00173611111111,0.0170833333333,0.0235416666667,0,0.0569444444444,0.3046875,0,0
3,joint_crypto_empirical_stress__balanced_crypto,joint_crypto_empirical_stress,balanced_crypto,maximum_simultaneous_active_backlog_families,diagnostic,128,0.796875,0.0738755728957,0.652078877124,0.941671122876,1,0,0,2,2,2,0,2,0.53125,0,0
4,joint_crypto_empirical_stress__stable_supported,joint_crypto_empirical_stress,stable_supported,realised_bad_debt_share,degenerate,128,3.86290861822e-22,2.88899890262e-22,-1.79952923092e-22,9.52534646736e-22,0,0,0,0,0,0,0,3.34822313381e-20,0.015625,0,0
4,joint_crypto_empirical_stress__stable_supported,joint_crypto_empirical_stress,stable_supported,positive_realised_bad_debt,degenerate,128,0,0,0,0,0,0,0,0,0,0,0,0,0,0,0
4,joint_crypto_empirical_stress__stable_supported,joint_crypto_empirical_stress,stable_supported,active_bad_debt_share,degenerate,128,0,0,0,0,0,0,0,0,0,0,0,0,0,0,0
4,joint_crypto_empirical_stress__stable_supported,joint_crypto_empirical_stress,stable_supported,unresolved_tab_share,operational,128,0.00835023768477,0.00312799659156,0.00221936436531,0.0144811110042,0,0,0,0.00142471313676,0.0127271600579,0.0385998095906,0,0.341050215001,0.4609375,0,0
4,joint_crypto_empirical_stress__stable_supported,joint_crypto_empirical_stress,stable_supported,backlog_area_share,operational,128,0.0282555868865,0.0104819662366,0.00771093306287,0.0488002407102,0,0,0,0.00639357940997,0.0585505018572,0.13131978277,0,1.20680500282,0.4609375,0,0
4,joint_crypto_empirical_stress__stable_supported,joint_crypto_empirical_stress,stable_supported,liquidated_debt_share,operational,128,0.011548058741,0.00320356296007,0.00526907533923,0.0178270421427,0,0,0,0.00254162395664,0.0273484814685,0.0560189482559,0,0.226151818023,0.4609375,0,0
4,joint_crypto_empirical_stress__stable_supported,joint_crypto_empirical_stress,stable_supported,debt_weighted_liquidated_vault_share,operational,128,0.011548058741,0.00320356296007,0.00526907533923,0.0178270421427,0,0,0,0.00254162395664,0.0273484814685,0.0560189482559,0,0.226151818023,0.4609375,0,0
4,joint_crypto_empirical_stress__stable_supported,joint_crypto_empirical_stress,stable_supported,successful_closure_count,operational,128,4.7265625,0.77156615157,3.21429284292,6.23883215708,0,0,0,6,18.3,26,0,47,0.4609375,0,0
4,joint_crypto_empirical_stress__stable_supported,joint_crypto_empirical_stress,stable_supported,capacity_rejected_opportunities,operational,128,0,0,0,0,0,0,0,0,0,0,0,0,0,0,0
4,joint_crypto_empirical_stress__stable_supported,joint_crypto_empirical_stress,stable_supported,below_peg_burden,operational,128,0.259221364818,0.00398858692742,0.251403734441,0.267038995196,0.256866542563,0.186831435274,0.229567820657,0.287465585978,0.321133194591,0.333773855718,0.169592671946,0.3660592687,1,0,0
4,joint_crypto_empirical_stress__stable_supported,joint_crypto_empirical_stress,stable_supported,mean_absolute_peg_deviation,operational,128,0.000597776317663,6.48969732964e-06,0.000585056510897,0.000610496124429,0.000598598295043,0.000480357965518,0.000543822104482,0.000650833506567,0.000688361539265,0.000705718932085,0.000451994174648,0.000777779452119,1,0,0
4,joint_crypto_empirical_stress__stable_supported,joint_crypto_empirical_stress,stable_supported,minimum_dai_price,operational,128,0.995900137163,8.27849633965e-05,0.995737878635,0.996062395691,0.996022725003,0.994221015378,0.995450942213,0.996497114171,0.997075999089,0.997322188442,0.993388961094,0.997754896723,1,0,0
4,joint_crypto_empirical_stress__stable_supported,joint_crypto_empirical_stress,stable_supported,restricted_mean_recovery_time,operational,128,82.4453125,17.3555335089,48.4284668225,116.462158178,0,0,0,0,375.3,624.25,0,720,0.1875,2,0
4,joint_crypto_empirical_stress__stable_supported,joint_crypto_empirical_stress,stable_supported,recovery_probability_720h,operational,128,0.984375,0.0110049592883,0.962805279795,1.00594472021,1,1,1,1,1,1,0,1,0.984375,0,0
4,joint_crypto_empirical_stress__stable_supported,joint_crypto_empirical_stress,stable_supported,positive_demand_hours,diagnostic,128,4.1796875,0.715446971697,2.77741143547,5.58196356453,0,0,0,4,12,23,0,41,0.46875,0,0
4,joint_crypto_empirical_stress__stable_supported,joint_crypto_empirical_stress,stable_supported,binding_hours,diagnostic,128,0,0,0,0,0,0,0,0,0,0,0,0,0,0,0
4,joint_crypto_empirical_stress__stable_supported,joint_crypto_empirical_stress,stable_supported,mean_capacity_utilisation,diagnostic,128,0.000606386885684,0.000112663704619,0.000385566024631,0.000827207746737,0,0,0,0.000480769230769,0.00202457264957,0.00329326923077,0,0.00699786324786,0.46875,0,0
4,joint_crypto_empirical_stress__stable_supported,joint_crypto_empirical_stress,stable_supported,maximum_capacity_utilisation,diagnostic,128,0.0949519230769,0.0131001496964,0.0692756296719,0.120628216482,0,0,0,0.153846153846,0.346153846154,0.371153846154,0,0.846153846154,0.46875,0,0
4,joint_crypto_empirical_stress__stable_supported,joint_crypto_empirical_stress,stable_supported,maximum_simultaneously_unsafe_families,diagnostic,128,0.609375,0.0619904176857,0.487873781336,0.730876218664,0,0,0,1,2,2,0,2,0.484375,0,0
4,joint_crypto_empirical_stress__stable_supported,joint_crypto_empirical_stress,stable_supported,maximum_backlog_duration,diagnostic,128,8.359375,1.49810142211,5.42309621266,11.2956537873,0,0,0,7,29.3,39.3,0,97,0.4609375,0,0
4,joint_crypto_empirical_stress__stable_supported,joint_crypto_empirical_stress,stable_supported,hours_one_unsafe_family,diagnostic,128,11.390625,1.95926888001,7.55045799518,15.2307920048,0,0,0,11,37.6,56.45,0,117,0.484375,0,0
4,joint_crypto_empirical_stress__stable_supported,joint_crypto_empirical_stress,stable_supported,hours_at_least_two_unsafe_families,diagnostic,128,0.875,0.261544473868,0.362372831218,1.38762716878,0,0,0,0,2.3,6.65,0,17,0.125,0,0
4,joint_crypto_empirical_stress__stable_supported,joint_crypto_empirical_stress,stable_supported,hours_all_applicable_volatile_families_unsafe,diagnostic,128,0.875,0.261544473868,0.362372831218,1.38762716878,0,0,0,0,2.3,6.65,0,17,0.125,0,0
4,joint_crypto_empirical_stress__stable_supported,joint_crypto_empirical_stress,stable_supported,hours_eth_wbtc_simultaneously_unsafe,diagnostic,128,0.875,0.261544473868,0.362372831218,1.38762716878,0,0,0,0,2.3,6.65,0,17,0.125,0,0
4,joint_crypto_empirical_stress__stable_supported,joint_crypto_empirical_stress,stable_supported,share_hours_eth_wbtc_simultaneously_unsafe,diagnostic,128,0.00121527777778,0.000363256213706,0.000503295598914,0.00192725995664,0,0,0,0,0.00319444444444,0.00923611111111,0,0.0236111111111,0.125,0,0
4,joint_crypto_empirical_stress__stable_supported,joint_crypto_empirical_stress,stable_supported,maximum_simultaneous_active_backlog_families,diagnostic,128,0.5703125,0.0604319199396,0.451865936918,0.688759063082,0,0,0,1,2,2,0,2,0.4609375,0,0
5,joint_crypto_high_correlation__eth_only,joint_crypto_high_correlation,eth_only,realised_bad_debt_share,degenerate,128,0,0,0,0,0,0,0,0,0,0,0,0,0,0,0
5,joint_crypto_high_correlation__eth_only,joint_crypto_high_correlation,eth_only,positive_realised_bad_debt,degenerate,128,0,0,0,0,0,0,0,0,0,0,0,0,0,0,0
5,joint_crypto_high_correlation__eth_only,joint_crypto_high_correlation,eth_only,active_bad_debt_share,degenerate,128,0,0,0,0,0,0,0,0,0,0,0,0,0,0,0
5,joint_crypto_high_correlation__eth_only,joint_crypto_high_correlation,eth_only,unresolved_tab_share,operational,128,0.0292121466568,0.00577301644371,0.0178970344272,0.0405272588865,0.000523557213711,0,0,0.0171393321802,0.129764318842,0.176211066946,0,0.433984307992,0.578125,0,0
5,joint_crypto_high_correlation__eth_only,joint_crypto_high_correlation,eth_only,backlog_area_share,operational,128,0.0903234149776,0.0173731272958,0.0562720854779,0.124374744477,0.000981694168402,0,0,0.0638887079364,0.354419833423,0.557003743716,0,1.17523751964,0.578125,0,0
5,joint_crypto_high_correlation__eth_only,joint_crypto_high_correlation,eth_only,liquidated_debt_share,operational,128,0.0460032519889,0.0088502672725,0.0286567281348,0.0633497758429,0.000650125977481,0,0,0.0280000414101,0.176672338197,0.267452322462,0,0.567556344168,0.5625,0,0
5,joint_crypto_high_correlation__eth_only,joint_crypto_high_correlation,eth_only,debt_weighted_liquidated_vault_share,operational,128,0.0460032519889,0.0088502672725,0.0286567281348,0.0633497758429,0.000650125977481,0,0,0.0280000414101,0.176672338197,0.267452322462,0,0.567556344168,0.5625,0,0
5,joint_crypto_high_correlation__eth_only,joint_crypto_high_correlation,eth_only,successful_closure_count,operational,128,13.7109375,2.14095309626,9.51466943132,17.9072055687,2.5,0,0,14.5,44.3,72.35,0,124,0.5625,0,0
5,joint_crypto_high_correlation__eth_only,joint_crypto_high_correlation,eth_only,capacity_rejected_opportunities,operational,128,0.015625,0.015625,-0.015,0.04625,0,0,0,0,0,0,0,2,0.0078125,0,0
5,joint_crypto_high_correlation__eth_only,joint_crypto_high_correlation,eth_only,below_peg_burden,operational,128,0.259221364818,0.00398858692742,0.251403734441,0.267038995196,0.256866542563,0.186831435274,0.229567820657,0.287465585978,0.321133194591,0.333773855718,0.169592671946,0.3660592687,1,0,0
5,joint_crypto_high_correlation__eth_only,joint_crypto_high_correlation,eth_only,mean_absolute_peg_deviation,operational,128,0.000597776317663,6.48969732964e-06,0.000585056510897,0.000610496124429,0.000598598295043,0.000480357965518,0.000543822104482,0.000650833506567,0.000688361539265,0.000705718932085,0.000451994174648,0.000777779452119,1,0,0
5,joint_crypto_high_correlation__eth_only,joint_crypto_high_correlation,eth_only,minimum_dai_price,operational,128,0.995900137163,8.27849633965e-05,0.995737878635,0.996062395691,0.996022725003,0.994221015378,0.995450942213,0.996497114171,0.997075999089,0.997322188442,0.993388961094,0.997754896723,1,0,0
5,joint_crypto_high_correlation__eth_only,joint_crypto_high_correlation,eth_only,restricted_mean_recovery_time,operational,128,82.4453125,17.3555335089,48.4284668225,116.462158178,0,0,0,0,375.3,624.25,0,720,0.1875,2,0
5,joint_crypto_high_correlation__eth_only,joint_crypto_high_correlation,eth_only,recovery_probability_720h,operational,128,0.984375,0.0110049592883,0.962805279795,1.00594472021,1,1,1,1,1,1,0,1,0.984375,0,0
5,joint_crypto_high_correlation__eth_only,joint_crypto_high_correlation,eth_only,positive_demand_hours,diagnostic,128,9.046875,1.85967686791,5.4019083389,12.6918416611,1,0,0,7.25,29.6,41.65,0,165,0.5625,0,0
5,joint_crypto_high_correlation__eth_only,joint_crypto_high_correlation,eth_only,binding_hours,diagnostic,128,0.0078125,0.0078125,-0.0075,0.023125,0,0,0,0,0,0,0,1,0.0078125,0,0
5,joint_crypto_high_correlation__eth_only,joint_crypto_high_correlation,eth_only,mean_capacity_utilisation,diagnostic,128,0.00139807024573,0.000274282629715,0.000860476291486,0.00193566419997,0.000133547008547,0,0,0.00102831196581,0.00339743589744,0.00698717948718,0,0.0186965811966,0.5625,0,0
5,joint_crypto_high_correlation__eth_only,joint_crypto_high_correlation,eth_only,maximum_capacity_utilisation,diagnostic,128,0.187800480769,0.0214099780829,0.145836923727,0.229764037812,0.0769230769231,0,0,0.307692307692,0.55,0.653846153846,0,1,0.5625,0,0
5,joint_crypto_high_correlation__eth_only,joint_crypto_high_correlation,eth_only,maximum_simultaneously_unsafe_families,diagnostic,128,0.609375,0.0432932783216,0.52452017449,0.69422982551,1,0,0,1,1,1,0,1,0.609375,0,0
5,joint_crypto_high_correlation__eth_only,joint_crypto_high_correlation,eth_only,maximum_backlog_duration,diagnostic,128,16.109375,3.85909605211,8.54554673786,23.6732032621,2,0,0,10.75,35,83.65,0,348,0.578125,0,0
5,joint_crypto_high_correlation__eth_only,joint_crypto_high_correlation,eth_only,hours_one_unsafe_family,diagnostic,128,26.2421875,5.63046263726,15.206480731,37.277894269,3,0,0,23.25,85.3,119.8,0,517,0.609375,0,0
5,joint_crypto_high_correlation__eth_only,joint_crypto_high_correlation,eth_only,hours_at_least_two_unsafe_families,diagnostic,128,0,0,0,0,0,0,0,0,0,0,0,0,0,0,0
5,joint_crypto_high_correlation__eth_only,joint_crypto_high_correlation,eth_only,hours_all_applicable_volatile_families_unsafe,diagnostic,128,26.2421875,5.63046263726,15.206480731,37.277894269,3,0,0,23.25,85.3,119.8,0,517,0.609375,0,0
5,joint_crypto_high_correlation__eth_only,joint_crypto_high_correlation,eth_only,hours_eth_wbtc_simultaneously_unsafe,diagnostic,128,0,0,0,0,0,0,0,0,0,0,0,0,0,0,0
5,joint_crypto_high_correlation__eth_only,joint_crypto_high_correlation,eth_only,share_hours_eth_wbtc_simultaneously_unsafe,diagnostic,128,0,0,0,0,0,0,0,0,0,0,0,0,0,0,0
5,joint_crypto_high_correlation__eth_only,joint_crypto_high_correlation,eth_only,maximum_simultaneous_active_backlog_families,diagnostic,128,0.578125,0.0438228793994,0.492232156377,0.664017843623,1,0,0,1,1,1,0,1,0.578125,0,0
6,joint_crypto_high_correlation__empirical_crypto,joint_crypto_high_correlation,empirical_crypto,realised_bad_debt_share,degenerate,128,0,0,0,0,0,0,0,0,0,0,0,0,0,0,0
6,joint_crypto_high_correlation__empirical_crypto,joint_crypto_high_correlation,empirical_crypto,positive_realised_bad_debt,degenerate,128,0,0,0,0,0,0,0,0,0,0,0,0,0,0,0
6,joint_crypto_high_correlation__empirical_crypto,joint_crypto_high_correlation,empirical_crypto,active_bad_debt_share,degenerate,128,0,0,0,0,0,0,0,0,0,0,0,0,0,0,0
6,joint_crypto_high_correlation__empirical_crypto,joint_crypto_high_correlation,empirical_crypto,unresolved_tab_share,operational,128,0.0196407634545,0.00474808814174,0.0103345106967,0.0289470162123,0,0,0,0.0068094091888,0.0627662557161,0.127370628107,0,0.41615185866,0.484375,0,0
6,joint_crypto_high_correlation__empirical_crypto,joint_crypto_high_correlation,empirical_crypto,backlog_area_share,operational,128,0.0715943058141,0.0158328830912,0.0405618549553,0.102626756673,0,0,0,0.0188043690364,0.309905174626,0.433285922227,0,1.00216295369,0.484375,0,0
6,joint_crypto_high_correlation__empirical_crypto,joint_crypto_high_correlation,empirical_crypto,liquidated_debt_share,operational,128,0.0352130913424,0.0075075127767,0.0204983663001,0.0499278163847,0,0,0,0.00994829697632,0.154267248364,0.231837731301,0,0.460462171914,0.46875,0,0
6,joint_crypto_high_correlation__empirical_crypto,joint_crypto_high_correlation,empirical_crypto,debt_weighted_liquidated_vault_share,operational,128,0.0352130913424,0.0075075127767,0.0204983663001,0.0499278163847,0,0,0,0.00994829697632,0.154267248364,0.231837731301,0,0.460462171914,0.46875,0,0
6,joint_crypto_high_correlation__empirical_crypto,joint_crypto_high_correlation,empirical_crypto,successful_closure_count,operational,128,9.59375,1.60394588717,6.45001606115,12.7374839388,0,0,0,10.25,35.6,45.25,0,97,0.46875,0,0
6,joint_crypto_high_correlation__empirical_crypto,joint_crypto_high_correlation,empirical_crypto,capacity_rejected_opportunities,operational,128,0.015625,0.015625,-0.015,0.04625,0,0,0,0,0,0,0,2,0.0078125,0,0
6,joint_crypto_high_correlation__empirical_crypto,joint_crypto_high_correlation,empirical_crypto,below_peg_burden,operational,128,0.259221364818,0.00398858692742,0.251403734441,0.267038995196,0.256866542563,0.186831435274,0.229567820657,0.287465585978,0.321133194591,0.333773855718,0.169592671946,0.3660592687,1,0,0
6,joint_crypto_high_correlation__empirical_crypto,joint_crypto_high_correlation,empirical_crypto,mean_absolute_peg_deviation,operational,128,0.000597776317663,6.48969732964e-06,0.000585056510897,0.000610496124429,0.000598598295043,0.000480357965518,0.000543822104482,0.000650833506567,0.000688361539265,0.000705718932085,0.000451994174648,0.000777779452119,1,0,0
6,joint_crypto_high_correlation__empirical_crypto,joint_crypto_high_correlation,empirical_crypto,minimum_dai_price,operational,128,0.995900137163,8.27849633965e-05,0.995737878635,0.996062395691,0.996022725003,0.994221015378,0.995450942213,0.996497114171,0.997075999089,0.997322188442,0.993388961094,0.997754896723,1,0,0
6,joint_crypto_high_correlation__empirical_crypto,joint_crypto_high_correlation,empirical_crypto,restricted_mean_recovery_time,operational,128,82.4453125,17.3555335089,48.4284668225,116.462158178,0,0,0,0,375.3,624.25,0,720,0.1875,2,0
6,joint_crypto_high_correlation__empirical_crypto,joint_crypto_high_correlation,empirical_crypto,recovery_probability_720h,operational,128,0.984375,0.0110049592883,0.962805279795,1.00594472021,1,1,1,1,1,1,0,1,0.984375,0,0
6,joint_crypto_high_correlation__empirical_crypto,joint_crypto_high_correlation,empirical_crypto,positive_demand_hours,diagnostic,128,6.90625,1.58103913038,3.80741330446,10.0050866955,0,0,0,5,19.2,33.65,0,147,0.4765625,0,0
6,joint_crypto_high_correlation__empirical_crypto,joint_crypto_high_correlation,empirical_crypto,binding_hours,diagnostic,128,0.0078125,0.0078125,-0.0075,0.023125,0,0,0,0,0,0,0,1,0.0078125,0,0
6,joint_crypto_high_correlation__empirical_crypto,joint_crypto_high_correlation,empirical_crypto,mean_capacity_utilisation,diagnostic,128,0.000958617120726,0.000208775584355,0.000549416975391,0.00136781726606,0,0,0,0.000801282051282,0.00252670940171,0.00481570512821,0,0.0165064102564,0.4765625,0,0
6,joint_crypto_high_correlation__empirical_crypto,joint_crypto_high_correlation,empirical_crypto,maximum_capacity_utilisation,diagnostic,128,0.135216346154,0.019244886054,0.097496369488,0.17293632282,0,0,0,0.230769230769,0.434615384615,0.640384615385,0,1,0.4765625,0,0
6,joint_crypto_high_correlation__empirical_crypto,joint_crypto_high_correlation,empirical_crypto,maximum_simultaneously_unsafe_families,diagnostic,128,0.7890625,0.0749444871244,0.642171305236,0.935953694764,1,0,0,2,2,2,0,2,0.515625,0,0
6,joint_crypto_high_correlation__empirical_crypto,joint_crypto_high_correlation,empirical_crypto,maximum_backlog_duration,diagnostic,128,12,3.36241822194,5.409660285,18.590339715,0,0,0,7.25,24.8,56.4,0,335,0.484375,0,0
6,joint_crypto_high_correlation__empirical_crypto,joint_crypto_high_correlation,empirical_crypto,hours_one_unsafe_family,diagnostic,128,17.53125,4.20443583568,9.29055576207,25.7719442379,1,0,0,12.5,48.6,91.1,0,389,0.5078125,0,0
6,joint_crypto_high_correlation__empirical_crypto,joint_crypto_high_correlation,empirical_crypto,hours_at_least_two_unsafe_families,diagnostic,128,2.109375,0.534976724119,1.06082062073,3.15792937927,0,0,0,1,7,10.3,0,52,0.2734375,0,0
6,joint_crypto_high_correlation__empirical_crypto,joint_crypto_high_correlation,empirical_crypto,hours_all_applicable_volatile_families_unsafe,diagnostic,128,2.109375,0.534976724119,1.06082062073,3.15792937927,0,0,0,1,7,10.3,0,52,0.2734375,0,0
6,joint_crypto_high_correlation__empirical_crypto,joint_crypto_high_correlation,empirical_crypto,hours_eth_wbtc_simultaneously_unsafe,diagnostic,128,2.109375,0.534976724119,1.06082062073,3.15792937927,0,0,0,1,7,10.3,0,52,0.2734375,0,0
6,joint_crypto_high_correlation__empirical_crypto,joint_crypto_high_correlation,empirical_crypto,share_hours_eth_wbtc_simultaneously_unsafe,diagnostic,128,0.0029296875,0.000743023227943,0.00147336197323,0.00438601302677,0,0,0,0.00138888888889,0.00972222222222,0.0143055555556,0,0.0722222222222,0.2734375,0,0
6,joint_crypto_high_correlation__empirical_crypto,joint_crypto_high_correlation,empirical_crypto,maximum_simultaneous_active_backlog_families,diagnostic,128,0.734375,0.0739795864254,0.589375010606,0.879374989394,0,0,0,1.25,2,2,0,2,0.484375,0,0
7,joint_crypto_high_correlation__balanced_crypto,joint_crypto_high_correlation,balanced_crypto,realised_bad_debt_share,degenerate,128,0,0,0,0,0,0,0,0,0,0,0,0,0,0,0
7,joint_crypto_high_correlation__balanced_crypto,joint_crypto_high_correlation,balanced_crypto,positive_realised_bad_debt,degenerate,128,0,0,0,0,0,0,0,0,0,0,0,0,0,0,0
7,joint_crypto_high_correlation__balanced_crypto,joint_crypto_high_correlation,balanced_crypto,active_bad_debt_share,degenerate,128,0,0,0,0,0,0,0,0,0,0,0,0,0,0,0
7,joint_crypto_high_correlation__balanced_crypto,joint_crypto_high_correlation,balanced_crypto,unresolved_tab_share,operational,128,0.00451857686207,0.00145787214576,0.00166114745638,0.00737600626776,0,0,0,0.000589575612114,0.0114084896692,0.0274755030485,0,0.143340156827,0.2734375,0,0
7,joint_crypto_high_correlation__balanced_crypto,joint_crypto_high_correlation,balanced_crypto,backlog_area_share,operational,128,0.0234001229537,0.00680866362886,0.0100551422412,0.0367451036663,0,0,0,0.00278723699615,0.070656534539,0.15913773202,0,0.59990853331,0.2734375,0,0
7,joint_crypto_high_correlation__balanced_crypto,joint_crypto_high_correlation,balanced_crypto,liquidated_debt_share,operational,128,0.0103691651045,0.00327622451309,0.0039477650588,0.0167905651501,0,0,0,0.000920285147625,0.0204710891582,0.051757723318,0,0.285657540209,0.28125,0,0
7,joint_crypto_high_correlation__balanced_crypto,joint_crypto_high_correlation,balanced_crypto,debt_weighted_liquidated_vault_share,operational,128,0.0103691651045,0.00327622451309,0.0039477650588,0.0167905651501,0,0,0,0.000920285147625,0.0204710891582,0.051757723318,0,0.285657540209,0.28125,0,0
7,joint_crypto_high_correlation__balanced_crypto,joint_crypto_high_correlation,balanced_crypto,successful_closure_count,operational,128,4.640625,1.01959965746,2.64220967138,6.63904032862,0,0,0,2.25,14.3,33.9,0,71,0.28125,0,0
7,joint_crypto_high_correlation__balanced_crypto,joint_crypto_high_correlation,balanced_crypto,capacity_rejected_opportunities,operational,128,0,0,0,0,0,0,0,0,0,0,0,0,0,0,0
7,joint_crypto_high_correlation__balanced_crypto,joint_crypto_high_correlation,balanced_crypto,below_peg_burden,operational,128,0.259221364818,0.00398858692742,0.251403734441,0.267038995196,0.256866542563,0.186831435274,0.229567820657,0.287465585978,0.321133194591,0.333773855718,0.169592671946,0.3660592687,1,0,0
7,joint_crypto_high_correlation__balanced_crypto,joint_crypto_high_correlation,balanced_crypto,mean_absolute_peg_deviation,operational,128,0.000597776317663,6.48969732964e-06,0.000585056510897,0.000610496124429,0.000598598295043,0.000480357965518,0.000543822104482,0.000650833506567,0.000688361539265,0.000705718932085,0.000451994174648,0.000777779452119,1,0,0
7,joint_crypto_high_correlation__balanced_crypto,joint_crypto_high_correlation,balanced_crypto,minimum_dai_price,operational,128,0.995900137163,8.27849633965e-05,0.995737878635,0.996062395691,0.996022725003,0.994221015378,0.995450942213,0.996497114171,0.997075999089,0.997322188442,0.993388961094,0.997754896723,1,0,0
7,joint_crypto_high_correlation__balanced_crypto,joint_crypto_high_correlation,balanced_crypto,restricted_mean_recovery_time,operational,128,82.4453125,17.3555335089,48.4284668225,116.462158178,0,0,0,0,375.3,624.25,0,720,0.1875,2,0
7,joint_crypto_high_correlation__balanced_crypto,joint_crypto_high_correlation,balanced_crypto,recovery_probability_720h,operational,128,0.984375,0.0110049592883,0.962805279795,1.00594472021,1,1,1,1,1,1,0,1,0.984375,0,0
7,joint_crypto_high_correlation__balanced_crypto,joint_crypto_high_correlation,balanced_crypto,positive_demand_hours,diagnostic,128,3.328125,0.879985052595,1.60335429691,5.05289570309,0,0,0,1,9.3,17.6,0,71,0.28125,0,0
7,joint_crypto_high_correlation__balanced_crypto,joint_crypto_high_correlation,balanced_crypto,binding_hours,diagnostic,128,0,0,0,0,0,0,0,0,0,0,0,0,0,0,0
7,joint_crypto_high_correlation__balanced_crypto,joint_crypto_high_correlation,balanced_crypto,mean_capacity_utilisation,diagnostic,128,0.000424429086538,0.000111110051646,0.000206653385313,0.000642204787764,0,0,0,0.000120192307692,0.00115384615385,0.0022702991453,0,0.00870726495726,0.28125,0,0
7,joint_crypto_high_correlation__balanced_crypto,joint_crypto_high_correlation,balanced_crypto,maximum_capacity_utilisation,diagnostic,128,0.0615985576923,0.0122560693657,0.0375766617355,0.0856204536491,0,0,0,0.0384615384615,0.230769230769,0.307692307692,0,0.769230769231,0.28125,0,0
7,joint_crypto_high_correlation__balanced_crypto,joint_crypto_high_correlation,balanced_crypto,maximum_simultaneously_unsafe_families,diagnostic,128,0.4765625,0.0709927180248,0.337416772671,0.615708227329,0,0,0,1,2,2,0,2,0.28125,0,0
7,joint_crypto_high_correlation__balanced_crypto,joint_crypto_high_correlation,balanced_crypto,maximum_backlog_duration,diagnostic,128,5.375,1.82519144719,1.79762476351,8.95237523649,0,0,0,3.25,12,20,0,166,0.2734375,0,0
7,joint_crypto_high_correlation__balanced_crypto,joint_crypto_high_correlation,balanced_crypto,hours_one_unsafe_family,diagnostic,128,7.8203125,2.26132956832,3.38810654609,12.2525184539,0,0,0,3,17.5,40.65,0,188,0.2734375,0,0
7,joint_crypto_high_correlation__balanced_crypto,joint_crypto_high_correlation,balanced_crypto,hours_at_least_two_unsafe_families,diagnostic,128,2.0234375,0.497590756044,1.04815961815,2.99871538185,0,0,0,0,6.3,14.3,0,31,0.1953125,0,0
7,joint_crypto_high_correlation__balanced_crypto,joint_crypto_high_correlation,balanced_crypto,hours_all_applicable_volatile_families_unsafe,diagnostic,128,2.0234375,0.497590756044,1.04815961815,2.99871538185,0,0,0,0,6.3,14.3,0,31,0.1953125,0,0
7,joint_crypto_high_correlation__balanced_crypto,joint_crypto_high_correlation,balanced_crypto,hours_eth_wbtc_simultaneously_unsafe,diagnostic,128,2.0234375,0.497590756044,1.04815961815,2.99871538185,0,0,0,0,6.3,14.3,0,31,0.1953125,0,0
7,joint_crypto_high_correlation__balanced_crypto,joint_crypto_high_correlation,balanced_crypto,share_hours_eth_wbtc_simultaneously_unsafe,diagnostic,128,0.00281032986111,0.000691098272284,0.00145577724743,0.00416488247479,0,0,0,0,0.00875,0.0198611111111,0,0.0430555555556,0.1953125,0,0
7,joint_crypto_high_correlation__balanced_crypto,joint_crypto_high_correlation,balanced_crypto,maximum_simultaneous_active_backlog_families,diagnostic,128,0.4453125,0.0682029900598,0.311634639483,0.578990360517,0,0,0,1,2,2,0,2,0.2734375,0,0
8,joint_crypto_high_correlation__stable_supported,joint_crypto_high_correlation,stable_supported,realised_bad_debt_share,degenerate,128,5.70792303385e-23,5.70792303385e-23,-5.4796061125e-23,1.68954521802e-22,0,0,0,0,0,0,0,7.30614148333e-21,0.0078125,0,0
8,joint_crypto_high_correlation__stable_supported,joint_crypto_high_correlation,stable_supported,positive_realised_bad_debt,degenerate,128,0,0,0,0,0,0,0,0,0,0,0,0,0,0,0
8,joint_crypto_high_correlation__stable_supported,joint_crypto_high_correlation,stable_supported,active_bad_debt_share,degenerate,128,0,0,0,0,0,0,0,0,0,0,0,0,0,0,0
8,joint_crypto_high_correlation__stable_supported,joint_crypto_high_correlation,stable_supported,unresolved_tab_share,operational,128,0.00681615246973,0.0030126460017,0.000911366306392,0.0127209386331,0,0,0,0,0.00577513210413,0.0239157205779,0,0.341050215001,0.2421875,0,0
8,joint_crypto_high_correlation__stable_supported,joint_crypto_high_correlation,stable_supported,backlog_area_share,operational,128,0.0225322070188,0.0103013519695,0.00234155715849,0.0427228568791,0,0,0,0,0.0281102604307,0.0784439684401,0,1.20455390248,0.2421875,0,0
8,joint_crypto_high_correlation__stable_supported,joint_crypto_high_correlation,stable_supported,liquidated_debt_share,operational,128,0.00619491911243,0.00219190724305,0.00189878091604,0.0104910573088,0,0,0,0,0.00784681424864,0.0286184032654,0,0.172975741938,0.21875,0,0
8,joint_crypto_high_correlation__stable_supported,joint_crypto_high_correlation,stable_supported,debt_weighted_liquidated_vault_share,operational,128,0.00619491911243,0.00219190724305,0.00189878091604,0.0104910573088,0,0,0,0,0.00784681424864,0.0286184032654,0,0.172975741938,0.21875,0,0
8,joint_crypto_high_correlation__stable_supported,joint_crypto_high_correlation,stable_supported,successful_closure_count,operational,128,2.7734375,0.646596826601,1.50610771986,4.04076728014,0,0,0,0,10.3,19.95,0,47,0.21875,0,0
8,joint_crypto_high_correlation__stable_supported,joint_crypto_high_correlation,stable_supported,capacity_rejected_opportunities,operational,128,0,0,0,0,0,0,0,0,0,0,0,0,0,0,0
8,joint_crypto_high_correlation__stable_supported,joint_crypto_high_correlation,stable_supported,below_peg_burden,operational,128,0.259221364818,0.00398858692742,0.251403734441,0.267038995196,0.256866542563,0.186831435274,0.229567820657,0.287465585978,0.321133194591,0.333773855718,0.169592671946,0.3660592687,1,0,0
8,joint_crypto_high_correlation__stable_supported,joint_crypto_high_correlation,stable_supported,mean_absolute_peg_deviation,operational,128,0.000597776317663,6.48969732964e-06,0.000585056510897,0.000610496124429,0.000598598295043,0.000480357965518,0.000543822104482,0.000650833506567,0.000688361539265,0.000705718932085,0.000451994174648,0.000777779452119,1,0,0
8,joint_crypto_high_correlation__stable_supported,joint_crypto_high_correlation,stable_supported,minimum_dai_price,operational,128,0.995900137163,8.27849633965e-05,0.995737878635,0.996062395691,0.996022725003,0.994221015378,0.995450942213,0.996497114171,0.997075999089,0.997322188442,0.993388961094,0.997754896723,1,0,0
8,joint_crypto_high_correlation__stable_supported,joint_crypto_high_correlation,stable_supported,restricted_mean_recovery_time,operational,128,82.4453125,17.3555335089,48.4284668225,116.462158178,0,0,0,0,375.3,624.25,0,720,0.1875,2,0
8,joint_crypto_high_correlation__stable_supported,joint_crypto_high_correlation,stable_supported,recovery_probability_720h,operational,128,0.984375,0.0110049592883,0.962805279795,1.00594472021,1,1,1,1,1,1,0,1,0.984375,0,0
8,joint_crypto_high_correlation__stable_supported,joint_crypto_high_correlation,stable_supported,positive_demand_hours,diagnostic,128,1.984375,0.488673931667,1.02657409393,2.94217590607,0,0,0,0,5.6,14.65,0,31,0.2265625,0,0
8,joint_crypto_high_correlation__stable_supported,joint_crypto_high_correlation,stable_supported,binding_hours,diagnostic,128,0,0,0,0,0,0,0,0,0,0,0,0,0,0,0
8,joint_crypto_high_correlation__stable_supported,joint_crypto_high_correlation,stable_supported,mean_capacity_utilisation,diagnostic,128,0.000242888621795,6.14932555663e-05,0.000122361840885,0.000363415402705,0,0,0,0,0.000715811965812,0.00151175213675,0,0.00422008547009,0.2265625,0,0
8,joint_crypto_high_correlation__stable_supported,joint_crypto_high_correlation,stable_supported,maximum_capacity_utilisation,diagnostic,128,0.0417668269231,0.00891844441437,0.0242866758709,0.0592469779752,0,0,0,0,0.153846153846,0.230769230769,0,0.538461538462,0.2265625,0,0
8,joint_crypto_high_correlation__stable_supported,joint_crypto_high_correlation,stable_supported,maximum_simultaneously_unsafe_families,diagnostic,128,0.34375,0.0570319662748,0.231967346101,0.455532653899,0,0,0,0.25,1,2,0,2,0.25,0,0
8,joint_crypto_high_correlation__stable_supported,joint_crypto_high_correlation,stable_supported,maximum_backlog_duration,diagnostic,128,3.3671875,1.01858173298,1.37076730335,5.36360769665,0,0,0,0,6.3,14.2,0,69,0.2421875,0,0
8,joint_crypto_high_correlation__stable_supported,joint_crypto_high_correlation,stable_supported,hours_one_unsafe_family,diagnostic,128,5.5546875,1.40061188619,2.80948820307,8.29988679693,0,0,0,0.25,14.3,41.15,0,111,0.25,0,0
8,joint_crypto_high_correlation__stable_supported,joint_crypto_high_correlation,stable_supported,hours_at_least_two_unsafe_families,diagnostic,128,0.578125,0.209755134412,0.167004936552,0.989245063448,0,0,0,0,0,4.65,0,17,0.09375,0,0
8,joint_crypto_high_correlation__stable_supported,joint_crypto_high_correlation,stable_supported,hours_all_applicable_volatile_families_unsafe,diagnostic,128,0.578125,0.209755134412,0.167004936552,0.989245063448,0,0,0,0,0,4.65,0,17,0.09375,0,0
8,joint_crypto_high_correlation__stable_supported,joint_crypto_high_correlation,stable_supported,hours_eth_wbtc_simultaneously_unsafe,diagnostic,128,0.578125,0.209755134412,0.167004936552,0.989245063448,0,0,0,0,0,4.65,0,17,0.09375,0,0
8,joint_crypto_high_correlation__stable_supported,joint_crypto_high_correlation,stable_supported,share_hours_eth_wbtc_simultaneously_unsafe,diagnostic,128,0.000802951388889,0.000291326575573,0.000231951300766,0.00137395147701,0,0,0,0,0,0.00645833333333,0,0.0236111111111,0.09375,0,0
8,joint_crypto_high_correlation__stable_supported,joint_crypto_high_correlation,stable_supported,maximum_simultaneous_active_backlog_families,diagnostic,128,0.3203125,0.0542640382318,0.213954985066,0.426670014934,0,0,0,0,1,2,0,2,0.2421875,0,0
