contrast_type,shock,portfolio,left_portfolio,right_portfolio,contrast,metric,direction_multiplier,operationality,reversal_flag,pair_count,mean,standard_error,ci95_lower,ci95_upper,median,p05,p25,p75,p90,p95,minimum,maximum,positive_share,paired_probability_difference,discordant_left_one_right_zero,discordant_left_zero_right_one,empirical_discordant_left_one_right_zero,empirical_discordant_left_zero_right_one,high_correlation_discordant_left_one_right_zero,high_correlation_discordant_left_zero_right_one
raw_portfolio_contrast,joint_crypto_empirical_stress,empirical_crypto,empirical_crypto,eth_only,empirical_crypto - eth_only,realised_bad_debt_share,1,degenerate,,128,-1.8998146777e-21,1.29815741743e-21,-4.44420321586e-21,6.44573860461e-22,0,-1.7355340175e-20,0,0,0,0,-1.21103593167e-19,6.37268573157e-20,0.03125,,,,,,,
raw_portfolio_contrast,joint_crypto_empirical_stress,empirical_crypto,empirical_crypto,eth_only,empirical_crypto - eth_only,positive_realised_bad_debt,1,degenerate,,128,0,0,0,0,0,0,0,0,0,0,0,0,0,0,0,0,,,,
raw_portfolio_contrast,joint_crypto_empirical_stress,empirical_crypto,empirical_crypto,eth_only,empirical_crypto - eth_only,active_bad_debt_share,1,degenerate,,128,0,0,0,0,0,0,0,0,0,0,0,0,0,,,,,,,
raw_portfolio_contrast,joint_crypto_empirical_stress,empirical_crypto,empirical_crypto,eth_only,empirical_crypto - eth_only,unresolved_tab_share,1,operational,,128,-0.0148107323356,0.00494827755995,-0.0245093563531,-0.00511210831806,-0.00110641862908,-0.135701564112,-0.0107952425327,0,0.00394947515852,0.0391702927607,-0.259833889105,0.128555036968,0.21875,,,,,,,
raw_portfolio_contrast,joint_crypto_empirical_stress,empirical_crypto,empirical_crypto,eth_only,empirical_crypto - eth_only,backlog_area_share,1,operational,,128,-0.0717989390479,0.0188218169118,-0.108689700195,-0.0349081779009,-0.00274498984594,-0.566187593382,-0.0502383220286,0,0.0418638353199,0.0718139839309,-1.20210044782,0.350289916523,0.234375,,,,,,,
raw_portfolio_contrast,joint_crypto_empirical_stress,empirical_crypto,empirical_crypto,eth_only,empirical_crypto - eth_only,liquidated_debt_share,1,operational,,128,-0.0222804597828,0.00559072685446,-0.0332382844175,-0.0113226351481,-0.00250103321407,-0.144792816043,-0.0242916833547,0,0.00241603498229,0.0322814165297,-0.324446108148,0.146289215436,0.1875,,,,,,,
raw_portfolio_contrast,joint_crypto_empirical_stress,empirical_crypto,empirical_crypto,eth_only,empirical_crypto - eth_only,debt_weighted_liquidated_vault_share,1,operational,,128,-0.0222804597828,0.00559072685446,-0.0332382844175,-0.0113226351481,-0.00250103321407,-0.144792816043,-0.0242916833547,0,0.00241603498229,0.0322814165297,-0.324446108148,0.146289215436,0.1875,,,,,,,
raw_portfolio_contrast,joint_crypto_empirical_stress,empirical_crypto,empirical_crypto,eth_only,empirical_crypto - eth_only,successful_closure_count,1,operational,,128,-6.6015625,0.975041630682,-8.51264409614,-4.69048090386,-3.5,-26.65,-10,0,1.3,4,-69,12,0.1328125,,,,,,,
raw_portfolio_contrast,joint_crypto_empirical_stress,empirical_crypto,empirical_crypto,eth_only,empirical_crypto - eth_only,capacity_rejected_opportunities,1,operational,,128,-0.28125,0.130742833395,-0.537505953455,-0.0249940465451,0,-0.65,0,0,0,0,-11,0,0,,,,,,,
raw_portfolio_contrast,joint_crypto_empirical_stress,empirical_crypto,empirical_crypto,eth_only,empirical_crypto - eth_only,below_peg_burden,1,operational,,128,0,0,0,0,0,0,0,0,0,0,0,0,0,,,,,,,
raw_portfolio_contrast,joint_crypto_empirical_stress,empirical_crypto,empirical_crypto,eth_only,empirical_crypto - eth_only,mean_absolute_peg_deviation,1,operational,,128,0,0,0,0,0,0,0,0,0,0,0,0,0,,,,,,,
raw_portfolio_contrast,joint_crypto_empirical_stress,empirical_crypto,empirical_crypto,eth_only,empirical_crypto - eth_only,minimum_dai_price,1,operational,,128,0,0,0,0,0,0,0,0,0,0,0,0,0,,,,,,,
raw_portfolio_contrast,joint_crypto_empirical_stress,empirical_crypto,empirical_crypto,eth_only,empirical_crypto - eth_only,restricted_mean_recovery_time,1,operational,,128,0,0,0,0,0,0,0,0,0,0,0,0,0,,,,,,,
raw_portfolio_contrast,joint_crypto_empirical_stress,empirical_crypto,empirical_crypto,eth_only,empirical_crypto - eth_only,recovery_probability_720h,1,operational,,128,0,0,0,0,0,0,0,0,0,0,0,0,0,0,0,0,,,,
raw_portfolio_contrast,joint_crypto_empirical_stress,balanced_crypto,balanced_crypto,eth_only,balanced_crypto - eth_only,realised_bad_debt_share,1,degenerate,,128,-3.1752541131e-21,1.30311227704e-21,-5.72935417611e-21,-6.21154050094e-22,0,-1.75217814132e-20,0,0,0,0,-1.38439703663e-19,0,0,,,,,,,
raw_portfolio_contrast,joint_crypto_empirical_stress,balanced_crypto,balanced_crypto,eth_only,balanced_crypto - eth_only,positive_realised_bad_debt,1,degenerate,,128,0,0,0,0,0,0,0,0,0,0,0,0,0,0,0,0,,,,
raw_portfolio_contrast,joint_crypto_empirical_stress,balanced_crypto,balanced_crypto,eth_only,balanced_crypto - eth_only,active_bad_debt_share,1,degenerate,,128,0,0,0,0,0,0,0,0,0,0,0,0,0,,,,,,,
raw_portfolio_contrast,joint_crypto_empirical_stress,balanced_crypto,balanced_crypto,eth_only,balanced_crypto - eth_only,unresolved_tab_share,1,operational,,128,-0.0421074512217,0.006568490978,-0.0549816935386,-0.0292332089048,-0.00598465522901,-0.19882336285,-0.047691393154,-0.000547226257688,0,0.00128378935082,-0.439646247322,0.0111536525489,0.0703125,,,,,,,
raw_portfolio_contrast,joint_crypto_empirical_stress,balanced_crypto,balanced_crypto,eth_only,balanced_crypto - eth_only,backlog_area_share,1,operational,,128,-0.151999693826,0.0252189415864,-0.201428819335,-0.102570568316,-0.0254562222171,-0.841117428345,-0.143095267627,-0.00124861255063,0,0.000776935529979,-1.29546015995,0.194262511288,0.0703125,,,,,,,
raw_portfolio_contrast,joint_crypto_empirical_stress,balanced_crypto,balanced_crypto,eth_only,balanced_crypto - eth_only,liquidated_debt_share,1,operational,,128,-0.0629872074332,0.0084585826536,-0.0795660294343,-0.0464083854321,-0.011097746411,-0.260245829565,-0.109580042104,-0.000963976611856,0,0.000484898700307,-0.479046795472,0.0202525680751,0.078125,,,,,,,
raw_portfolio_contrast,joint_crypto_empirical_stress,balanced_crypto,balanced_crypto,eth_only,balanced_crypto - eth_only,debt_weighted_liquidated_vault_share,1,operational,,128,-0.0629872074332,0.0084585826536,-0.0795660294343,-0.0464083854321,-0.011097746411,-0.260245829565,-0.109580042104,-0.000963976611856,0,0.000484898700307,-0.479046795472,0.0202525680751,0.078125,,,,,,,
raw_portfolio_contrast,joint_crypto_empirical_stress,balanced_crypto,balanced_crypto,eth_only,balanced_crypto - eth_only,successful_closure_count,1,operational,,128,-16.0078125,1.5535668294,-19.0528034856,-12.9628215144,-11.5,-50,-27,-1.75,0,2.3,-89,7,0.0625,,,,,,,
raw_portfolio_contrast,joint_crypto_empirical_stress,balanced_crypto,balanced_crypto,eth_only,balanced_crypto - eth_only,capacity_rejected_opportunities,1,operational,,128,-0.40625,0.172349693445,-0.744055399153,-0.0684446008471,0,-1.65,0,0,0,0,-14,0,0,,,,,,,
raw_portfolio_contrast,joint_crypto_empirical_stress,balanced_crypto,balanced_crypto,eth_only,balanced_crypto - eth_only,below_peg_burden,1,operational,,128,0,0,0,0,0,0,0,0,0,0,0,0,0,,,,,,,
raw_portfolio_contrast,joint_crypto_empirical_stress,balanced_crypto,balanced_crypto,eth_only,balanced_crypto - eth_only,mean_absolute_peg_deviation,1,operational,,128,0,0,0,0,0,0,0,0,0,0,0,0,0,,,,,,,
raw_portfolio_contrast,joint_crypto_empirical_stress,balanced_crypto,balanced_crypto,eth_only,balanced_crypto - eth_only,minimum_dai_price,1,operational,,128,0,0,0,0,0,0,0,0,0,0,0,0,0,,,,,,,
raw_portfolio_contrast,joint_crypto_empirical_stress,balanced_crypto,balanced_crypto,eth_only,balanced_crypto - eth_only,restricted_mean_recovery_time,1,operational,,128,0,0,0,0,0,0,0,0,0,0,0,0,0,,,,,,,
raw_portfolio_contrast,joint_crypto_empirical_stress,balanced_crypto,balanced_crypto,eth_only,balanced_crypto - eth_only,recovery_probability_720h,1,operational,,128,0,0,0,0,0,0,0,0,0,0,0,0,0,0,0,0,,,,
raw_portfolio_contrast,joint_crypto_empirical_stress,stable_supported,stable_supported,eth_only,stable_supported - eth_only,realised_bad_debt_share,1,degenerate,,128,-2.78896325128e-21,1.34196901682e-21,-5.41922252425e-21,-1.58703978301e-22,0,-1.75217814132e-20,0,0,0,0,-1.38439703663e-19,3.34822313381e-20,0.015625,,,,,,,
raw_portfolio_contrast,joint_crypto_empirical_stress,stable_supported,stable_supported,eth_only,stable_supported - eth_only,positive_realised_bad_debt,1,degenerate,,128,0,0,0,0,0,0,0,0,0,0,0,0,0,0,0,0,,,,
raw_portfolio_contrast,joint_crypto_empirical_stress,stable_supported,stable_supported,eth_only,stable_supported - eth_only,active_bad_debt_share,1,degenerate,,128,0,0,0,0,0,0,0,0,0,0,0,0,0,,,,,,,
raw_portfolio_contrast,joint_crypto_empirical_stress,stable_supported,stable_supported,eth_only,stable_supported - eth_only,unresolved_tab_share,1,operational,,128,-0.04381864147,0.00667112304677,-0.0568940426416,-0.0307432402983,-0.00672400823911,-0.205034967026,-0.0586211206184,-0.000609933053706,0,0,-0.440220434819,0.0315203295613,0.0390625,,,,,,,
raw_portfolio_contrast,joint_crypto_empirical_stress,stable_supported,stable_supported,eth_only,stable_supported - eth_only,backlog_area_share,1,operational,,128,-0.163721469862,0.0261487075137,-0.214972936589,-0.112470003135,-0.0330464109132,-0.841222374035,-0.18627320488,-0.00200727111986,0,0,-1.35916813246,0.652490628246,0.0234375,,,,,,,
raw_portfolio_contrast,joint_crypto_empirical_stress,stable_supported,stable_supported,eth_only,stable_supported - eth_only,liquidated_debt_share,1,operational,,128,-0.0663496918391,0.0086148016516,-0.0832347030762,-0.0494646806019,-0.0193531701804,-0.251107339344,-0.116780636765,-0.00112054800144,0,0,-0.565260815968,0.0015938129005,0.0234375,,,,,,,
raw_portfolio_contrast,joint_crypto_empirical_stress,stable_supported,stable_supported,eth_only,stable_supported - eth_only,debt_weighted_liquidated_vault_share,1,operational,,128,-0.0663496918391,0.0086148016516,-0.0832347030762,-0.0494646806019,-0.0193531701804,-0.251107339344,-0.116780636765,-0.00112054800144,0,0,-0.565260815968,0.0015938129005,0.0234375,,,,,,,
raw_portfolio_contrast,joint_crypto_empirical_stress,stable_supported,stable_supported,eth_only,stable_supported - eth_only,successful_closure_count,1,operational,,128,-18.5,1.65901705791,-21.7516734335,-15.2483265665,-14,-51,-27,-3,0,0,-104,1,0.0078125,,,,,,,
raw_portfolio_contrast,joint_crypto_empirical_stress,stable_supported,stable_supported,eth_only,stable_supported - eth_only,capacity_rejected_opportunities,1,operational,,128,-0.4765625,0.196538964172,-0.861778869777,-0.0913461302232,0,-1.65,0,0,0,0,-14,0,0,,,,,,,
raw_portfolio_contrast,joint_crypto_empirical_stress,stable_supported,stable_supported,eth_only,stable_supported - eth_only,below_peg_burden,1,operational,,128,0,0,0,0,0,0,0,0,0,0,0,0,0,,,,,,,
raw_portfolio_contrast,joint_crypto_empirical_stress,stable_supported,stable_supported,eth_only,stable_supported - eth_only,mean_absolute_peg_deviation,1,operational,,128,0,0,0,0,0,0,0,0,0,0,0,0,0,,,,,,,
raw_portfolio_contrast,joint_crypto_empirical_stress,stable_supported,stable_supported,eth_only,stable_supported - eth_only,minimum_dai_price,1,operational,,128,0,0,0,0,0,0,0,0,0,0,0,0,0,,,,,,,
raw_portfolio_contrast,joint_crypto_empirical_stress,stable_supported,stable_supported,eth_only,stable_supported - eth_only,restricted_mean_recovery_time,1,operational,,128,0,0,0,0,0,0,0,0,0,0,0,0,0,,,,,,,
raw_portfolio_contrast,joint_crypto_empirical_stress,stable_supported,stable_supported,eth_only,stable_supported - eth_only,recovery_probability_720h,1,operational,,128,0,0,0,0,0,0,0,0,0,0,0,0,0,0,0,0,,,,
raw_portfolio_contrast,joint_crypto_empirical_stress,balanced_crypto,balanced_crypto,empirical_crypto,balanced_crypto - empirical_crypto,realised_bad_debt_share,1,degenerate,,128,-1.2754394354e-21,6.1061206977e-22,-2.47223909215e-21,-7.863977865e-23,0,0,0,0,0,0,-6.37268573157e-20,0,0,,,,,,,
raw_portfolio_contrast,joint_crypto_empirical_stress,balanced_crypto,balanced_crypto,empirical_crypto,balanced_crypto - empirical_crypto,positive_realised_bad_debt,1,degenerate,,128,0,0,0,0,0,0,0,0,0,0,0,0,0,0,0,0,,,,
raw_portfolio_contrast,joint_crypto_empirical_stress,balanced_crypto,balanced_crypto,empirical_crypto,balanced_crypto - empirical_crypto,active_bad_debt_share,1,degenerate,,128,0,0,0,0,0,0,0,0,0,0,0,0,0,,,,,,,
raw_portfolio_contrast,joint_crypto_empirical_stress,balanced_crypto,balanced_crypto,empirical_crypto,balanced_crypto - empirical_crypto,unresolved_tab_share,1,operational,,128,-0.0272967188861,0.00528124155766,-0.0376479523391,-0.0169454854331,-0.00151347543682,-0.150694102673,-0.0200326710663,0,0.000129252295637,0.00424575318065,-0.339296626697,0.0729012569311,0.125,,,,,,,
raw_portfolio_contrast,joint_crypto_empirical_stress,balanced_crypto,balanced_crypto,empirical_crypto,balanced_crypto - empirical_crypto,backlog_area_share,1,operational,,128,-0.0802007547777,0.0151688631163,-0.109931726486,-0.0504697830696,-0.00795332750157,-0.448043890805,-0.0716143145563,0,7.18374182276e-05,0.0161696849464,-0.973705344418,0.344204514033,0.1171875,,,,,,,
raw_portfolio_contrast,joint_crypto_empirical_stress,balanced_crypto,balanced_crypto,empirical_crypto,balanced_crypto - empirical_crypto,liquidated_debt_share,1,operational,,128,-0.0407067476504,0.00707544686534,-0.0545746235064,-0.0268388717943,-0.00219288746241,-0.21259845254,-0.0382633168517,0,0.000222885584357,0.00716279668912,-0.415026802978,0.0522809183843,0.1328125,,,,,,,
raw_portfolio_contrast,joint_crypto_empirical_stress,balanced_crypto,balanced_crypto,empirical_crypto,balanced_crypto - empirical_crypto,debt_weighted_liquidated_vault_share,1,operational,,128,-0.0407067476504,0.00707544686534,-0.0545746235064,-0.0268388717943,-0.00219288746241,-0.21259845254,-0.0382633168517,0,0.000222885584357,0.00716279668912,-0.415026802978,0.0522809183843,0.1328125,,,,,,,
raw_portfolio_contrast,joint_crypto_empirical_stress,balanced_crypto,balanced_crypto,empirical_crypto,balanced_crypto - empirical_crypto,successful_closure_count,1,operational,,128,-9.40625,1.01006484526,-11.3859770967,-7.42652290329,-6,-33.65,-14.5,0,0,3,-44,10,0.09375,,,,,,,
raw_portfolio_contrast,joint_crypto_empirical_stress,balanced_crypto,balanced_crypto,empirical_crypto,balanced_crypto - empirical_crypto,capacity_rejected_opportunities,1,operational,,128,-0.125,0.0627455805138,-0.247981337807,-0.00201866219292,0,0,0,0,0,0,-6,0,0,,,,,,,
raw_portfolio_contrast,joint_crypto_empirical_stress,balanced_crypto,balanced_crypto,empirical_crypto,balanced_crypto - empirical_crypto,below_peg_burden,1,operational,,128,0,0,0,0,0,0,0,0,0,0,0,0,0,,,,,,,
raw_portfolio_contrast,joint_crypto_empirical_stress,balanced_crypto,balanced_crypto,empirical_crypto,balanced_crypto - empirical_crypto,mean_absolute_peg_deviation,1,operational,,128,0,0,0,0,0,0,0,0,0,0,0,0,0,,,,,,,
raw_portfolio_contrast,joint_crypto_empirical_stress,balanced_crypto,balanced_crypto,empirical_crypto,balanced_crypto - empirical_crypto,minimum_dai_price,1,operational,,128,0,0,0,0,0,0,0,0,0,0,0,0,0,,,,,,,
raw_portfolio_contrast,joint_crypto_empirical_stress,balanced_crypto,balanced_crypto,empirical_crypto,balanced_crypto - empirical_crypto,restricted_mean_recovery_time,1,operational,,128,0,0,0,0,0,0,0,0,0,0,0,0,0,,,,,,,
raw_portfolio_contrast,joint_crypto_empirical_stress,balanced_crypto,balanced_crypto,empirical_crypto,balanced_crypto - empirical_crypto,recovery_probability_720h,1,operational,,128,0,0,0,0,0,0,0,0,0,0,0,0,0,0,0,0,,,,
raw_portfolio_contrast,joint_crypto_empirical_stress,stable_supported,stable_supported,empirical_crypto,stable_supported - empirical_crypto,realised_bad_debt_share,1,degenerate,,128,-8.89148573577e-22,5.82162079765e-22,-2.03018624992e-21,2.51889102763e-22,0,0,0,0,0,0,-4.77638583406e-20,3.34822313381e-20,0.0078125,,,,,,,
raw_portfolio_contrast,joint_crypto_empirical_stress,stable_supported,stable_supported,empirical_crypto,stable_supported - empirical_crypto,positive_realised_bad_debt,1,degenerate,,128,0,0,0,0,0,0,0,0,0,0,0,0,0,0,0,0,,,,
raw_portfolio_contrast,joint_crypto_empirical_stress,stable_supported,stable_supported,empirical_crypto,stable_supported - empirical_crypto,active_bad_debt_share,1,degenerate,,128,0,0,0,0,0,0,0,0,0,0,0,0,0,,,,,,,
raw_portfolio_contrast,joint_crypto_empirical_stress,stable_supported,stable_supported,empirical_crypto,stable_supported - empirical_crypto,unresolved_tab_share,1,operational,,128,-0.0290079091344,0.00520448235561,-0.0392086945514,-0.0188071237174,-0.00218296727735,-0.146756077492,-0.0230607211005,-0.000116679805604,0,0,-0.339870814194,0.010828257049,0.046875,,,,,,,
raw_portfolio_contrast,joint_crypto_empirical_stress,stable_supported,stable_supported,empirical_crypto,stable_supported - empirical_crypto,backlog_area_share,1,operational,,128,-0.0919225308139,0.0172250829264,-0.12568369335,-0.0581613682781,-0.0149883233826,-0.473729763868,-0.0942314107903,-0.000860255575227,0,0,-1.03741331692,0.78254173173,0.015625,,,,,,,
raw_portfolio_contrast,joint_crypto_empirical_stress,stable_supported,stable_supported,empirical_crypto,stable_supported - empirical_crypto,liquidated_debt_share,1,operational,,128,-0.0440692320563,0.00700433004144,-0.0577977189375,-0.030340745175,-0.00577214058673,-0.206245039371,-0.0535487137113,-0.000493358370811,0,0,-0.458166643714,0.0378457810705,0.03125,,,,,,,
raw_portfolio_contrast,joint_crypto_empirical_stress,stable_supported,stable_supported,empirical_crypto,stable_supported - empirical_crypto,debt_weighted_liquidated_vault_share,1,operational,,128,-0.0440692320563,0.00700433004144,-0.0577977189375,-0.030340745175,-0.00577214058673,-0.206245039371,-0.0535487137113,-0.000493358370811,0,0,-0.458166643714,0.0378457810705,0.03125,,,,,,,
raw_portfolio_contrast,joint_crypto_empirical_stress,stable_supported,stable_supported,empirical_crypto,stable_supported - empirical_crypto,successful_closure_count,1,operational,,128,-11.8984375,1.09775853432,-14.0500442273,-9.74683077273,-9,-35.65,-19.25,-1,0,0,-50,1,0.0234375,,,,,,,
raw_portfolio_contrast,joint_crypto_empirical_stress,stable_supported,stable_supported,empirical_crypto,stable_supported - empirical_crypto,capacity_rejected_opportunities,1,operational,,128,-0.1953125,0.114767499561,-0.420256799139,0.0296317991394,0,0,0,0,0,0,-13,0,0,,,,,,,
raw_portfolio_contrast,joint_crypto_empirical_stress,stable_supported,stable_supported,empirical_crypto,stable_supported - empirical_crypto,below_peg_burden,1,operational,,128,0,0,0,0,0,0,0,0,0,0,0,0,0,,,,,,,
raw_portfolio_contrast,joint_crypto_empirical_stress,stable_supported,stable_supported,empirical_crypto,stable_supported - empirical_crypto,mean_absolute_peg_deviation,1,operational,,128,0,0,0,0,0,0,0,0,0,0,0,0,0,,,,,,,
raw_portfolio_contrast,joint_crypto_empirical_stress,stable_supported,stable_supported,empirical_crypto,stable_supported - empirical_crypto,minimum_dai_price,1,operational,,128,0,0,0,0,0,0,0,0,0,0,0,0,0,,,,,,,
raw_portfolio_contrast,joint_crypto_empirical_stress,stable_supported,stable_supported,empirical_crypto,stable_supported - empirical_crypto,restricted_mean_recovery_time,1,operational,,128,0,0,0,0,0,0,0,0,0,0,0,0,0,,,,,,,
raw_portfolio_contrast,joint_crypto_empirical_stress,stable_supported,stable_supported,empirical_crypto,stable_supported - empirical_crypto,recovery_probability_720h,1,operational,,128,0,0,0,0,0,0,0,0,0,0,0,0,0,0,0,0,,,,
raw_portfolio_contrast,joint_crypto_empirical_stress,stable_supported,stable_supported,balanced_crypto,stable_supported - balanced_crypto,realised_bad_debt_share,1,degenerate,,128,3.86290861822e-22,2.88899890262e-22,-1.79952923092e-22,9.52534646736e-22,0,0,0,0,0,0,0,3.34822313381e-20,0.015625,,,,,,,
raw_portfolio_contrast,joint_crypto_empirical_stress,stable_supported,stable_supported,balanced_crypto,stable_supported - balanced_crypto,positive_realised_bad_debt,1,degenerate,,128,0,0,0,0,0,0,0,0,0,0,0,0,0,0,0,0,,,,
raw_portfolio_contrast,joint_crypto_empirical_stress,stable_supported,stable_supported,balanced_crypto,stable_supported - balanced_crypto,active_bad_debt_share,1,degenerate,,128,0,0,0,0,0,0,0,0,0,0,0,0,0,,,,,,,
raw_portfolio_contrast,joint_crypto_empirical_stress,stable_supported,stable_supported,balanced_crypto,stable_supported - balanced_crypto,unresolved_tab_share,1,operational,,128,-0.00171119024828,0.00197140439927,-0.00557514287084,0.00215276237428,0,-0.0302687653253,-0.000443510906588,0,0.00130688274253,0.00930182869488,-0.142303656933,0.117950830336,0.234375,,,,,,,
raw_portfolio_contrast,joint_crypto_empirical_stress,stable_supported,stable_supported,balanced_crypto,stable_supported - balanced_crypto,backlog_area_share,1,operational,,128,-0.0117217760362,0.0108553116346,-0.0329981868401,0.00955463476758,0,-0.127397228296,-0.00384278953614,0,0.00270936208555,0.0185742275759,-0.591890330712,1.06790430868,0.1640625,,,,,,,
raw_portfolio_contrast,joint_crypto_empirical_stress,stable_supported,stable_supported,balanced_crypto,stable_supported - balanced_crypto,liquidated_debt_share,1,operational,,128,-0.00336248440587,0.0036307552095,-0.0104787646165,0.00375379580476,0,-0.0452389711589,-0.00229557022085,0,0.000663373910748,0.00593503452833,-0.283983747106,0.22393991772,0.1796875,,,,,,,
raw_portfolio_contrast,joint_crypto_empirical_stress,stable_supported,stable_supported,balanced_crypto,stable_supported - balanced_crypto,debt_weighted_liquidated_vault_share,1,operational,,128,-0.00336248440587,0.0036307552095,-0.0104787646165,0.00375379580476,0,-0.0452389711589,-0.00229557022085,0,0.000663373910748,0.00593503452833,-0.283983747106,0.22393991772,0.1796875,,,,,,,
raw_portfolio_contrast,joint_crypto_empirical_stress,stable_supported,stable_supported,balanced_crypto,stable_supported - balanced_crypto,successful_closure_count,1,operational,,128,-2.4921875,0.616776219739,-3.70106889069,-1.28330610931,0,-14.65,-4,0,1,2.65,-32,26,0.1328125,,,,,,,
raw_portfolio_contrast,joint_crypto_empirical_stress,stable_supported,stable_supported,balanced_crypto,stable_supported - balanced_crypto,capacity_rejected_opportunities,1,operational,,128,-0.0703125,0.0703125,-0.208125,0.0675,0,0,0,0,0,0,-9,0,0,,,,,,,
raw_portfolio_contrast,joint_crypto_empirical_stress,stable_supported,stable_supported,balanced_crypto,stable_supported - balanced_crypto,below_peg_burden,1,operational,,128,0,0,0,0,0,0,0,0,0,0,0,0,0,,,,,,,
raw_portfolio_contrast,joint_crypto_empirical_stress,stable_supported,stable_supported,balanced_crypto,stable_supported - balanced_crypto,mean_absolute_peg_deviation,1,operational,,128,0,0,0,0,0,0,0,0,0,0,0,0,0,,,,,,,
raw_portfolio_contrast,joint_crypto_empirical_stress,stable_supported,stable_supported,balanced_crypto,stable_supported - balanced_crypto,minimum_dai_price,1,operational,,128,0,0,0,0,0,0,0,0,0,0,0,0,0,,,,,,,
raw_portfolio_contrast,joint_crypto_empirical_stress,stable_supported,stable_supported,balanced_crypto,stable_supported - balanced_crypto,restricted_mean_recovery_time,1,operational,,128,0,0,0,0,0,0,0,0,0,0,0,0,0,,,,,,,
raw_portfolio_contrast,joint_crypto_empirical_stress,stable_supported,stable_supported,balanced_crypto,stable_supported - balanced_crypto,recovery_probability_720h,1,operational,,128,0,0,0,0,0,0,0,0,0,0,0,0,0,0,0,0,,,,
direction_normalised_advantage,joint_crypto_empirical_stress,empirical_crypto,empirical_crypto,eth_only,"advantage(empirical_crypto, joint_crypto_empirical_stress)",realised_bad_debt_share,-1,degenerate,,128,1.8998146777e-21,1.29815741743e-21,-6.44573860461e-22,4.44420321586e-21,0,0,-0,0,0,1.7355340175e-20,-6.37268573157e-20,1.21103593167e-19,0.078125,,,,,,,
direction_normalised_advantage,joint_crypto_empirical_stress,empirical_crypto,empirical_crypto,eth_only,"advantage(empirical_crypto, joint_crypto_empirical_stress)",positive_realised_bad_debt,-1,degenerate,,128,0,0,0,0,0,0,-0,0,0,-0,-0,-0,0,0,0,0,,,,
direction_normalised_advantage,joint_crypto_empirical_stress,empirical_crypto,empirical_crypto,eth_only,"advantage(empirical_crypto, joint_crypto_empirical_stress)",active_bad_debt_share,-1,degenerate,,128,0,0,0,0,0,0,-0,0,0,-0,-0,-0,0,,,,,,,
direction_normalised_advantage,joint_crypto_empirical_stress,empirical_crypto,empirical_crypto,eth_only,"advantage(empirical_crypto, joint_crypto_empirical_stress)",unresolved_tab_share,-1,operational,,128,0.0148107323356,0.00494827755995,0.00511210831806,0.0245093563531,0.00110641862908,-0.0391702927607,-0,0.0107952425327,0.0547866055566,0.135701564112,-0.128555036968,0.259833889105,0.6953125,,,,,,,
direction_normalised_advantage,joint_crypto_empirical_stress,empirical_crypto,empirical_crypto,eth_only,"advantage(empirical_crypto, joint_crypto_empirical_stress)",backlog_area_share,-1,operational,,128,0.0717989390479,0.0188218169118,0.0349081779009,0.108689700195,0.00274498984594,-0.0718139839309,-0,0.0502383220286,0.227127969488,0.566187593382,-0.350289916523,1.20210044782,0.6796875,,,,,,,
direction_normalised_advantage,joint_crypto_empirical_stress,empirical_crypto,empirical_crypto,eth_only,"advantage(empirical_crypto, joint_crypto_empirical_stress)",liquidated_debt_share,-1,operational,,128,0.0222804597828,0.00559072685446,0.0113226351481,0.0332382844175,0.00250103321407,-0.0322814165297,-0,0.0242916833547,0.0904070230495,0.144792816043,-0.146289215436,0.324446108148,0.7265625,,,,,,,
direction_normalised_advantage,joint_crypto_empirical_stress,empirical_crypto,empirical_crypto,eth_only,"advantage(empirical_crypto, joint_crypto_empirical_stress)",debt_weighted_liquidated_vault_share,-1,operational,,128,0.0222804597828,0.00559072685446,0.0113226351481,0.0332382844175,0.00250103321407,-0.0322814165297,-0,0.0242916833547,0.0904070230495,0.144792816043,-0.146289215436,0.324446108148,0.7265625,,,,,,,
direction_normalised_advantage,joint_crypto_empirical_stress,empirical_crypto,empirical_crypto,eth_only,"advantage(empirical_crypto, joint_crypto_empirical_stress)",successful_closure_count,-1,operational,,128,6.6015625,0.975041630682,4.69048090386,8.51264409614,3.5,-4,-0,10,18.3,26.65,-12,69,0.7265625,,,,,,,
direction_normalised_advantage,joint_crypto_empirical_stress,empirical_crypto,empirical_crypto,eth_only,"advantage(empirical_crypto, joint_crypto_empirical_stress)",capacity_rejected_opportunities,-1,operational,,128,0.28125,0.130742833395,0.0249940465451,0.537505953455,0,0,-0,0,0,0.65,-0,11,0.0546875,,,,,,,
direction_normalised_advantage,joint_crypto_empirical_stress,empirical_crypto,empirical_crypto,eth_only,"advantage(empirical_crypto, joint_crypto_empirical_stress)",below_peg_burden,-1,operational,,128,0,0,0,0,0,0,-0,0,0,-0,-0,-0,0,,,,,,,
direction_normalised_advantage,joint_crypto_empirical_stress,empirical_crypto,empirical_crypto,eth_only,"advantage(empirical_crypto, joint_crypto_empirical_stress)",mean_absolute_peg_deviation,-1,operational,,128,0,0,0,0,0,0,-0,0,0,-0,-0,-0,0,,,,,,,
direction_normalised_advantage,joint_crypto_empirical_stress,empirical_crypto,empirical_crypto,eth_only,"advantage(empirical_crypto, joint_crypto_empirical_stress)",minimum_dai_price,1,operational,,128,0,0,0,0,0,0,0,0,0,0,0,0,0,,,,,,,
direction_normalised_advantage,joint_crypto_empirical_stress,empirical_crypto,empirical_crypto,eth_only,"advantage(empirical_crypto, joint_crypto_empirical_stress)",restricted_mean_recovery_time,-1,operational,,128,0,0,0,0,0,0,-0,0,0,-0,-0,-0,0,,,,,,,
direction_normalised_advantage,joint_crypto_empirical_stress,empirical_crypto,empirical_crypto,eth_only,"advantage(empirical_crypto, joint_crypto_empirical_stress)",recovery_probability_720h,1,operational,,128,0,0,0,0,0,0,0,0,0,0,0,0,0,0,0,0,,,,
direction_normalised_advantage,joint_crypto_empirical_stress,balanced_crypto,balanced_crypto,eth_only,"advantage(balanced_crypto, joint_crypto_empirical_stress)",realised_bad_debt_share,-1,degenerate,,128,3.1752541131e-21,1.30311227704e-21,6.21154050094e-22,5.72935417611e-21,0,0,-0,0,0,1.75217814132e-20,-0,1.38439703663e-19,0.0859375,,,,,,,
direction_normalised_advantage,joint_crypto_empirical_stress,balanced_crypto,balanced_crypto,eth_only,"advantage(balanced_crypto, joint_crypto_empirical_stress)",positive_realised_bad_debt,-1,degenerate,,128,0,0,0,0,0,0,-0,0,0,-0,-0,-0,0,0,0,0,,,,
direction_normalised_advantage,joint_crypto_empirical_stress,balanced_crypto,balanced_crypto,eth_only,"advantage(balanced_crypto, joint_crypto_empirical_stress)",active_bad_debt_share,-1,degenerate,,128,0,0,0,0,0,0,-0,0,0,-0,-0,-0,0,,,,,,,
direction_normalised_advantage,joint_crypto_empirical_stress,balanced_crypto,balanced_crypto,eth_only,"advantage(balanced_crypto, joint_crypto_empirical_stress)",unresolved_tab_share,-1,operational,,128,0.0421074512217,0.006568490978,0.0292332089048,0.0549816935386,0.00598465522901,-0.00128378935082,0.000547226257688,0.047691393154,0.153212378563,0.19882336285,-0.0111536525489,0.439646247322,0.828125,,,,,,,
direction_normalised_advantage,joint_crypto_empirical_stress,balanced_crypto,balanced_crypto,eth_only,"advantage(balanced_crypto, joint_crypto_empirical_stress)",backlog_area_share,-1,operational,,128,0.151999693826,0.0252189415864,0.102570568316,0.201428819335,0.0254562222171,-0.000776935529979,0.00124861255063,0.143095267627,0.515853907866,0.841117428345,-0.194262511288,1.29546015995,0.828125,,,,,,,
direction_normalised_advantage,joint_crypto_empirical_stress,balanced_crypto,balanced_crypto,eth_only,"advantage(balanced_crypto, joint_crypto_empirical_stress)",liquidated_debt_share,-1,operational,,128,0.0629872074332,0.0084585826536,0.0464083854321,0.0795660294343,0.011097746411,-0.000484898700307,0.000963976611856,0.109580042104,0.184453094875,0.260245829565,-0.0202525680751,0.479046795472,0.84375,,,,,,,
direction_normalised_advantage,joint_crypto_empirical_stress,balanced_crypto,balanced_crypto,eth_only,"advantage(balanced_crypto, joint_crypto_empirical_stress)",debt_weighted_liquidated_vault_share,-1,operational,,128,0.0629872074332,0.0084585826536,0.0464083854321,0.0795660294343,0.011097746411,-0.000484898700307,0.000963976611856,0.109580042104,0.184453094875,0.260245829565,-0.0202525680751,0.479046795472,0.84375,,,,,,,
direction_normalised_advantage,joint_crypto_empirical_stress,balanced_crypto,balanced_crypto,eth_only,"advantage(balanced_crypto, joint_crypto_empirical_stress)",successful_closure_count,-1,operational,,128,16.0078125,1.5535668294,12.9628215144,19.0528034856,11.5,-2.3,1.75,27,42,50,-7,89,0.828125,,,,,,,
direction_normalised_advantage,joint_crypto_empirical_stress,balanced_crypto,balanced_crypto,eth_only,"advantage(balanced_crypto, joint_crypto_empirical_stress)",capacity_rejected_opportunities,-1,operational,,128,0.40625,0.172349693445,0.0684446008471,0.744055399153,0,0,-0,0,0,1.65,-0,14,0.078125,,,,,,,
direction_normalised_advantage,joint_crypto_empirical_stress,balanced_crypto,balanced_crypto,eth_only,"advantage(balanced_crypto, joint_crypto_empirical_stress)",below_peg_burden,-1,operational,,128,0,0,0,0,0,0,-0,0,0,-0,-0,-0,0,,,,,,,
direction_normalised_advantage,joint_crypto_empirical_stress,balanced_crypto,balanced_crypto,eth_only,"advantage(balanced_crypto, joint_crypto_empirical_stress)",mean_absolute_peg_deviation,-1,operational,,128,0,0,0,0,0,0,-0,0,0,-0,-0,-0,0,,,,,,,
direction_normalised_advantage,joint_crypto_empirical_stress,balanced_crypto,balanced_crypto,eth_only,"advantage(balanced_crypto, joint_crypto_empirical_stress)",minimum_dai_price,1,operational,,128,0,0,0,0,0,0,0,0,0,0,0,0,0,,,,,,,
direction_normalised_advantage,joint_crypto_empirical_stress,balanced_crypto,balanced_crypto,eth_only,"advantage(balanced_crypto, joint_crypto_empirical_stress)",restricted_mean_recovery_time,-1,operational,,128,0,0,0,0,0,0,-0,0,0,-0,-0,-0,0,,,,,,,
direction_normalised_advantage,joint_crypto_empirical_stress,balanced_crypto,balanced_crypto,eth_only,"advantage(balanced_crypto, joint_crypto_empirical_stress)",recovery_probability_720h,1,operational,,128,0,0,0,0,0,0,0,0,0,0,0,0,0,0,0,0,,,,
direction_normalised_advantage,joint_crypto_empirical_stress,stable_supported,stable_supported,eth_only,"advantage(stable_supported, joint_crypto_empirical_stress)",realised_bad_debt_share,-1,degenerate,,128,2.78896325128e-21,1.34196901682e-21,1.58703978301e-22,5.41922252425e-21,0,0,-0,0,0,1.75217814132e-20,-3.34822313381e-20,1.38439703663e-19,0.0859375,,,,,,,
direction_normalised_advantage,joint_crypto_empirical_stress,stable_supported,stable_supported,eth_only,"advantage(stable_supported, joint_crypto_empirical_stress)",positive_realised_bad_debt,-1,degenerate,,128,0,0,0,0,0,0,-0,0,0,-0,-0,-0,0,0,0,0,,,,
direction_normalised_advantage,joint_crypto_empirical_stress,stable_supported,stable_supported,eth_only,"advantage(stable_supported, joint_crypto_empirical_stress)",active_bad_debt_share,-1,degenerate,,128,0,0,0,0,0,0,-0,0,0,-0,-0,-0,0,,,,,,,
direction_normalised_advantage,joint_crypto_empirical_stress,stable_supported,stable_supported,eth_only,"advantage(stable_supported, joint_crypto_empirical_stress)",unresolved_tab_share,-1,operational,,128,0.04381864147,0.00667112304677,0.0307432402983,0.0568940426416,0.00672400823911,0,0.000609933053706,0.0586211206184,0.159089961846,0.205034967026,-0.0315203295613,0.440220434819,0.8515625,,,,,,,
direction_normalised_advantage,joint_crypto_empirical_stress,stable_supported,stable_supported,eth_only,"advantage(stable_supported, joint_crypto_empirical_stress)",backlog_area_share,-1,operational,,128,0.163721469862,0.0261487075137,0.112470003135,0.214972936589,0.0330464109132,0,0.00200727111986,0.18627320488,0.505504768375,0.841222374035,-0.652490628246,1.35916813246,0.8671875,,,,,,,
direction_normalised_advantage,joint_crypto_empirical_stress,stable_supported,stable_supported,eth_only,"advantage(stable_supported, joint_crypto_empirical_stress)",liquidated_debt_share,-1,operational,,128,0.0663496918391,0.0086148016516,0.0494646806019,0.0832347030762,0.0193531701804,0,0.00112054800144,0.116780636765,0.179663868457,0.251107339344,-0.0015938129005,0.565260815968,0.8828125,,,,,,,
direction_normalised_advantage,joint_crypto_empirical_stress,stable_supported,stable_supported,eth_only,"advantage(stable_supported, joint_crypto_empirical_stress)",debt_weighted_liquidated_vault_share,-1,operational,,128,0.0663496918391,0.0086148016516,0.0494646806019,0.0832347030762,0.0193531701804,0,0.00112054800144,0.116780636765,0.179663868457,0.251107339344,-0.0015938129005,0.565260815968,0.8828125,,,,,,,
direction_normalised_advantage,joint_crypto_empirical_stress,stable_supported,stable_supported,eth_only,"advantage(stable_supported, joint_crypto_empirical_stress)",successful_closure_count,-1,operational,,128,18.5,1.65901705791,15.2483265665,21.7516734335,14,0,3,27,43,51,-1,104,0.890625,,,,,,,
direction_normalised_advantage,joint_crypto_empirical_stress,stable_supported,stable_supported,eth_only,"advantage(stable_supported, joint_crypto_empirical_stress)",capacity_rejected_opportunities,-1,operational,,128,0.4765625,0.196538964172,0.0913461302232,0.861778869777,0,0,-0,0,0,1.65,-0,14,0.078125,,,,,,,
direction_normalised_advantage,joint_crypto_empirical_stress,stable_supported,stable_supported,eth_only,"advantage(stable_supported, joint_crypto_empirical_stress)",below_peg_burden,-1,operational,,128,0,0,0,0,0,0,-0,0,0,-0,-0,-0,0,,,,,,,
direction_normalised_advantage,joint_crypto_empirical_stress,stable_supported,stable_supported,eth_only,"advantage(stable_supported, joint_crypto_empirical_stress)",mean_absolute_peg_deviation,-1,operational,,128,0,0,0,0,0,0,-0,0,0,-0,-0,-0,0,,,,,,,
direction_normalised_advantage,joint_crypto_empirical_stress,stable_supported,stable_supported,eth_only,"advantage(stable_supported, joint_crypto_empirical_stress)",minimum_dai_price,1,operational,,128,0,0,0,0,0,0,0,0,0,0,0,0,0,,,,,,,
direction_normalised_advantage,joint_crypto_empirical_stress,stable_supported,stable_supported,eth_only,"advantage(stable_supported, joint_crypto_empirical_stress)",restricted_mean_recovery_time,-1,operational,,128,0,0,0,0,0,0,-0,0,0,-0,-0,-0,0,,,,,,,
direction_normalised_advantage,joint_crypto_empirical_stress,stable_supported,stable_supported,eth_only,"advantage(stable_supported, joint_crypto_empirical_stress)",recovery_probability_720h,1,operational,,128,0,0,0,0,0,0,0,0,0,0,0,0,0,0,0,0,,,,
raw_portfolio_contrast,joint_crypto_high_correlation,empirical_crypto,empirical_crypto,eth_only,empirical_crypto - eth_only,realised_bad_debt_share,1,degenerate,,128,0,0,0,0,0,0,0,0,0,0,0,0,0,,,,,,,
raw_portfolio_contrast,joint_crypto_high_correlation,empirical_crypto,empirical_crypto,eth_only,empirical_crypto - eth_only,positive_realised_bad_debt,1,degenerate,,128,0,0,0,0,0,0,0,0,0,0,0,0,0,0,0,0,,,,
raw_portfolio_contrast,joint_crypto_high_correlation,empirical_crypto,empirical_crypto,eth_only,empirical_crypto - eth_only,active_bad_debt_share,1,degenerate,,128,0,0,0,0,0,0,0,0,0,0,0,0,0,,,,,,,
raw_portfolio_contrast,joint_crypto_high_correlation,empirical_crypto,empirical_crypto,eth_only,empirical_crypto - eth_only,unresolved_tab_share,1,operational,,128,-0.00957138320237,0.00346843328051,-0.0163695124322,-0.00277325397257,0,-0.0794355452159,-0.00226968121918,0,0.000916345778266,0.00927100937869,-0.220852123682,0.120045569196,0.140625,,,,,,,
raw_portfolio_contrast,joint_crypto_high_correlation,empirical_crypto,empirical_crypto,eth_only,empirical_crypto - eth_only,backlog_area_share,1,operational,,128,-0.0187291091636,0.00993815181694,-0.0382078867248,0.000749668397637,0,-0.156738621668,-0.00624417061133,0,0.0143446120824,0.0563971223291,-0.73637793745,0.338668216354,0.1875,,,,,,,
raw_portfolio_contrast,joint_crypto_high_correlation,empirical_crypto,empirical_crypto,eth_only,empirical_crypto - eth_only,liquidated_debt_share,1,operational,,128,-0.0107901606464,0.00409262573267,-0.0188117070825,-0.0027686142104,0,-0.0773273199726,-0.00324433558365,0,0.000184242426511,0.0063769165943,-0.320265588077,0.146289215436,0.125,,,,,,,
raw_portfolio_contrast,joint_crypto_high_correlation,empirical_crypto,empirical_crypto,eth_only,empirical_crypto - eth_only,debt_weighted_liquidated_vault_share,1,operational,,128,-0.0107901606464,0.00409262573267,-0.0188117070825,-0.0027686142104,0,-0.0773273199726,-0.00324433558365,0,0.000184242426511,0.0063769165943,-0.320265588077,0.146289215436,0.125,,,,,,,
raw_portfolio_contrast,joint_crypto_high_correlation,empirical_crypto,empirical_crypto,eth_only,empirical_crypto - eth_only,successful_closure_count,1,operational,,128,-4.1171875,0.837323043192,-5.75834066466,-2.47603433534,0,-21.95,-5,0,1,2.65,-69,6,0.109375,,,,,,,
raw_portfolio_contrast,joint_crypto_high_correlation,empirical_crypto,empirical_crypto,eth_only,empirical_crypto - eth_only,capacity_rejected_opportunities,1,operational,,128,0,0,0,0,0,0,0,0,0,0,0,0,0,,,,,,,
raw_portfolio_contrast,joint_crypto_high_correlation,empirical_crypto,empirical_crypto,eth_only,empirical_crypto - eth_only,below_peg_burden,1,operational,,128,0,0,0,0,0,0,0,0,0,0,0,0,0,,,,,,,
raw_portfolio_contrast,joint_crypto_high_correlation,empirical_crypto,empirical_crypto,eth_only,empirical_crypto - eth_only,mean_absolute_peg_deviation,1,operational,,128,0,0,0,0,0,0,0,0,0,0,0,0,0,,,,,,,
raw_portfolio_contrast,joint_crypto_high_correlation,empirical_crypto,empirical_crypto,eth_only,empirical_crypto - eth_only,minimum_dai_price,1,operational,,128,0,0,0,0,0,0,0,0,0,0,0,0,0,,,,,,,
raw_portfolio_contrast,joint_crypto_high_correlation,empirical_crypto,empirical_crypto,eth_only,empirical_crypto - eth_only,restricted_mean_recovery_time,1,operational,,128,0,0,0,0,0,0,0,0,0,0,0,0,0,,,,,,,
raw_portfolio_contrast,joint_crypto_high_correlation,empirical_crypto,empirical_crypto,eth_only,empirical_crypto - eth_only,recovery_probability_720h,1,operational,,128,0,0,0,0,0,0,0,0,0,0,0,0,0,0,0,0,,,,
raw_portfolio_contrast,joint_crypto_high_correlation,balanced_crypto,balanced_crypto,eth_only,balanced_crypto - eth_only,realised_bad_debt_share,1,degenerate,,128,0,0,0,0,0,0,0,0,0,0,0,0,0,,,,,,,
raw_portfolio_contrast,joint_crypto_high_correlation,balanced_crypto,balanced_crypto,eth_only,balanced_crypto - eth_only,positive_realised_bad_debt,1,degenerate,,128,0,0,0,0,0,0,0,0,0,0,0,0,0,0,0,0,,,,
raw_portfolio_contrast,joint_crypto_high_correlation,balanced_crypto,balanced_crypto,eth_only,balanced_crypto - eth_only,active_bad_debt_share,1,degenerate,,128,0,0,0,0,0,0,0,0,0,0,0,0,0,,,,,,,
raw_portfolio_contrast,joint_crypto_high_correlation,balanced_crypto,balanced_crypto,eth_only,balanced_crypto - eth_only,unresolved_tab_share,1,operational,,128,-0.0246935697948,0.00550190907791,-0.0354773115875,-0.0139098280021,-9.31944326071e-05,-0.168714700873,-0.00900437886801,0,0,0.00366193717648,-0.4315947963,0.0234698698696,0.0703125,,,,,,,
raw_portfolio_contrast,joint_crypto_high_correlation,balanced_crypto,balanced_crypto,eth_only,balanced_crypto - eth_only,backlog_area_share,1,operational,,128,-0.0669232920239,0.0149938410482,-0.0963112204784,-0.0375353635694,-0.000213174060593,-0.450583282298,-0.0336820063887,0,0,0.0125622412223,-1.14668180575,0.069805956329,0.0703125,,,,,,,
raw_portfolio_contrast,joint_crypto_high_correlation,balanced_crypto,balanced_crypto,eth_only,balanced_crypto - eth_only,liquidated_debt_share,1,operational,,128,-0.0356340868844,0.00722989686193,-0.0498046847338,-0.021463489035,-0.000332483913173,-0.24588534215,-0.0181062671514,0,0,0.00159861714,-0.437211202182,0.0234698698696,0.078125,,,,,,,
raw_portfolio_contrast,joint_crypto_high_correlation,balanced_crypto,balanced_crypto,eth_only,balanced_crypto - eth_only,debt_weighted_liquidated_vault_share,1,operational,,128,-0.0356340868844,0.00722989686193,-0.0498046847338,-0.021463489035,-0.000332483913173,-0.24588534215,-0.0181062671514,0,0,0.00159861714,-0.437211202182,0.0234698698696,0.078125,,,,,,,
raw_portfolio_contrast,joint_crypto_high_correlation,balanced_crypto,balanced_crypto,eth_only,balanced_crypto - eth_only,successful_closure_count,1,operational,,128,-9.0703125,1.41626447676,-11.8461908744,-6.29443412555,-1,-42,-12,0,0,1,-89,13,0.0625,,,,,,,
raw_portfolio_contrast,joint_crypto_high_correlation,balanced_crypto,balanced_crypto,eth_only,balanced_crypto - eth_only,capacity_rejected_opportunities,1,operational,,128,-0.015625,0.015625,-0.04625,0.015,0,0,0,0,0,0,-2,0,0,,,,,,,
raw_portfolio_contrast,joint_crypto_high_correlation,balanced_crypto,balanced_crypto,eth_only,balanced_crypto - eth_only,below_peg_burden,1,operational,,128,0,0,0,0,0,0,0,0,0,0,0,0,0,,,,,,,
raw_portfolio_contrast,joint_crypto_high_correlation,balanced_crypto,balanced_crypto,eth_only,balanced_crypto - eth_only,mean_absolute_peg_deviation,1,operational,,128,0,0,0,0,0,0,0,0,0,0,0,0,0,,,,,,,
raw_portfolio_contrast,joint_crypto_high_correlation,balanced_crypto,balanced_crypto,eth_only,balanced_crypto - eth_only,minimum_dai_price,1,operational,,128,0,0,0,0,0,0,0,0,0,0,0,0,0,,,,,,,
raw_portfolio_contrast,joint_crypto_high_correlation,balanced_crypto,balanced_crypto,eth_only,balanced_crypto - eth_only,restricted_mean_recovery_time,1,operational,,128,0,0,0,0,0,0,0,0,0,0,0,0,0,,,,,,,
raw_portfolio_contrast,joint_crypto_high_correlation,balanced_crypto,balanced_crypto,eth_only,balanced_crypto - eth_only,recovery_probability_720h,1,operational,,128,0,0,0,0,0,0,0,0,0,0,0,0,0,0,0,0,,,,
raw_portfolio_contrast,joint_crypto_high_correlation,stable_supported,stable_supported,eth_only,stable_supported - eth_only,realised_bad_debt_share,1,degenerate,,128,5.70792303385e-23,5.70792303385e-23,-5.4796061125e-23,1.68954521802e-22,0,0,0,0,0,0,0,7.30614148333e-21,0.0078125,,,,,,,
raw_portfolio_contrast,joint_crypto_high_correlation,stable_supported,stable_supported,eth_only,stable_supported - eth_only,positive_realised_bad_debt,1,degenerate,,128,0,0,0,0,0,0,0,0,0,0,0,0,0,0,0,0,,,,
raw_portfolio_contrast,joint_crypto_high_correlation,stable_supported,stable_supported,eth_only,stable_supported - eth_only,active_bad_debt_share,1,degenerate,,128,0,0,0,0,0,0,0,0,0,0,0,0,0,,,,,,,
raw_portfolio_contrast,joint_crypto_high_correlation,stable_supported,stable_supported,eth_only,stable_supported - eth_only,unresolved_tab_share,1,operational,,128,-0.0223959941871,0.00438851096788,-0.0309974756842,-0.0137945126901,-0.000287641049826,-0.153463243736,-0.00943197420096,0,0,0,-0.220852123682,0.0230108617898,0.03125,,,,,,,
raw_portfolio_contrast,joint_crypto_high_correlation,stable_supported,stable_supported,eth_only,stable_supported - eth_only,backlog_area_share,1,operational,,128,-0.0677912079588,0.0166467305866,-0.100418799909,-0.0351636160091,-0.000657696904316,-0.426082406003,-0.0411483911581,0,0,0,-1.16284506995,0.845188675779,0.0234375,,,,,,,
raw_portfolio_contrast,joint_crypto_high_correlation,stable_supported,stable_supported,eth_only,stable_supported - eth_only,liquidated_debt_share,1,operational,,128,-0.0398083328764,0.00799607835687,-0.0554806464559,-0.024136019297,-0.000550780787509,-0.241416545147,-0.02595239363,0,0,0,-0.565260815968,0.00262501458994,0.0234375,,,,,,,
raw_portfolio_contrast,joint_crypto_high_correlation,stable_supported,stable_supported,eth_only,stable_supported - eth_only,debt_weighted_liquidated_vault_share,1,operational,,128,-0.0398083328764,0.00799607835687,-0.0554806464559,-0.024136019297,-0.000550780787509,-0.241416545147,-0.02595239363,0,0,0,-0.565260815968,0.00262501458994,0.0234375,,,,,,,
raw_portfolio_contrast,joint_crypto_high_correlation,stable_supported,stable_supported,eth_only,stable_supported - eth_only,successful_closure_count,1,operational,,128,-10.9375,1.64309841207,-14.1579728876,-7.71702711235,-2.5,-49.95,-14,0,0,0,-104,4,0.0078125,,,,,,,
raw_portfolio_contrast,joint_crypto_high_correlation,stable_supported,stable_supported,eth_only,stable_supported - eth_only,capacity_rejected_opportunities,1,operational,,128,-0.015625,0.015625,-0.04625,0.015,0,0,0,0,0,0,-2,0,0,,,,,,,
raw_portfolio_contrast,joint_crypto_high_correlation,stable_supported,stable_supported,eth_only,stable_supported - eth_only,below_peg_burden,1,operational,,128,0,0,0,0,0,0,0,0,0,0,0,0,0,,,,,,,
raw_portfolio_contrast,joint_crypto_high_correlation,stable_supported,stable_supported,eth_only,stable_supported - eth_only,mean_absolute_peg_deviation,1,operational,,128,0,0,0,0,0,0,0,0,0,0,0,0,0,,,,,,,
raw_portfolio_contrast,joint_crypto_high_correlation,stable_supported,stable_supported,eth_only,stable_supported - eth_only,minimum_dai_price,1,operational,,128,0,0,0,0,0,0,0,0,0,0,0,0,0,,,,,,,
raw_portfolio_contrast,joint_crypto_high_correlation,stable_supported,stable_supported,eth_only,stable_supported - eth_only,restricted_mean_recovery_time,1,operational,,128,0,0,0,0,0,0,0,0,0,0,0,0,0,,,,,,,
raw_portfolio_contrast,joint_crypto_high_correlation,stable_supported,stable_supported,eth_only,stable_supported - eth_only,recovery_probability_720h,1,operational,,128,0,0,0,0,0,0,0,0,0,0,0,0,0,0,0,0,,,,
raw_portfolio_contrast,joint_crypto_high_correlation,balanced_crypto,balanced_crypto,empirical_crypto,balanced_crypto - empirical_crypto,realised_bad_debt_share,1,degenerate,,128,0,0,0,0,0,0,0,0,0,0,0,0,0,,,,,,,
raw_portfolio_contrast,joint_crypto_high_correlation,balanced_crypto,balanced_crypto,empirical_crypto,balanced_crypto - empirical_crypto,positive_realised_bad_debt,1,degenerate,,128,0,0,0,0,0,0,0,0,0,0,0,0,0,0,0,0,,,,
raw_portfolio_contrast,joint_crypto_high_correlation,balanced_crypto,balanced_crypto,empirical_crypto,balanced_crypto - empirical_crypto,active_bad_debt_share,1,degenerate,,128,0,0,0,0,0,0,0,0,0,0,0,0,0,,,,,,,
raw_portfolio_contrast,joint_crypto_high_correlation,balanced_crypto,balanced_crypto,empirical_crypto,balanced_crypto - empirical_crypto,unresolved_tab_share,1,operational,,128,-0.0151221865924,0.0045431878119,-0.0240268347037,-0.00621753848107,0,-0.117119074114,-0.00118523576545,0,0,0.00248507834055,-0.413762346968,0.0529771167446,0.09375,,,,,,,
raw_portfolio_contrast,joint_crypto_high_correlation,balanced_crypto,balanced_crypto,empirical_crypto,balanced_crypto - empirical_crypto,backlog_area_share,1,operational,,128,-0.0481941828603,0.0130895676348,-0.0738497354245,-0.0225386302962,0,-0.344730063008,-0.00597957593947,0,0,0.00297742476067,-1.00216295369,0.129412970969,0.0625,,,,,,,
raw_portfolio_contrast,joint_crypto_high_correlation,balanced_crypto,balanced_crypto,empirical_crypto,balanced_crypto - empirical_crypto,liquidated_debt_share,1,operational,,128,-0.024843926238,0.00574263141301,-0.0360994838075,-0.0135883686685,0,-0.197992954279,-0.00333210344414,0,0,0.00177300282572,-0.337556573142,0.0199434118152,0.0859375,,,,,,,
raw_portfolio_contrast,joint_crypto_high_correlation,balanced_crypto,balanced_crypto,empirical_crypto,balanced_crypto - empirical_crypto,debt_weighted_liquidated_vault_share,1,operational,,128,-0.024843926238,0.00574263141301,-0.0360994838075,-0.0135883686685,0,-0.197992954279,-0.00333210344414,0,0,0.00177300282572,-0.337556573142,0.0199434118152,0.0859375,,,,,,,
raw_portfolio_contrast,joint_crypto_high_correlation,balanced_crypto,balanced_crypto,empirical_crypto,balanced_crypto - empirical_crypto,successful_closure_count,1,operational,,128,-4.953125,0.83247769701,-6.58478128614,-3.32146871386,0,-28,-5.25,0,0,1,-38,8,0.0625,,,,,,,
raw_portfolio_contrast,joint_crypto_high_correlation,balanced_crypto,balanced_crypto,empirical_crypto,balanced_crypto - empirical_crypto,capacity_rejected_opportunities,1,operational,,128,-0.015625,0.015625,-0.04625,0.015,0,0,0,0,0,0,-2,0,0,,,,,,,
raw_portfolio_contrast,joint_crypto_high_correlation,balanced_crypto,balanced_crypto,empirical_crypto,balanced_crypto - empirical_crypto,below_peg_burden,1,operational,,128,0,0,0,0,0,0,0,0,0,0,0,0,0,,,,,,,
raw_portfolio_contrast,joint_crypto_high_correlation,balanced_crypto,balanced_crypto,empirical_crypto,balanced_crypto - empirical_crypto,mean_absolute_peg_deviation,1,operational,,128,0,0,0,0,0,0,0,0,0,0,0,0,0,,,,,,,
raw_portfolio_contrast,joint_crypto_high_correlation,balanced_crypto,balanced_crypto,empirical_crypto,balanced_crypto - empirical_crypto,minimum_dai_price,1,operational,,128,0,0,0,0,0,0,0,0,0,0,0,0,0,,,,,,,
raw_portfolio_contrast,joint_crypto_high_correlation,balanced_crypto,balanced_crypto,empirical_crypto,balanced_crypto - empirical_crypto,restricted_mean_recovery_time,1,operational,,128,0,0,0,0,0,0,0,0,0,0,0,0,0,,,,,,,
raw_portfolio_contrast,joint_crypto_high_correlation,balanced_crypto,balanced_crypto,empirical_crypto,balanced_crypto - empirical_crypto,recovery_probability_720h,1,operational,,128,0,0,0,0,0,0,0,0,0,0,0,0,0,0,0,0,,,,
raw_portfolio_contrast,joint_crypto_high_correlation,stable_supported,stable_supported,empirical_crypto,stable_supported - empirical_crypto,realised_bad_debt_share,1,degenerate,,128,5.70792303385e-23,5.70792303385e-23,-5.4796061125e-23,1.68954521802e-22,0,0,0,0,0,0,0,7.30614148333e-21,0.0078125,,,,,,,
raw_portfolio_contrast,joint_crypto_high_correlation,stable_supported,stable_supported,empirical_crypto,stable_supported - empirical_crypto,positive_realised_bad_debt,1,degenerate,,128,0,0,0,0,0,0,0,0,0,0,0,0,0,0,0,0,,,,
raw_portfolio_contrast,joint_crypto_high_correlation,stable_supported,stable_supported,empirical_crypto,stable_supported - empirical_crypto,active_bad_debt_share,1,degenerate,,128,0,0,0,0,0,0,0,0,0,0,0,0,0,,,,,,,
raw_portfolio_contrast,joint_crypto_high_correlation,stable_supported,stable_supported,empirical_crypto,stable_supported - empirical_crypto,unresolved_tab_share,1,operational,,128,-0.0128246109847,0.00310507126561,-0.0189105506653,-0.00673867130414,0,-0.0893581350952,-0.00204897417114,0,0,0,-0.199241820963,0.00334138733683,0.03125,,,,,,,
raw_portfolio_contrast,joint_crypto_high_correlation,stable_supported,stable_supported,empirical_crypto,stable_supported - empirical_crypto,backlog_area_share,1,operational,,128,-0.0490620987953,0.0141652504728,-0.0768259897219,-0.0212982078687,0,-0.393360344654,-0.00996482918068,0,0,0,-0.832315284087,0.78614383781,0.03125,,,,,,,
raw_portfolio_contrast,joint_crypto_high_correlation,stable_supported,stable_supported,empirical_crypto,stable_supported - empirical_crypto,liquidated_debt_share,1,operational,,128,-0.02901817223,0.00642124165546,-0.0416038058747,-0.0164325385853,0,-0.200675737184,-0.00994829697632,0,0,0,-0.458166643714,0.00590442133586,0.0078125,,,,,,,
raw_portfolio_contrast,joint_crypto_high_correlation,stable_supported,stable_supported,empirical_crypto,stable_supported - empirical_crypto,debt_weighted_liquidated_vault_share,1,operational,,128,-0.02901817223,0.00642124165546,-0.0416038058747,-0.0164325385853,0,-0.200675737184,-0.00994829697632,0,0,0,-0.458166643714,0.00590442133586,0.0078125,,,,,,,
raw_portfolio_contrast,joint_crypto_high_correlation,stable_supported,stable_supported,empirical_crypto,stable_supported - empirical_crypto,successful_closure_count,1,operational,,128,-6.8203125,1.05946669805,-8.89686722817,-4.74375777183,0,-34.65,-9.25,0,0,0,-50,0,0,,,,,,,
raw_portfolio_contrast,joint_crypto_high_correlation,stable_supported,stable_supported,empirical_crypto,stable_supported - empirical_crypto,capacity_rejected_opportunities,1,operational,,128,-0.015625,0.015625,-0.04625,0.015,0,0,0,0,0,0,-2,0,0,,,,,,,
raw_portfolio_contrast,joint_crypto_high_correlation,stable_supported,stable_supported,empirical_crypto,stable_supported - empirical_crypto,below_peg_burden,1,operational,,128,0,0,0,0,0,0,0,0,0,0,0,0,0,,,,,,,
raw_portfolio_contrast,joint_crypto_high_correlation,stable_supported,stable_supported,empirical_crypto,stable_supported - empirical_crypto,mean_absolute_peg_deviation,1,operational,,128,0,0,0,0,0,0,0,0,0,0,0,0,0,,,,,,,
raw_portfolio_contrast,joint_crypto_high_correlation,stable_supported,stable_supported,empirical_crypto,stable_supported - empirical_crypto,minimum_dai_price,1,operational,,128,0,0,0,0,0,0,0,0,0,0,0,0,0,,,,,,,
raw_portfolio_contrast,joint_crypto_high_correlation,stable_supported,stable_supported,empirical_crypto,stable_supported - empirical_crypto,restricted_mean_recovery_time,1,operational,,128,0,0,0,0,0,0,0,0,0,0,0,0,0,,,,,,,
raw_portfolio_contrast,joint_crypto_high_correlation,stable_supported,stable_supported,empirical_crypto,stable_supported - empirical_crypto,recovery_probability_720h,1,operational,,128,0,0,0,0,0,0,0,0,0,0,0,0,0,0,0,0,,,,
raw_portfolio_contrast,joint_crypto_high_correlation,stable_supported,stable_supported,balanced_crypto,stable_supported - balanced_crypto,realised_bad_debt_share,1,degenerate,,128,5.70792303385e-23,5.70792303385e-23,-5.4796061125e-23,1.68954521802e-22,0,0,0,0,0,0,0,7.30614148333e-21,0.0078125,,,,,,,
raw_portfolio_contrast,joint_crypto_high_correlation,stable_supported,stable_supported,balanced_crypto,stable_supported - balanced_crypto,positive_realised_bad_debt,1,degenerate,,128,0,0,0,0,0,0,0,0,0,0,0,0,0,0,0,0,,,,
raw_portfolio_contrast,joint_crypto_high_correlation,stable_supported,stable_supported,balanced_crypto,stable_supported - balanced_crypto,active_bad_debt_share,1,degenerate,,128,0,0,0,0,0,0,0,0,0,0,0,0,0,,,,,,,
raw_portfolio_contrast,joint_crypto_high_correlation,stable_supported,stable_supported,balanced_crypto,stable_supported - balanced_crypto,unresolved_tab_share,1,operational,,128,0.00229757560765,0.0031544197593,-0.00388508712058,0.00848023833589,0,-0.0121134001023,0,0,0.000205977096966,0.0129665190521,-0.1424033974,0.338660703309,0.125,,,,,,,
raw_portfolio_contrast,joint_crypto_high_correlation,stable_supported,stable_supported,balanced_crypto,stable_supported - balanced_crypto,backlog_area_share,1,operational,,128,-0.000867915934949,0.0109577023976,-0.0223450126343,0.0206091807644,0,-0.0773626186601,0,0,0,0.00222461878197,-0.584883429286,1.0703547735,0.078125,,,,,,,
raw_portfolio_contrast,joint_crypto_high_correlation,stable_supported,stable_supported,balanced_crypto,stable_supported - balanced_crypto,liquidated_debt_share,1,operational,,128,-0.00417424599202,0.00270015517334,-0.00946655013176,0.00111805814772,0,-0.0236336696449,0,0,0,0.00270994626788,-0.283362012008,0.0813542254006,0.078125,,,,,,,
raw_portfolio_contrast,joint_crypto_high_correlation,stable_supported,stable_supported,balanced_crypto,stable_supported - balanced_crypto,debt_weighted_liquidated_vault_share,1,operational,,128,-0.00417424599202,0.00270015517334,-0.00946655013176,0.00111805814772,0,-0.0236336696449,0,0,0,0.00270994626788,-0.283362012008,0.0813542254006,0.078125,,,,,,,
raw_portfolio_contrast,joint_crypto_high_correlation,stable_supported,stable_supported,balanced_crypto,stable_supported - balanced_crypto,successful_closure_count,1,operational,,128,-1.8671875,0.549289436059,-2.94379479468,-0.790580205325,0,-13.3,-0.25,0,0,0,-32,21,0.046875,,,,,,,
raw_portfolio_contrast,joint_crypto_high_correlation,stable_supported,stable_supported,balanced_crypto,stable_supported - balanced_crypto,capacity_rejected_opportunities,1,operational,,128,0,0,0,0,0,0,0,0,0,0,0,0,0,,,,,,,
raw_portfolio_contrast,joint_crypto_high_correlation,stable_supported,stable_supported,balanced_crypto,stable_supported - balanced_crypto,below_peg_burden,1,operational,,128,0,0,0,0,0,0,0,0,0,0,0,0,0,,,,,,,
raw_portfolio_contrast,joint_crypto_high_correlation,stable_supported,stable_supported,balanced_crypto,stable_supported - balanced_crypto,mean_absolute_peg_deviation,1,operational,,128,0,0,0,0,0,0,0,0,0,0,0,0,0,,,,,,,
raw_portfolio_contrast,joint_crypto_high_correlation,stable_supported,stable_supported,balanced_crypto,stable_supported - balanced_crypto,minimum_dai_price,1,operational,,128,0,0,0,0,0,0,0,0,0,0,0,0,0,,,,,,,
raw_portfolio_contrast,joint_crypto_high_correlation,stable_supported,stable_supported,balanced_crypto,stable_supported - balanced_crypto,restricted_mean_recovery_time,1,operational,,128,0,0,0,0,0,0,0,0,0,0,0,0,0,,,,,,,
raw_portfolio_contrast,joint_crypto_high_correlation,stable_supported,stable_supported,balanced_crypto,stable_supported - balanced_crypto,recovery_probability_720h,1,operational,,128,0,0,0,0,0,0,0,0,0,0,0,0,0,0,0,0,,,,
direction_normalised_advantage,joint_crypto_high_correlation,empirical_crypto,empirical_crypto,eth_only,"advantage(empirical_crypto, joint_crypto_high_correlation)",realised_bad_debt_share,-1,degenerate,,128,0,0,0,0,0,0,-0,0,0,-0,-0,-0,0,,,,,,,
direction_normalised_advantage,joint_crypto_high_correlation,empirical_crypto,empirical_crypto,eth_only,"advantage(empirical_crypto, joint_crypto_high_correlation)",positive_realised_bad_debt,-1,degenerate,,128,0,0,0,0,0,0,-0,0,0,-0,-0,-0,0,0,0,0,,,,
direction_normalised_advantage,joint_crypto_high_correlation,empirical_crypto,empirical_crypto,eth_only,"advantage(empirical_crypto, joint_crypto_high_correlation)",active_bad_debt_share,-1,degenerate,,128,0,0,0,0,0,0,-0,0,0,-0,-0,-0,0,,,,,,,
direction_normalised_advantage,joint_crypto_high_correlation,empirical_crypto,empirical_crypto,eth_only,"advantage(empirical_crypto, joint_crypto_high_correlation)",unresolved_tab_share,-1,operational,,128,0.00957138320237,0.00346843328051,0.00277325397257,0.0163695124322,0,-0.00927100937869,-0,0.00226968121918,0.0281176117147,0.0794355452159,-0.120045569196,0.220852123682,0.4609375,,,,,,,
direction_normalised_advantage,joint_crypto_high_correlation,empirical_crypto,empirical_crypto,eth_only,"advantage(empirical_crypto, joint_crypto_high_correlation)",backlog_area_share,-1,operational,,128,0.0187291091636,0.00993815181694,-0.000749668397637,0.0382078867248,0,-0.0563971223291,-0,0.00624417061133,0.0669300910694,0.156738621668,-0.338668216354,0.73637793745,0.4140625,,,,,,,
direction_normalised_advantage,joint_crypto_high_correlation,empirical_crypto,empirical_crypto,eth_only,"advantage(empirical_crypto, joint_crypto_high_correlation)",liquidated_debt_share,-1,operational,,128,0.0107901606464,0.00409262573267,0.0027686142104,0.0188117070825,0,-0.0063769165943,-0,0.00324433558365,0.0412807011377,0.0773273199726,-0.146289215436,0.320265588077,0.4609375,,,,,,,
direction_normalised_advantage,joint_crypto_high_correlation,empirical_crypto,empirical_crypto,eth_only,"advantage(empirical_crypto, joint_crypto_high_correlation)",debt_weighted_liquidated_vault_share,-1,operational,,128,0.0107901606464,0.00409262573267,0.0027686142104,0.0188117070825,0,-0.0063769165943,-0,0.00324433558365,0.0412807011377,0.0773273199726,-0.146289215436,0.320265588077,0.4609375,,,,,,,
direction_normalised_advantage,joint_crypto_high_correlation,empirical_crypto,empirical_crypto,eth_only,"advantage(empirical_crypto, joint_crypto_high_correlation)",successful_closure_count,-1,operational,,128,4.1171875,0.837323043192,2.47603433534,5.75834066466,0,-2.65,-0,5,12.6,21.95,-6,69,0.4453125,,,,,,,
direction_normalised_advantage,joint_crypto_high_correlation,empirical_crypto,empirical_crypto,eth_only,"advantage(empirical_crypto, joint_crypto_high_correlation)",capacity_rejected_opportunities,-1,operational,,128,0,0,0,0,0,0,-0,0,0,-0,-0,-0,0,,,,,,,
direction_normalised_advantage,joint_crypto_high_correlation,empirical_crypto,empirical_crypto,eth_only,"advantage(empirical_crypto, joint_crypto_high_correlation)",below_peg_burden,-1,operational,,128,0,0,0,0,0,0,-0,0,0,-0,-0,-0,0,,,,,,,
direction_normalised_advantage,joint_crypto_high_correlation,empirical_crypto,empirical_crypto,eth_only,"advantage(empirical_crypto, joint_crypto_high_correlation)",mean_absolute_peg_deviation,-1,operational,,128,0,0,0,0,0,0,-0,0,0,-0,-0,-0,0,,,,,,,
direction_normalised_advantage,joint_crypto_high_correlation,empirical_crypto,empirical_crypto,eth_only,"advantage(empirical_crypto, joint_crypto_high_correlation)",minimum_dai_price,1,operational,,128,0,0,0,0,0,0,0,0,0,0,0,0,0,,,,,,,
direction_normalised_advantage,joint_crypto_high_correlation,empirical_crypto,empirical_crypto,eth_only,"advantage(empirical_crypto, joint_crypto_high_correlation)",restricted_mean_recovery_time,-1,operational,,128,0,0,0,0,0,0,-0,0,0,-0,-0,-0,0,,,,,,,
direction_normalised_advantage,joint_crypto_high_correlation,empirical_crypto,empirical_crypto,eth_only,"advantage(empirical_crypto, joint_crypto_high_correlation)",recovery_probability_720h,1,operational,,128,0,0,0,0,0,0,0,0,0,0,0,0,0,0,0,0,,,,
direction_normalised_advantage,joint_crypto_high_correlation,balanced_crypto,balanced_crypto,eth_only,"advantage(balanced_crypto, joint_crypto_high_correlation)",realised_bad_debt_share,-1,degenerate,,128,0,0,0,0,0,0,-0,0,0,-0,-0,-0,0,,,,,,,
direction_normalised_advantage,joint_crypto_high_correlation,balanced_crypto,balanced_crypto,eth_only,"advantage(balanced_crypto, joint_crypto_high_correlation)",positive_realised_bad_debt,-1,degenerate,,128,0,0,0,0,0,0,-0,0,0,-0,-0,-0,0,0,0,0,,,,
direction_normalised_advantage,joint_crypto_high_correlation,balanced_crypto,balanced_crypto,eth_only,"advantage(balanced_crypto, joint_crypto_high_correlation)",active_bad_debt_share,-1,degenerate,,128,0,0,0,0,0,0,-0,0,0,-0,-0,-0,0,,,,,,,
direction_normalised_advantage,joint_crypto_high_correlation,balanced_crypto,balanced_crypto,eth_only,"advantage(balanced_crypto, joint_crypto_high_correlation)",unresolved_tab_share,-1,operational,,128,0.0246935697948,0.00550190907791,0.0139098280021,0.0354773115875,9.31944326071e-05,-0.00366193717648,-0,0.00900437886801,0.0846502212937,0.168714700873,-0.0234698698696,0.4315947963,0.515625,,,,,,,
direction_normalised_advantage,joint_crypto_high_correlation,balanced_crypto,balanced_crypto,eth_only,"advantage(balanced_crypto, joint_crypto_high_correlation)",backlog_area_share,-1,operational,,128,0.0669232920239,0.0149938410482,0.0375353635694,0.0963112204784,0.000213174060593,-0.0125622412223,-0,0.0336820063887,0.244673210837,0.450583282298,-0.069805956329,1.14668180575,0.515625,,,,,,,
direction_normalised_advantage,joint_crypto_high_correlation,balanced_crypto,balanced_crypto,eth_only,"advantage(balanced_crypto, joint_crypto_high_correlation)",liquidated_debt_share,-1,operational,,128,0.0356340868844,0.00722989686193,0.021463489035,0.0498046847338,0.000332483913173,-0.00159861714,-0,0.0181062671514,0.152287610764,0.24588534215,-0.0234698698696,0.437211202182,0.5234375,,,,,,,
direction_normalised_advantage,joint_crypto_high_correlation,balanced_crypto,balanced_crypto,eth_only,"advantage(balanced_crypto, joint_crypto_high_correlation)",debt_weighted_liquidated_vault_share,-1,operational,,128,0.0356340868844,0.00722989686193,0.021463489035,0.0498046847338,0.000332483913173,-0.00159861714,-0,0.0181062671514,0.152287610764,0.24588534215,-0.0234698698696,0.437211202182,0.5234375,,,,,,,
direction_normalised_advantage,joint_crypto_high_correlation,balanced_crypto,balanced_crypto,eth_only,"advantage(balanced_crypto, joint_crypto_high_correlation)",successful_closure_count,-1,operational,,128,9.0703125,1.41626447676,6.29443412555,11.8461908744,1,-1,-0,12,37,42,-13,89,0.5234375,,,,,,,
direction_normalised_advantage,joint_crypto_high_correlation,balanced_crypto,balanced_crypto,eth_only,"advantage(balanced_crypto, joint_crypto_high_correlation)",capacity_rejected_opportunities,-1,operational,,128,0.015625,0.015625,-0.015,0.04625,0,0,-0,0,0,-0,-0,2,0.0078125,,,,,,,
direction_normalised_advantage,joint_crypto_high_correlation,balanced_crypto,balanced_crypto,eth_only,"advantage(balanced_crypto, joint_crypto_high_correlation)",below_peg_burden,-1,operational,,128,0,0,0,0,0,0,-0,0,0,-0,-0,-0,0,,,,,,,
direction_normalised_advantage,joint_crypto_high_correlation,balanced_crypto,balanced_crypto,eth_only,"advantage(balanced_crypto, joint_crypto_high_correlation)",mean_absolute_peg_deviation,-1,operational,,128,0,0,0,0,0,0,-0,0,0,-0,-0,-0,0,,,,,,,
direction_normalised_advantage,joint_crypto_high_correlation,balanced_crypto,balanced_crypto,eth_only,"advantage(balanced_crypto, joint_crypto_high_correlation)",minimum_dai_price,1,operational,,128,0,0,0,0,0,0,0,0,0,0,0,0,0,,,,,,,
direction_normalised_advantage,joint_crypto_high_correlation,balanced_crypto,balanced_crypto,eth_only,"advantage(balanced_crypto, joint_crypto_high_correlation)",restricted_mean_recovery_time,-1,operational,,128,0,0,0,0,0,0,-0,0,0,-0,-0,-0,0,,,,,,,
direction_normalised_advantage,joint_crypto_high_correlation,balanced_crypto,balanced_crypto,eth_only,"advantage(balanced_crypto, joint_crypto_high_correlation)",recovery_probability_720h,1,operational,,128,0,0,0,0,0,0,0,0,0,0,0,0,0,0,0,0,,,,
direction_normalised_advantage,joint_crypto_high_correlation,stable_supported,stable_supported,eth_only,"advantage(stable_supported, joint_crypto_high_correlation)",realised_bad_debt_share,-1,degenerate,,128,-5.70792303385e-23,5.70792303385e-23,-1.68954521802e-22,5.4796061125e-23,0,0,-0,0,0,-0,-7.30614148333e-21,-0,0,,,,,,,
direction_normalised_advantage,joint_crypto_high_correlation,stable_supported,stable_supported,eth_only,"advantage(stable_supported, joint_crypto_high_correlation)",positive_realised_bad_debt,-1,degenerate,,128,0,0,0,0,0,0,-0,0,0,-0,-0,-0,0,0,0,0,,,,
direction_normalised_advantage,joint_crypto_high_correlation,stable_supported,stable_supported,eth_only,"advantage(stable_supported, joint_crypto_high_correlation)",active_bad_debt_share,-1,degenerate,,128,0,0,0,0,0,0,-0,0,0,-0,-0,-0,0,,,,,,,
direction_normalised_advantage,joint_crypto_high_correlation,stable_supported,stable_supported,eth_only,"advantage(stable_supported, joint_crypto_high_correlation)",unresolved_tab_share,-1,operational,,128,0.0223959941871,0.00438851096788,0.0137945126901,0.0309974756842,0.000287641049826,0,-0,0.00943197420096,0.0940868921433,0.153463243736,-0.0230108617898,0.220852123682,0.546875,,,,,,,
direction_normalised_advantage,joint_crypto_high_correlation,stable_supported,stable_supported,eth_only,"advantage(stable_supported, joint_crypto_high_correlation)",backlog_area_share,-1,operational,,128,0.0677912079588,0.0166467305866,0.0351636160091,0.100418799909,0.000657696904316,0,-0,0.0411483911581,0.30768001345,0.426082406003,-0.845188675779,1.16284506995,0.5546875,,,,,,,
direction_normalised_advantage,joint_crypto_high_correlation,stable_supported,stable_supported,eth_only,"advantage(stable_supported, joint_crypto_high_correlation)",liquidated_debt_share,-1,operational,,128,0.0398083328764,0.00799607835687,0.024136019297,0.0554806464559,0.000550780787509,0,-0,0.02595239363,0.165299700096,0.241416545147,-0.00262501458994,0.565260815968,0.5390625,,,,,,,
direction_normalised_advantage,joint_crypto_high_correlation,stable_supported,stable_supported,eth_only,"advantage(stable_supported, joint_crypto_high_correlation)",debt_weighted_liquidated_vault_share,-1,operational,,128,0.0398083328764,0.00799607835687,0.024136019297,0.0554806464559,0.000550780787509,0,-0,0.02595239363,0.165299700096,0.241416545147,-0.00262501458994,0.565260815968,0.5390625,,,,,,,
direction_normalised_advantage,joint_crypto_high_correlation,stable_supported,stable_supported,eth_only,"advantage(stable_supported, joint_crypto_high_correlation)",successful_closure_count,-1,operational,,128,10.9375,1.64309841207,7.71702711235,14.1579728876,2.5,0,-0,14,39,49.95,-4,104,0.5546875,,,,,,,
direction_normalised_advantage,joint_crypto_high_correlation,stable_supported,stable_supported,eth_only,"advantage(stable_supported, joint_crypto_high_correlation)",capacity_rejected_opportunities,-1,operational,,128,0.015625,0.015625,-0.015,0.04625,0,0,-0,0,0,-0,-0,2,0.0078125,,,,,,,
direction_normalised_advantage,joint_crypto_high_correlation,stable_supported,stable_supported,eth_only,"advantage(stable_supported, joint_crypto_high_correlation)",below_peg_burden,-1,operational,,128,0,0,0,0,0,0,-0,0,0,-0,-0,-0,0,,,,,,,
direction_normalised_advantage,joint_crypto_high_correlation,stable_supported,stable_supported,eth_only,"advantage(stable_supported, joint_crypto_high_correlation)",mean_absolute_peg_deviation,-1,operational,,128,0,0,0,0,0,0,-0,0,0,-0,-0,-0,0,,,,,,,
direction_normalised_advantage,joint_crypto_high_correlation,stable_supported,stable_supported,eth_only,"advantage(stable_supported, joint_crypto_high_correlation)",minimum_dai_price,1,operational,,128,0,0,0,0,0,0,0,0,0,0,0,0,0,,,,,,,
direction_normalised_advantage,joint_crypto_high_correlation,stable_supported,stable_supported,eth_only,"advantage(stable_supported, joint_crypto_high_correlation)",restricted_mean_recovery_time,-1,operational,,128,0,0,0,0,0,0,-0,0,0,-0,-0,-0,0,,,,,,,
direction_normalised_advantage,joint_crypto_high_correlation,stable_supported,stable_supported,eth_only,"advantage(stable_supported, joint_crypto_high_correlation)",recovery_probability_720h,1,operational,,128,0,0,0,0,0,0,0,0,0,0,0,0,0,0,0,0,,,,
correlation_deterioration_interaction,empirical_minus_high_correlation,empirical_crypto,joint_crypto_empirical_stress_advantage,joint_crypto_high_correlation_advantage,advantage_empirical - advantage_high_correlation,realised_bad_debt_share,-1,degenerate,False,128,1.8998146777e-21,1.29815741743e-21,-6.44573860461e-22,4.44420321586e-21,0,0,0,0,0,1.7355340175e-20,-6.37268573157e-20,1.21103593167e-19,0.078125,,,,,,,
correlation_deterioration_interaction,empirical_minus_high_correlation,empirical_crypto,joint_crypto_empirical_stress_advantage,joint_crypto_high_correlation_advantage,advantage_empirical - advantage_high_correlation,positive_realised_bad_debt,-1,degenerate,False,128,0,0,0,0,0,0,0,0,0,0,0,0,0,0,,,0,0,0,0
correlation_deterioration_interaction,empirical_minus_high_correlation,empirical_crypto,joint_crypto_empirical_stress_advantage,joint_crypto_high_correlation_advantage,advantage_empirical - advantage_high_correlation,active_bad_debt_share,-1,degenerate,False,128,0,0,0,0,0,0,0,0,0,0,0,0,0,,,,,,,
correlation_deterioration_interaction,empirical_minus_high_correlation,empirical_crypto,joint_crypto_empirical_stress_advantage,joint_crypto_high_correlation_advantage,advantage_empirical - advantage_high_correlation,unresolved_tab_share,-1,operational,False,128,0.00523934913319,0.00407595733644,-0.00274952724623,0.0132282255126,0.000272559235251,-0.0504324012814,-0.000248195821166,0.00461891504842,0.0257223106049,0.0770939115178,-0.1591493153,0.23541991519,0.6015625,,,,,,,
correlation_deterioration_interaction,empirical_minus_high_correlation,empirical_crypto,joint_crypto_empirical_stress_advantage,joint_crypto_high_correlation_advantage,advantage_empirical - advantage_high_correlation,backlog_area_share,-1,operational,False,128,0.0530698298843,0.0170138129171,0.0197227565669,0.0864169032018,0.00245233297259,-0.12596545298,-3.88072893682e-05,0.0461871233692,0.192108571615,0.412936683675,-0.427530193966,1.19841465289,0.6640625,,,,,,,
correlation_deterioration_interaction,empirical_minus_high_correlation,empirical_crypto,joint_crypto_empirical_stress_advantage,joint_crypto_high_correlation_advantage,advantage_empirical - advantage_high_correlation,liquidated_debt_share,-1,operational,False,128,0.0114902991364,0.00374408074828,0.00415190086973,0.018828697403,0.000128101508939,-0.0254617218144,-8.67361737988e-19,0.00615225420331,0.0483644474576,0.118379874236,-0.123446737202,0.23541991519,0.609375,,,,,,,
correlation_deterioration_interaction,empirical_minus_high_correlation,empirical_crypto,joint_crypto_empirical_stress_advantage,joint_crypto_high_correlation_advantage,advantage_empirical - advantage_high_correlation,debt_weighted_liquidated_vault_share,-1,operational,False,128,0.0114902991364,0.00374408074828,0.00415190086973,0.018828697403,0.000128101508939,-0.0254617218144,0,0.00615225420331,0.0483644474576,0.118379874236,-0.123446737202,0.23541991519,0.5546875,,,,,,,
correlation_deterioration_interaction,empirical_minus_high_correlation,empirical_crypto,joint_crypto_empirical_stress_advantage,joint_crypto_high_correlation_advantage,advantage_empirical - advantage_high_correlation,successful_closure_count,-1,operational,False,128,2.484375,0.44075481837,1.62049555599,3.34825444401,1,-2,0,4,8,11,-10,26,0.5546875,,,,,,,
correlation_deterioration_interaction,empirical_minus_high_correlation,empirical_crypto,joint_crypto_empirical_stress_advantage,joint_crypto_high_correlation_advantage,advantage_empirical - advantage_high_correlation,capacity_rejected_opportunities,-1,operational,False,128,0.28125,0.130742833395,0.0249940465451,0.537505953455,0,0,0,0,0,0.65,0,11,0.0546875,,,,,,,
correlation_deterioration_interaction,empirical_minus_high_correlation,empirical_crypto,joint_crypto_empirical_stress_advantage,joint_crypto_high_correlation_advantage,advantage_empirical - advantage_high_correlation,below_peg_burden,-1,operational,False,128,0,0,0,0,0,0,0,0,0,0,0,0,0,,,,,,,
correlation_deterioration_interaction,empirical_minus_high_correlation,empirical_crypto,joint_crypto_empirical_stress_advantage,joint_crypto_high_correlation_advantage,advantage_empirical - advantage_high_correlation,mean_absolute_peg_deviation,-1,operational,False,128,0,0,0,0,0,0,0,0,0,0,0,0,0,,,,,,,
correlation_deterioration_interaction,empirical_minus_high_correlation,empirical_crypto,joint_crypto_empirical_stress_advantage,joint_crypto_high_correlation_advantage,advantage_empirical - advantage_high_correlation,minimum_dai_price,1,operational,False,128,0,0,0,0,0,0,0,0,0,0,0,0,0,,,,,,,
correlation_deterioration_interaction,empirical_minus_high_correlation,empirical_crypto,joint_crypto_empirical_stress_advantage,joint_crypto_high_correlation_advantage,advantage_empirical - advantage_high_correlation,restricted_mean_recovery_time,-1,operational,False,128,0,0,0,0,0,0,0,0,0,0,0,0,0,,,,,,,
correlation_deterioration_interaction,empirical_minus_high_correlation,empirical_crypto,joint_crypto_empirical_stress_advantage,joint_crypto_high_correlation_advantage,advantage_empirical - advantage_high_correlation,recovery_probability_720h,1,operational,False,128,0,0,0,0,0,0,0,0,0,0,0,0,0,0,,,0,0,0,0
correlation_deterioration_interaction,empirical_minus_high_correlation,balanced_crypto,joint_crypto_empirical_stress_advantage,joint_crypto_high_correlation_advantage,advantage_empirical - advantage_high_correlation,realised_bad_debt_share,-1,degenerate,False,128,3.1752541131e-21,1.30311227704e-21,6.21154050094e-22,5.72935417611e-21,0,0,0,0,0,1.75217814132e-20,0,1.38439703663e-19,0.0859375,,,,,,,
correlation_deterioration_interaction,empirical_minus_high_correlation,balanced_crypto,joint_crypto_empirical_stress_advantage,joint_crypto_high_correlation_advantage,advantage_empirical - advantage_high_correlation,positive_realised_bad_debt,-1,degenerate,False,128,0,0,0,0,0,0,0,0,0,0,0,0,0,0,,,0,0,0,0
correlation_deterioration_interaction,empirical_minus_high_correlation,balanced_crypto,joint_crypto_empirical_stress_advantage,joint_crypto_high_correlation_advantage,advantage_empirical - advantage_high_correlation,active_bad_debt_share,-1,degenerate,False,128,0,0,0,0,0,0,0,0,0,0,0,0,0,,,,,,,
correlation_deterioration_interaction,empirical_minus_high_correlation,balanced_crypto,joint_crypto_empirical_stress_advantage,joint_crypto_high_correlation_advantage,advantage_empirical - advantage_high_correlation,unresolved_tab_share,-1,operational,False,128,0.0174138814269,0.00558290011423,0.00647139720303,0.0283563656508,0.00119828035042,-0.00830255582062,0,0.0162439669147,0.0818053102679,0.146067204941,-0.27853786279,0.241740770447,0.7109375,,,,,,,
correlation_deterioration_interaction,empirical_minus_high_correlation,balanced_crypto,joint_crypto_empirical_stress_advantage,joint_crypto_high_correlation_advantage,advantage_empirical - advantage_high_correlation,backlog_area_share,-1,operational,False,128,0.0850764018017,0.01928539735,0.0472770229956,0.122875780608,0.00855933558514,-0.0598566307329,8.6288793652e-05,0.0757301710409,0.356860148561,0.579225855872,-0.590066484348,1.19799742992,0.75,,,,,,,
correlation_deterioration_interaction,empirical_minus_high_correlation,balanced_crypto,joint_crypto_empirical_stress_advantage,joint_crypto_high_correlation_advantage,advantage_empirical - advantage_high_correlation,liquidated_debt_share,-1,operational,False,128,0.0273531205488,0.00465290273146,0.0182334311951,0.0364728099025,0.00185145076896,-0.000857049917018,0,0.0262223505608,0.124903331722,0.14287978918,-0.0622727598783,0.241701668438,0.734375,,,,,,,
correlation_deterioration_interaction,empirical_minus_high_correlation,balanced_crypto,joint_crypto_empirical_stress_advantage,joint_crypto_high_correlation_advantage,advantage_empirical - advantage_high_correlation,debt_weighted_liquidated_vault_share,-1,operational,False,128,0.0273531205488,0.00465290273146,0.0182334311951,0.0364728099025,0.00185145076896,-0.000857049917018,0,0.0262223505608,0.124903331722,0.14287978918,-0.0622727598783,0.241701668438,0.6953125,,,,,,,
correlation_deterioration_interaction,empirical_minus_high_correlation,balanced_crypto,joint_crypto_empirical_stress_advantage,joint_crypto_high_correlation_advantage,advantage_empirical - advantage_high_correlation,successful_closure_count,-1,operational,False,128,6.9375,0.704470224526,5.55673835993,8.31826164007,3.5,0,0,12,19.3,22,-6,28,0.703125,,,,,,,
correlation_deterioration_interaction,empirical_minus_high_correlation,balanced_crypto,joint_crypto_empirical_stress_advantage,joint_crypto_high_correlation_advantage,advantage_empirical - advantage_high_correlation,capacity_rejected_opportunities,-1,operational,False,128,0.390625,0.171919732905,0.0536623235069,0.727587676493,0,0,0,0,0,1,0,14,0.0703125,,,,,,,
correlation_deterioration_interaction,empirical_minus_high_correlation,balanced_crypto,joint_crypto_empirical_stress_advantage,joint_crypto_high_correlation_advantage,advantage_empirical - advantage_high_correlation,below_peg_burden,-1,operational,False,128,0,0,0,0,0,0,0,0,0,0,0,0,0,,,,,,,
correlation_deterioration_interaction,empirical_minus_high_correlation,balanced_crypto,joint_crypto_empirical_stress_advantage,joint_crypto_high_correlation_advantage,advantage_empirical - advantage_high_correlation,mean_absolute_peg_deviation,-1,operational,False,128,0,0,0,0,0,0,0,0,0,0,0,0,0,,,,,,,
correlation_deterioration_interaction,empirical_minus_high_correlation,balanced_crypto,joint_crypto_empirical_stress_advantage,joint_crypto_high_correlation_advantage,advantage_empirical - advantage_high_correlation,minimum_dai_price,1,operational,False,128,0,0,0,0,0,0,0,0,0,0,0,0,0,,,,,,,
correlation_deterioration_interaction,empirical_minus_high_correlation,balanced_crypto,joint_crypto_empirical_stress_advantage,joint_crypto_high_correlation_advantage,advantage_empirical - advantage_high_correlation,restricted_mean_recovery_time,-1,operational,False,128,0,0,0,0,0,0,0,0,0,0,0,0,0,,,,,,,
correlation_deterioration_interaction,empirical_minus_high_correlation,balanced_crypto,joint_crypto_empirical_stress_advantage,joint_crypto_high_correlation_advantage,advantage_empirical - advantage_high_correlation,recovery_probability_720h,1,operational,False,128,0,0,0,0,0,0,0,0,0,0,0,0,0,0,,,0,0,0,0
correlation_deterioration_interaction,empirical_minus_high_correlation,stable_supported,joint_crypto_empirical_stress_advantage,joint_crypto_high_correlation_advantage,advantage_empirical - advantage_high_correlation,realised_bad_debt_share,-1,degenerate,False,128,2.84604248162e-21,1.3646886975e-21,1.71252634519e-22,5.52083232871e-21,0,0,0,0,0,1.75217814132e-20,-3.34822313381e-20,1.38439703663e-19,0.0859375,,,,,,,
correlation_deterioration_interaction,empirical_minus_high_correlation,stable_supported,joint_crypto_empirical_stress_advantage,joint_crypto_high_correlation_advantage,advantage_empirical - advantage_high_correlation,positive_realised_bad_debt,-1,degenerate,False,128,0,0,0,0,0,0,0,0,0,0,0,0,0,0,,,0,0,0,0
correlation_deterioration_interaction,empirical_minus_high_correlation,stable_supported,joint_crypto_empirical_stress_advantage,joint_crypto_high_correlation_advantage,advantage_empirical - advantage_high_correlation,active_bad_debt_share,-1,degenerate,False,128,0,0,0,0,0,0,0,0,0,0,0,0,0,,,,,,,
correlation_deterioration_interaction,empirical_minus_high_correlation,stable_supported,joint_crypto_empirical_stress_advantage,joint_crypto_high_correlation_advantage,advantage_empirical - advantage_high_correlation,unresolved_tab_share,-1,operational,False,128,0.0214226472829,0.0051008552927,0.0114249709092,0.0314203236566,0.00131342163676,-0.00816117238418,0,0.0179469437734,0.0820508345997,0.157013990829,-0.167632250715,0.245775055145,0.7421875,,,,,,,
correlation_deterioration_interaction,empirical_minus_high_correlation,stable_supported,joint_crypto_empirical_stress_advantage,joint_crypto_high_correlation_advantage,advantage_empirical - advantage_high_correlation,backlog_area_share,-1,operational,False,128,0.095930261903,0.0192683060011,0.0581643821408,0.133696141665,0.0116278496452,-0.0588592716659,0.000431257555712,0.0845402812679,0.357085035591,0.579049466175,-0.253161078214,1.20018777093,0.78125,,,,,,,
correlation_deterioration_interaction,empirical_minus_high_correlation,stable_supported,joint_crypto_empirical_stress_advantage,joint_crypto_high_correlation_advantage,advantage_empirical - advantage_high_correlation,liquidated_debt_share,-1,operational,False,128,0.0265413589626,0.00477771695039,0.0171770337399,0.0359056841854,0.00185145076896,-3.03435265339e-06,1.04083408559e-17,0.0274730558183,0.120953557571,0.146032388201,-0.1448766968,0.245735953136,0.75,,,,,,,
correlation_deterioration_interaction,empirical_minus_high_correlation,stable_supported,joint_crypto_empirical_stress_advantage,joint_crypto_high_correlation_advantage,advantage_empirical - advantage_high_correlation,debt_weighted_liquidated_vault_share,-1,operational,False,128,0.0265413589626,0.00477771695039,0.0171770337399,0.0359056841854,0.00185145076896,-3.03435265337e-06,0,0.0274730558183,0.120953557571,0.146032388201,-0.1448766968,0.245735953136,0.7109375,,,,,,,
correlation_deterioration_interaction,empirical_minus_high_correlation,stable_supported,joint_crypto_empirical_stress_advantage,joint_crypto_high_correlation_advantage,advantage_empirical - advantage_high_correlation,successful_closure_count,-1,operational,False,128,7.5625,0.663272095031,6.26248669374,8.86251330626,5,0,0.75,13,19,21,-1,28,0.75,,,,,,,
correlation_deterioration_interaction,empirical_minus_high_correlation,stable_supported,joint_crypto_empirical_stress_advantage,joint_crypto_high_correlation_advantage,advantage_empirical - advantage_high_correlation,capacity_rejected_opportunities,-1,operational,False,128,0.4609375,0.196206124963,0.0763734950716,0.845501504928,0,0,0,0,0,1,0,14,0.0703125,,,,,,,
correlation_deterioration_interaction,empirical_minus_high_correlation,stable_supported,joint_crypto_empirical_stress_advantage,joint_crypto_high_correlation_advantage,advantage_empirical - advantage_high_correlation,below_peg_burden,-1,operational,False,128,0,0,0,0,0,0,0,0,0,0,0,0,0,,,,,,,
correlation_deterioration_interaction,empirical_minus_high_correlation,stable_supported,joint_crypto_empirical_stress_advantage,joint_crypto_high_correlation_advantage,advantage_empirical - advantage_high_correlation,mean_absolute_peg_deviation,-1,operational,False,128,0,0,0,0,0,0,0,0,0,0,0,0,0,,,,,,,
correlation_deterioration_interaction,empirical_minus_high_correlation,stable_supported,joint_crypto_empirical_stress_advantage,joint_crypto_high_correlation_advantage,advantage_empirical - advantage_high_correlation,minimum_dai_price,1,operational,False,128,0,0,0,0,0,0,0,0,0,0,0,0,0,,,,,,,
correlation_deterioration_interaction,empirical_minus_high_correlation,stable_supported,joint_crypto_empirical_stress_advantage,joint_crypto_high_correlation_advantage,advantage_empirical - advantage_high_correlation,restricted_mean_recovery_time,-1,operational,False,128,0,0,0,0,0,0,0,0,0,0,0,0,0,,,,,,,
correlation_deterioration_interaction,empirical_minus_high_correlation,stable_supported,joint_crypto_empirical_stress_advantage,joint_crypto_high_correlation_advantage,advantage_empirical - advantage_high_correlation,recovery_probability_720h,1,operational,False,128,0,0,0,0,0,0,0,0,0,0,0,0,0,0,,,0,0,0,0
