event_id,partition,onset_timestamp_utc,completion_timestamp_utc,stable_run_start_timestamp_utc,trough_timestamp_utc,first_return_timestamp_utc,calendar_year,event_duration_hours,hours_below_0995,initial_peg_gap,minimum_price,maximum_downside_deviation,maximum_six_hour_burden,first_six_hour_burden,first_24_hour_burden,cumulative_downside_burden,burden_after_first_return,hours_to_minimum,hours_to_first_return,recovery_completion_hours,recovery_hours_from_trough,recovery_half_life,failed_recovery_attempts,post_recovery_overshoot,onset_eth_downside,event_eth_downside,eth_recovery_24h,eligible_first_six_hour_burden,eligible_maximum_downside_deviation,eligible_recovery_completion_hours,eligible_failed_recovery_attempts,eligible_initial_gap_contrast,eligible_eth_recovery_contrast
calibration__20200128T020000Z,calibration,2020-01-28T02:00:00Z,2020-01-29T02:00:00Z,2020-01-28T03:00:00Z,2020-01-28T02:00:00Z,2020-01-28T03:00:00Z,2020,24,1,0.00635541666667,0.993644583333,0.00135541666667,0.271083333333,0.0451805555555,0.0112951388889,0.271083333333,0,0,1,24,24,1,0,0.00381775,0,0.00877548907251,-0.0012796926501,True,True,True,True,True,True
calibration__20200317T160000Z,calibration,2020-03-17T16:00:00Z,2020-03-21T03:00:00Z,2020-03-20T04:00:00Z,2020-03-20T02:00:00Z,2020-03-17T19:00:00Z,2020,83,18,0.00574108333333,0.968637833333,0.0263621666667,0.782536111111,0.672102777778,0.363659722222,13.8420833333,11.8094666667,58,3,83,25,1,7,0.0249345833333,0.00847916112192,0,0.045527319553,True,True,True,True,True,True
calibration__20200505T100000Z,calibration,2020-05-05T10:00:00Z,2020-05-09T13:00:00Z,2020-05-08T14:00:00Z,2020-05-08T06:00:00Z,2020-05-05T13:00:00Z,2020,99,14,0.006679,0.990440166667,0.00455983333333,0.409702777778,0.145775,0.0457854166667,5.79826666667,4.92361666667,68,3,99,31,5,5,0.0250855833333,0,0,0.0138600930467,True,True,True,True,True,True
calibration__20200509T220000Z,calibration,2020-05-09T22:00:00Z,2020-05-10T22:00:00Z,2020-05-09T23:00:00Z,2020-05-09T22:00:00Z,2020-05-09T23:00:00Z,2020,24,1,0.005268,0.994732,0.000268,0.0535999999999,0.00893333333332,0.00223333333333,0.0535999999999,0,0,1,24,24,2,0,0.0204390833333,0.00683896566575,0.094917264638,-0.0907913217534,True,True,True,True,True,True
calibration__20200511T090000Z,calibration,2020-05-11T09:00:00Z,2020-05-12T18:00:00Z,2020-05-11T19:00:00Z,2020-05-11T18:00:00Z,2020-05-11T10:00:00Z,2020,33,3,0.00593608333333,0.981735916667,0.0132640833333,0.193675,0.0312027777778,0.0562194444444,1.34926666667,1.16205,9,1,33,24,1,1,0.0274315,0.0526222556904,0,0.0648514761515,True,True,True,True,True,True
calibration__20200515T040000Z,calibration,2020-05-15T04:00:00Z,2020-05-17T19:00:00Z,2020-05-16T20:00:00Z,2020-05-15T20:00:00Z,2020-05-15T06:00:00Z,2020,63,9,0.00593083333333,0.981295833333,0.0137041666667,0.738461111111,0.144847222222,0.220827083333,6.5937,5.72461666667,16,2,63,47,2,3,0.0261595,0,0,0.0307440850106,True,True,True,True,True,True
calibration__20200519T020000Z,calibration,2020-05-19T02:00:00Z,2020-05-20T04:00:00Z,2020-05-19T05:00:00Z,2020-05-19T03:00:00Z,2020-05-19T05:00:00Z,2020,26,3,0.00774875,0.9902585,0.0047415,0.749025,0.313236111111,0.0783090277778,1.87941666667,0,1,3,26,25,2,0,0.00987433333333,0,0,0.0236523073707,True,True,True,True,True,True
calibration__20200520T160000Z,calibration,2020-05-20T16:00:00Z,2020-05-23T04:00:00Z,2020-05-22T05:00:00Z,2020-05-21T14:00:00Z,2020-05-20T18:00:00Z,2020,60,16,0.0100426666667,0.978506166667,0.0164938333333,1,0.260852777778,0.394509722222,11.2060166667,9.6639,22,2,60,38,2,4,0.014005,0.0106266096734,0.0167250074518,0.00746764213564,True,True,True,True,True,True
calibration__20200523T100000Z,calibration,2020-05-23T10:00:00Z,2020-05-24T10:00:00Z,2020-05-23T11:00:00Z,2020-05-23T10:00:00Z,2020-05-23T11:00:00Z,2020,24,1,0.0055955,0.9944045,0.0005955,0.1191,0.01985,0.0049625,0.1191,0,0,1,24,24,1,0,0.00921008333333,0,0,0.0135104075833,True,True,True,True,True,True
calibration__20200524T160000Z,calibration,2020-05-24T16:00:00Z,2020-05-27T15:00:00Z,2020-05-26T16:00:00Z,2020-05-26T15:00:00Z,2020-05-24T17:00:00Z,2020,71,8,0.00848483333333,0.990726833333,0.00427316666667,0.696966666667,0.116161111111,0.0470736111111,3.92476666667,3.2278,47,1,71,24,1,4,0.0181596666667,0,0.0106002159359,0.0191578023091,True,True,True,True,True,True
calibration__20200611T160000Z,calibration,2020-06-11T16:00:00Z,2020-06-13T00:00:00Z,2020-06-12T01:00:00Z,2020-06-11T20:00:00Z,2020-06-12T01:00:00Z,2020,32,9,0.00933266666667,0.980559833333,0.0144401666667,0.986144444444,0.9639,0.365975,8.7834,0,4,9,32,28,1,0,0.0101781666667,0,0.0251725881645,0.0282928537768,True,True,True,True,True,True
calibration__20200615T050000Z,calibration,2020-06-15T05:00:00Z,2020-06-16T13:00:00Z,2020-06-15T14:00:00Z,2020-06-15T06:00:00Z,2020-06-15T07:00:00Z,2020,32,3,0.00816983333333,0.990545333333,0.00445466666667,0.76245,0.25415,0.0708381944444,1.70011666667,0.175216666667,1,2,32,31,1,1,0.0104515833333,0.0472253879125,0,0.0472157229665,True,True,True,True,True,True
calibration__20200802T100000Z,calibration,2020-08-02T10:00:00Z,2020-08-03T12:00:00Z,2020-08-02T13:00:00Z,2020-08-02T11:00:00Z,2020-08-02T13:00:00Z,2020,26,3,0.00512075,0.98830475,0.00669525,0.674716666667,0.337358333333,0.0843395833333,2.02415,0,1,3,26,25,2,0,0.00654225,0,0,0.0524280132228,True,True,True,True,True,True
calibration__20200804T130000Z,calibration,2020-08-04T13:00:00Z,2020-08-06T02:00:00Z,2020-08-05T03:00:00Z,2020-08-05T01:00:00Z,2020-08-04T14:00:00Z,2020,37,3,0.00577866666667,0.993831166667,0.00116883333333,0.155733333333,0.0259555555556,0.02273125,0.54555,0.389816666667,12,1,37,25,3,1,0.0219601666667,0.00772971483523,0,0.00530267729968,True,True,True,True,True,True
calibration__20200807T180000Z,calibration,2020-08-07T18:00:00Z,2020-08-08T18:00:00Z,2020-08-07T19:00:00Z,2020-08-07T18:00:00Z,2020-08-07T19:00:00Z,2020,24,1,0.00676558333333,0.993234416667,0.00176558333333,0.353116666667,0.0588527777778,0.0147131944444,0.353116666667,0,0,1,24,24,1,0,0.0125769166667,0.0506280830705,0,0.0367943073553,True,True,True,True,True,True
calibration__20201028T210000Z,calibration,2020-10-28T21:00:00Z,2020-10-31T08:00:00Z,2020-10-30T09:00:00Z,2020-10-29T14:00:00Z,2020-10-28T22:00:00Z,2020,59,13,0.0108329166667,0.986177916667,0.00882208333333,1,0.166666666667,0.305804166667,11.2797666667,10.2797666667,17,1,59,42,1,2,0.0209028333333,0.0532564717543,0,-0.0250058562957,True,True,True,True,True,True
calibration__20201102T090000Z,calibration,2020-11-02T09:00:00Z,2020-11-04T00:00:00Z,2020-11-03T01:00:00Z,2020-11-02T12:00:00Z,2020-11-02T10:00:00Z,2020,39,6,0.00574008333333,0.990663916667,0.00433608333333,0.380883333333,0.259083333333,0.0945083333333,2.2682,2.12018333333,3,1,39,36,1,4,0.0166555833333,0,0.0153262149554,-0.00324027409019,True,True,True,True,True,True
calibration__20201107T150000Z,calibration,2020-11-07T15:00:00Z,2020-11-08T19:00:00Z,2020-11-07T20:00:00Z,2020-11-07T18:00:00Z,2020-11-07T16:00:00Z,2020,28,3,0.0056905,0.991269166667,0.00373083333333,0.221066666667,0.172283333333,0.0430708333333,1.0337,0.8956,3,1,28,25,2,1,0.0160013333333,0,0.00939540545041,0.031847692356,True,True,True,True,True,True
calibration__20201109T150000Z,calibration,2020-11-09T15:00:00Z,2020-11-10T15:00:00Z,2020-11-09T16:00:00Z,2020-11-09T15:00:00Z,2020-11-09T16:00:00Z,2020,24,1,0.00612266666667,0.993877333333,0.00112266666667,0.224533333333,0.0374222222222,0.00935555555556,0.224533333333,0,0,1,24,24,2,0,0.011059,0,0.00703108074918,0.0055699743028,True,True,True,True,True,True
calibration__20201112T180000Z,calibration,2020-11-12T18:00:00Z,2020-11-13T21:00:00Z,2020-11-12T22:00:00Z,2020-11-12T21:00:00Z,2020-11-12T20:00:00Z,2020,27,3,0.00554608333333,0.993196333333,0.00180366666667,0.137370833333,0.0915805555556,0.0228951388889,0.549483333333,0.360733333333,3,2,27,24,1,1,0.00975991666667,0.0296277835487,0,0.0268560997065,True,True,True,True,True,True
calibration__20201114T070000Z,calibration,2020-11-14T07:00:00Z,2020-11-15T15:00:00Z,2020-11-14T16:00:00Z,2020-11-14T11:00:00Z,2020-11-14T16:00:00Z,2020,32,9,0.00701875,0.987180333333,0.00781966666667,0.973075,0.871088888889,0.316696527778,7.60071666667,0,4,9,32,28,5,0,0.0193223333333,0,0.025583664543,0.000320492395601,True,True,True,True,True,True
calibration__20201115T160000Z,calibration,2020-11-15T16:00:00Z,2020-11-17T00:00:00Z,2020-11-16T01:00:00Z,2020-11-15T16:00:00Z,2020-11-15T23:00:00Z,2020,32,8,0.01093725,0.98906275,0.00593725,1,0.909138888889,0.270763194444,6.49831666667,0.0434833333333,0,7,32,32,7,1,0.0187290833333,0.0078645133927,0,0.016252228017,True,True,True,True,True,True
calibration__20201119T090000Z,calibration,2020-11-19T09:00:00Z,2020-11-20T09:00:00Z,2020-11-19T10:00:00Z,2020-11-19T09:00:00Z,2020-11-19T10:00:00Z,2020,24,1,0.00563,0.99437,0.00063,0.126,0.021,0.00525,0.126,0,0,1,24,24,2,0,0.0220363333333,0.0195727320333,0,0.0576295244285,True,True,True,True,True,True
calibration__20201121T170000Z,calibration,2020-11-21T17:00:00Z,2020-12-01T19:00:00Z,2020-11-30T20:00:00Z,2020-11-25T02:00:00Z,2020-11-21T18:00:00Z,2020,242,110,0.00782033333333,0.98661075,0.00838925,0.745083333333,0.0940111111111,0.243867361111,66.7523333333,66.1882666667,81,1,242,161,3,39,0.00203475,0,0,-0.0641343693847,True,True,True,True,True,True
calibration__20201201T230000Z,calibration,2020-12-01T23:00:00Z,2020-12-05T16:00:00Z,2020-12-04T17:00:00Z,2020-12-02T04:00:00Z,2020-12-02T00:00:00Z,2020,89,23,0.00603941666667,0.989198583333,0.00580141666667,0.424336111111,0.396808333333,0.118527083333,7.52565,7.31776666667,5,1,89,84,2,11,0.00189116666667,0.0130539317602,0.00448490914249,0.0188322182496,True,True,True,True,True,True
calibration__20201206T020000Z,calibration,2020-12-06T02:00:00Z,2021-01-04T09:00:00Z,2021-01-03T10:00:00Z,2020-12-08T20:00:00Z,2020-12-06T14:00:00Z,2020,703,408,0.00800066666667,0.982588083333,0.0124119166667,1,0.638055555556,0.394049305556,262.4001,253.49265,66,12,703,637,3,92,0.00741233333333,0,0,0.000634145079742,True,True,True,True,True,True
calibration__20210125T220000Z,calibration,2021-01-25T22:00:00Z,2021-01-26T22:00:00Z,2021-01-25T23:00:00Z,2021-01-25T22:00:00Z,2021-01-25T23:00:00Z,2021,24,1,0.00592841666667,0.994071583333,0.000928416666667,0.185683333333,0.0309472222222,0.00773680555556,0.185683333333,0,0,1,24,24,2,0,0.00356583333333,0.00380747114811,0.00130137855198,0.0127301684388,True,True,True,True,True,True
calibration__20210128T140000Z,calibration,2021-01-28T14:00:00Z,2021-02-03T19:00:00Z,2021-02-02T20:00:00Z,2021-01-31T06:00:00Z,2021-01-28T16:00:00Z,2021,149,35,0.00563191666667,0.989919916667,0.00508008333333,0.710547222222,0.0660111111111,0.0665618055556,14.8959333333,14.5472,64,2,149,85,3,14,0.00030925,0,0,-0.0210237752289,True,True,True,True,True,True
calibration__20210204T040000Z,calibration,2021-02-04T04:00:00Z,2021-02-05T15:00:00Z,2021-02-04T16:00:00Z,2021-02-04T15:00:00Z,2021-02-04T05:00:00Z,2021,35,3,0.00517075,0.99315775,0.00184225,0.0614083333333,0.0232027777778,0.0211527777778,0.507666666667,0.473516666667,11,1,35,24,1,2,0.00470016666667,0,0,0.0916952207471,True,True,True,True,True,True
calibration__20210206T010000Z,calibration,2021-02-06T01:00:00Z,2021-02-07T01:00:00Z,2021-02-06T02:00:00Z,2021-02-06T01:00:00Z,2021-02-06T02:00:00Z,2021,24,1,0.00755958333333,0.992440416667,0.00255958333333,0.511916666667,0.0853194444444,0.0213298611111,0.511916666667,0,0,1,24,24,1,0,0.00728091666667,0,0.0302355886747,-0.0146817212827,True,True,True,True,True,True
calibration__20210208T030000Z,calibration,2021-02-08T03:00:00Z,2021-02-09T05:00:00Z,2021-02-08T06:00:00Z,2021-02-08T03:00:00Z,2021-02-08T06:00:00Z,2021,26,3,0.00559025,0.99440975,0.00059025,0.11805,0.0431777777778,0.0107944444444,0.259066666667,0,0,3,26,26,3,0,0.00476983333333,0.0255123110062,0,0.0905658509454,True,True,True,True,True,True
calibration__20210209T210000Z,calibration,2021-02-09T21:00:00Z,2021-02-11T04:00:00Z,2021-02-10T05:00:00Z,2021-02-10T04:00:00Z,2021-02-09T22:00:00Z,2021,31,2,0.005326,0.994426083333,0.000573916666667,0.0652,0.0108666666667,0.00749930555556,0.179983333333,0.114783333333,7,1,31,24,1,1,0.00734875,0,0.0209259312934,-0.0283768541741,True,True,True,True,True,True
calibration__20210212T030000Z,calibration,2021-02-12T03:00:00Z,2021-02-13T03:00:00Z,2021-02-12T04:00:00Z,2021-02-12T03:00:00Z,2021-02-12T04:00:00Z,2021,24,1,0.00528758333333,0.994712416667,0.000287583333333,0.0575166666666,0.00958611111111,0.00239652777778,0.0575166666666,0,0,1,24,24,1,0,0.0069245,0,0,0.0490348226502,True,True,True,True,True,True
calibration__20210214T030000Z,calibration,2021-02-14T03:00:00Z,2021-02-15T11:00:00Z,2021-02-14T12:00:00Z,2021-02-14T11:00:00Z,2021-02-14T04:00:00Z,2021,32,2,0.00654908333333,0.993113916667,0.00188608333333,0.309816666667,0.0516361111111,0.0286263888889,0.687033333333,0.377216666667,8,1,32,24,1,1,0.00764358333333,0.0114746297581,0.0265938938306,-0.024696194409,True,True,True,True,True,True
calibration__20210217T040000Z,calibration,2021-02-17T04:00:00Z,2021-02-18T04:00:00Z,2021-02-17T05:00:00Z,2021-02-17T04:00:00Z,2021-02-17T05:00:00Z,2021,24,1,0.00545725,0.99454275,0.00045725,0.09145,0.0152416666667,0.00381041666667,0.09145,0,0,1,24,24,1,0,0.00708725,0.0261695641035,0,0.0813419240761,True,True,True,True,True,True
calibration__20210218T110000Z,calibration,2021-02-18T11:00:00Z,2021-02-19T11:00:00Z,2021-02-18T12:00:00Z,2021-02-18T11:00:00Z,2021-02-18T12:00:00Z,2021,24,1,0.00511391666667,0.994886083333,0.000113916666667,0.0227833333334,0.00379722222223,0.000949305555557,0.0227833333334,0,0,1,24,24,1,0,0.00675191666667,0,0,0.0138189105761,True,True,True,True,True,True
calibration__20210228T030000Z,calibration,2021-02-28T03:00:00Z,2021-03-01T03:00:00Z,2021-02-28T04:00:00Z,2021-02-28T03:00:00Z,2021-02-28T04:00:00Z,2021,24,1,0.00578633333333,0.994213666667,0.000786333333333,0.157266666667,0.0262111111111,0.00655277777778,0.157266666667,0,0,1,24,24,1,0,0.00632041666667,0.0350890350494,0.00222990610978,0.0217403229494,True,True,True,True,True,True
calibration__20210302T170000Z,calibration,2021-03-02T17:00:00Z,2021-03-04T14:00:00Z,2021-03-03T15:00:00Z,2021-03-02T17:00:00Z,2021-03-02T19:00:00Z,2021,45,3,0.00614033333333,0.993859666667,0.00114033333333,0.228066666667,0.051375,0.0152270833333,0.36545,0.0572,0,2,45,45,6,1,0.00817166666667,0.00147008850243,0,0.0752769601574,True,True,True,True,True,True
calibration__20210306T130000Z,calibration,2021-03-06T13:00:00Z,2021-03-07T13:00:00Z,2021-03-06T14:00:00Z,2021-03-06T13:00:00Z,2021-03-06T14:00:00Z,2021,24,1,0.00537516666667,0.994624833333,0.000375166666667,0.0750333333334,0.0125055555556,0.00312638888889,0.0750333333334,0,0,1,24,24,2,0,0.0055585,0,0,0.0835427193548,True,True,True,True,True,True
calibration__20210308T080000Z,calibration,2021-03-08T08:00:00Z,2021-03-09T09:00:00Z,2021-03-08T10:00:00Z,2021-03-08T09:00:00Z,2021-03-08T10:00:00Z,2021,25,2,0.00515016666667,0.99454825,0.00045175,0.0601916666667,0.0200638888889,0.00501597222222,0.120383333333,0,1,2,25,24,1,0,0.00618133333333,0,0,0.0860830061252,True,True,True,True,True,True
calibration__20210314T050000Z,calibration,2021-03-14T05:00:00Z,2021-03-16T06:00:00Z,2021-03-15T07:00:00Z,2021-03-15T06:00:00Z,2021-03-14T07:00:00Z,2021,49,3,0.00500225,0.994312416667,0.000687583333333,0.0229666666667,0.00765555555556,0.00191388888889,0.18345,0.137516666667,25,2,49,24,2,1,0.00647491666667,0,0.0819310421618,-0.0383412351243,True,True,True,True,True,True
calibration__20210317T020000Z,calibration,2021-03-17T02:00:00Z,2021-03-18T08:00:00Z,2021-03-17T09:00:00Z,2021-03-17T05:00:00Z,2021-03-17T06:00:00Z,2021,30,5,0.00603191666667,0.993610166667,0.00138983333333,0.231183333333,0.133741666667,0.0419,1.0056,0.20315,3,4,30,27,5,1,0.01030575,0,0,0.0351016293885,True,True,True,True,True,True
calibration__20210322T000000Z,calibration,2021-03-22T00:00:00Z,2021-03-23T00:00:00Z,2021-03-22T01:00:00Z,2021-03-22T00:00:00Z,2021-03-22T01:00:00Z,2021,24,1,0.00513441666667,0.994865583333,0.000134416666667,0.0268833333334,0.00448055555556,0.00112013888889,0.0268833333334,0,0,1,24,24,2,0,0.00732058333333,0.0204537349911,0.0558587053837,-0.0487288859509,True,True,True,True,True,True
calibration__20210325T210000Z,calibration,2021-03-25T21:00:00Z,2021-03-27T19:00:00Z,2021-03-26T20:00:00Z,2021-03-26T19:00:00Z,2021-03-25T22:00:00Z,2021,46,6,0.00512891666667,0.993227916667,0.00177208333333,0.0765833333333,0.0576111111111,0.0335486111111,0.805166666667,0.779383333333,22,1,46,24,1,2,0.0096135,0.00164199703066,0,0.029409964354,True,True,True,True,True,True
calibration__20210328T190000Z,calibration,2021-03-28T19:00:00Z,2021-03-29T21:00:00Z,2021-03-28T22:00:00Z,2021-03-28T20:00:00Z,2021-03-28T22:00:00Z,2021,26,3,0.00590283333333,0.993629,0.001371,0.227383333333,0.105383333333,0.0263458333333,0.6323,0,1,3,26,25,3,0,0.0070445,0.00759814239589,0,0.0810492268833,True,True,True,True,True,True
calibration__20210401T030000Z,calibration,2021-04-01T03:00:00Z,2021-04-03T13:00:00Z,2021-04-02T14:00:00Z,2021-04-02T13:00:00Z,2021-04-01T04:00:00Z,2021,58,4,0.00549775,0.993806333333,0.00119366666667,0.09955,0.0165916666667,0.0119555555556,0.525666666667,0.426116666667,34,1,58,24,1,3,0.00844966666667,0,0,0.0519557460308,True,True,True,True,True,True
calibration__20210404T190000Z,calibration,2021-04-04T19:00:00Z,2021-04-06T19:00:00Z,2021-04-05T20:00:00Z,2021-04-05T01:00:00Z,2021-04-04T20:00:00Z,2021,48,3,0.00574916666667,0.99337425,0.00162575,0.149833333333,0.0249722222222,0.0197909722222,0.495833333333,0.346,6,1,48,42,1,2,0.0268645,0,0,0.0573573337696,True,True,True,True,True,True
calibration__20210409T070000Z,calibration,2021-04-09T07:00:00Z,2021-04-10T07:00:00Z,2021-04-09T08:00:00Z,2021-04-09T07:00:00Z,2021-04-09T08:00:00Z,2021,24,1,0.00542783333333,0.994572166667,0.000427833333333,0.0855666666666,0.0142611111111,0.00356527777778,0.0855666666666,0,0,1,24,24,2,0,0.013862,0,0,0.0459476614205,True,True,True,True,True,True
calibration__20210410T170000Z,calibration,2021-04-10T17:00:00Z,2021-04-12T17:00:00Z,2021-04-11T18:00:00Z,2021-04-11T13:00:00Z,2021-04-10T18:00:00Z,2021,48,4,0.005391,0.991388083333,0.00361191666667,0.210513888889,0.0130333333333,0.0393229166667,1.34128333333,1.26308333333,20,1,48,28,1,2,0.0110101666667,0,0.0154155399403,0.00852132061933,True,True,True,True,True,True
calibration__20210421T210000Z,calibration,2021-04-21T21:00:00Z,2021-04-23T20:00:00Z,2021-04-22T21:00:00Z,2021-04-21T21:00:00Z,2021-04-21T22:00:00Z,2021,47,2,0.00665858333333,0.993341416667,0.00165858333333,0.331716666667,0.0552861111111,0.0196222222222,0.470933333333,0.139216666667,0,1,47,47,2,1,0.00692316666667,0,0.0226212796384,-0.000792310663384,True,True,True,True,True,True
calibration__20210605T110000Z,calibration,2021-06-05T11:00:00Z,2021-06-06T21:00:00Z,2021-06-05T22:00:00Z,2021-06-05T21:00:00Z,2021-06-05T12:00:00Z,2021,34,2,0.00511766666667,0.994479166667,0.000520833333333,0.0235333333334,0.00392222222223,0.00532083333333,0.1277,0.104166666667,10,1,34,24,1,1,0.009897,0,0.00543486942076,0.0402151292801,True,True,True,True,True,True
calibration__20210607T170000Z,calibration,2021-06-07T17:00:00Z,2021-06-08T18:00:00Z,2021-06-07T19:00:00Z,2021-06-07T17:00:00Z,2021-06-07T19:00:00Z,2021,25,2,0.00665433333333,0.993345666667,0.00165433333333,0.330866666667,0.0985388888889,0.0246347222222,0.591233333333,0,0,2,25,25,4,0,0.006589,0,0.123010986433,-0.127642322764,True,True,True,True,True,True
calibration__20210613T040000Z,calibration,2021-06-13T04:00:00Z,2021-06-14T06:00:00Z,2021-06-13T07:00:00Z,2021-06-13T04:00:00Z,2021-06-13T07:00:00Z,2021,26,3,0.00661108333333,0.993388916667,0.00161108333333,0.322216666667,0.122933333333,0.0307333333333,0.7376,0,0,3,26,26,3,0,0.006753,0,0,0.057524883491,True,True,True,True,True,True
calibration__20210616T110000Z,calibration,2021-06-16T11:00:00Z,2021-06-19T18:00:00Z,2021-06-18T19:00:00Z,2021-06-17T17:00:00Z,2021-06-16T14:00:00Z,2021,79,12,0.00649766666667,0.9922575,0.0027425,0.299533333333,0.0902055555556,0.0295486111111,2.3726,1.83136666667,30,3,79,49,2,6,0.00904433333333,0.0298346070046,0.128900810558,-0.0502973647353,True,True,True,True,True,True
calibration__20210624T020000Z,calibration,2021-06-24T02:00:00Z,2021-06-25T02:00:00Z,2021-06-24T03:00:00Z,2021-06-24T02:00:00Z,2021-06-24T03:00:00Z,2021,24,1,0.005477,0.994523,0.000477,0.0954,0.0159,0.003975,0.0954,0,0,1,24,24,1,0,0.00516441666667,0.0148459543638,0,0.0528991155475,True,True,True,True,True,True
calibration__20210625T070000Z,calibration,2021-06-25T07:00:00Z,2021-06-26T15:00:00Z,2021-06-25T16:00:00Z,2021-06-25T10:00:00Z,2021-06-25T08:00:00Z,2021,32,3,0.00565783333333,0.994230333333,0.000769666666667,0.131566666667,0.0475833333333,0.0169548611111,0.406916666667,0.27535,3,1,32,29,2,2,0.010317,0,0.101797235126,-0.0734574162006,True,True,True,True,True,True
calibration__20210702T030000Z,calibration,2021-07-02T03:00:00Z,2021-07-03T10:00:00Z,2021-07-02T11:00:00Z,2021-07-02T06:00:00Z,2021-07-02T04:00:00Z,2021,31,3,0.00591116666667,0.993893583333,0.00110641666667,0.182233333333,0.0672527777778,0.0213847222222,0.513233333333,0.331,3,1,31,28,1,2,0.0122301666667,0.0633150411343,0,0.0569809261464,True,True,True,True,True,True
calibration__20210705T020000Z,calibration,2021-07-05T02:00:00Z,2021-07-06T07:00:00Z,2021-07-05T08:00:00Z,2021-07-05T03:00:00Z,2021-07-05T06:00:00Z,2021,29,5,0.00618475,0.9935115,0.0014885,0.267325,0.132863888889,0.0332159722222,0.797183333333,0.0233833333334,1,4,29,28,6,1,0.00958675,0,0,-0.00926620186053,True,True,True,True,True,True
calibration__20210707T220000Z,calibration,2021-07-07T22:00:00Z,2021-07-10T01:00:00Z,2021-07-09T02:00:00Z,2021-07-09T01:00:00Z,2021-07-07T23:00:00Z,2021,51,4,0.00562366666667,0.993079916667,0.00192008333333,0.124733333333,0.0207888888889,0.0181375,0.819316666667,0.694583333333,27,1,51,24,1,2,0.007171,0,0.083280919397,0.0468592596211,True,True,True,True,True,True
calibration__20210710T100000Z,calibration,2021-07-10T10:00:00Z,2021-07-11T17:00:00Z,2021-07-10T18:00:00Z,2021-07-10T14:00:00Z,2021-07-10T11:00:00Z,2021,31,3,0.00666316666667,0.991790416667,0.00320958333333,0.332633333333,0.162425,0.0635916666667,1.5262,1.19356666667,4,1,31,27,1,2,0.00807991666667,0,0,0.0141927745433,True,True,True,True,True,True
calibration__20210712T100000Z,calibration,2021-07-12T10:00:00Z,2021-07-15T01:00:00Z,2021-07-14T02:00:00Z,2021-07-13T05:00:00Z,2021-07-12T12:00:00Z,2021,63,11,0.00717166666667,0.99125525,0.00374475,0.434333333333,0.10125,0.118465972222,3.0762,2.4687,19,2,63,44,1,6,0.00708266666667,0,0.0610477868834,-0.0590784429479,True,True,True,True,True,True
calibration__20210715T050000Z,calibration,2021-07-15T05:00:00Z,2021-07-16T06:00:00Z,2021-07-15T07:00:00Z,2021-07-15T06:00:00Z,2021-07-15T07:00:00Z,2021,25,2,0.00526058333333,0.994152416667,0.000847583333333,0.110816666667,0.0369388888889,0.00923472222222,0.221633333333,0,1,2,25,24,2,0,0.00676241666667,0,0.0280794412711,-0.0246892098482,True,True,True,True,True,True
calibration__20210716T090000Z,calibration,2021-07-16T09:00:00Z,2021-07-17T09:00:00Z,2021-07-16T10:00:00Z,2021-07-16T09:00:00Z,2021-07-16T10:00:00Z,2021,24,1,0.00523725,0.99476275,0.00023725,0.04745,0.00790833333333,0.00197708333333,0.04745,0,0,1,24,24,3,0,0.00967216666667,0.0337303671784,0,0.0144320625457,True,True,True,True,True,True
calibration__20210719T120000Z,calibration,2021-07-19T12:00:00Z,2021-07-21T03:00:00Z,2021-07-20T04:00:00Z,2021-07-20T02:00:00Z,2021-07-19T13:00:00Z,2021,39,4,0.00630408333333,0.9925465,0.0024535,0.260816666667,0.0434694444444,0.0584277777778,1.40226666667,1.14145,14,1,39,25,3,1,0.00978483333333,0.0522967386401,0.0371851575281,-0.00264165606576,True,True,True,True,True,True
calibration__20210725T140000Z,calibration,2021-07-25T14:00:00Z,2021-07-26T14:00:00Z,2021-07-25T15:00:00Z,2021-07-25T14:00:00Z,2021-07-25T15:00:00Z,2021,24,1,0.00511141666667,0.994888583333,0.000111416666667,0.0222833333334,0.00371388888889,0.000928472222223,0.0222833333334,0,0,1,24,24,1,0,0.0072065,0.0169326471707,0,0.0982296045634,True,True,True,True,True,True
calibration__20210808T140000Z,calibration,2021-08-08T14:00:00Z,2021-08-09T14:00:00Z,2021-08-08T15:00:00Z,2021-08-08T14:00:00Z,2021-08-08T15:00:00Z,2021,24,1,0.00524783333333,0.994752166667,0.000247833333333,0.0495666666666,0.00826111111111,0.00206527777778,0.0495666666666,0,0,1,24,24,4,0,0.00589383333333,0,0,0.0150096606366,True,True,True,True,True,True
calibration__20210812T140000Z,calibration,2021-08-12T14:00:00Z,2021-08-13T14:00:00Z,2021-08-12T15:00:00Z,2021-08-12T14:00:00Z,2021-08-12T15:00:00Z,2021,24,1,0.00507875,0.99492125,7.875e-05,0.01575,0.002625,0.00065625,0.01575,0,0,1,24,24,1,0,0.00474541666667,0.0406175318607,0,0.051701063699,True,True,True,True,True,True
calibration__20210827T000000Z,calibration,2021-08-27T00:00:00Z,2021-08-28T00:00:00Z,2021-08-27T01:00:00Z,2021-08-27T00:00:00Z,2021-08-27T01:00:00Z,2021,24,1,0.00545691666667,0.994543083333,0.000456916666667,0.0913833333334,0.0152305555556,0.00380763888889,0.0913833333334,0,0,1,24,24,1,0,0.00262925,0.0352772566416,0,0.0629778127513,True,True,True,True,True,True
calibration__20210920T030000Z,calibration,2021-09-20T03:00:00Z,2021-09-21T03:00:00Z,2021-09-20T04:00:00Z,2021-09-20T03:00:00Z,2021-09-20T04:00:00Z,2021,24,1,0.00548108333333,0.994518916667,0.000481083333333,0.0962166666666,0.0160361111111,0.00400902777778,0.0962166666666,0,0,1,24,24,1,0,0.00495708333333,0.0480765132839,0.0796336814419,-0.0543715745457,True,True,True,True,True,True
calibration__20210926T070000Z,calibration,2021-09-26T07:00:00Z,2021-09-27T07:00:00Z,2021-09-26T08:00:00Z,2021-09-26T07:00:00Z,2021-09-26T08:00:00Z,2021,24,1,0.00541041666667,0.994589583333,0.000410416666667,0.0820833333333,0.0136805555556,0.00342013888889,0.0820833333333,0,0,1,24,24,2,0,0.00174133333333,0.0280327080607,0,0.112669537929,True,True,True,True,True,True
calibration__20211015T090000Z,calibration,2021-10-15T09:00:00Z,2021-10-16T10:00:00Z,2021-10-15T11:00:00Z,2021-10-15T09:00:00Z,2021-10-15T11:00:00Z,2021,25,2,0.0113375,0.9886625,0.0063375,1,0.291722222222,0.0729305555556,1.75033333333,0,0,2,25,25,2,0,0.00269975,0,0,0.0773469002917,True,True,True,True,True,True
calibration__20211028T220000Z,calibration,2021-10-28T22:00:00Z,2021-10-29T22:00:00Z,2021-10-28T23:00:00Z,2021-10-28T22:00:00Z,2021-10-28T23:00:00Z,2021,24,1,0.0053135,0.9946865,0.0003135,0.0627,0.01045,0.0026125,0.0627,0,0,1,24,24,1,0,0.00519475,0,0,0.0561700470621,True,True,True,True,True,True
calibration__20211122T030000Z,calibration,2021-11-22T03:00:00Z,2021-11-23T04:00:00Z,2021-11-22T05:00:00Z,2021-11-22T03:00:00Z,2021-11-22T05:00:00Z,2021,25,2,0.00685941666667,0.993140583333,0.00185941666667,0.371883333333,0.110925,0.02773125,0.66555,0,0,2,25,25,2,0,0.00120791666667,0.0558583096207,0.00141346150625,0.0107965144896,True,True,True,True,True,True
calibration__20211210T180000Z,calibration,2021-12-10T18:00:00Z,2021-12-11T18:00:00Z,2021-12-10T19:00:00Z,2021-12-10T18:00:00Z,2021-12-10T19:00:00Z,2021,24,1,0.00538841666667,0.994611583333,0.000388416666667,0.0776833333334,0.0129472222222,0.00323680555556,0.0776833333334,0,0,1,24,24,1,0,0.00214008333333,0.0560359437743,0,0.017543710577,True,True,True,True,True,True
final_stress_validation__20230311T010000Z,final_stress_validation,2023-03-11T01:00:00Z,2023-03-14T23:00:00Z,2023-03-14T00:00:00Z,2023-03-11T07:00:00Z,2023-03-14T00:00:00Z,2023,94,71,0.00674958333333,0.905123916667,0.0898760833333,1,0.819747222222,0.954936805556,59.1812833333,0,6,71,94,88,10,0,0,0.00013845275002,0,-0.000755378844192,True,True,True,True,True,True
