interaction_cell,candidate_index,moment,additive_prediction,actual_result,interaction_residual,paired_mcse,analytic_mcse,replication_index_mcse,mcse_agreement_pass,snr,empirical_scale,additive_band_gap,actual_band_gap,band_gap_reduction,band_gap_reduction_scales,direction,large_residual,precise_residual,large_and_precise
011,0,failed_recovery_attempts_mean,-0.020059121621621621,0,0.020059121621621621,0.0021965996932526957,0.0021965996932526957,0.0021772163129315726,True,9.1318967599045511,1.2984694187000001,-0.54474190584162152,-0.52468278421999992,0.020059121621621601,0.015448281902321863,towards_band,False,True,False
011,0,first_six_hour_burden_mean,0,0,0,0,0,0,True,0,0.024570982533,-0.077561113011999902,-0.077561113011999902,0,0,unchanged,False,False,False
011,0,initial_gap_q4_q1_burden_contrast,0,0,0,0,0,0,True,0,0.071927000000000005,-0.45521164327499991,-0.45521164327499991,0,0,unchanged,False,False,False
011,0,maximum_downside_deviation_mean,-0.0067943402772714379,0,0.0067943402772714379,0.00021600384848027122,0.00021600384848027122,0.00020955649914577553,True,31.454718631515497,0.00054365875714980003,-0.0089416297449516381,-0.0021472894676801998,0.0067943402772714379,12.497435547422484,towards_band,True,True,True
011,0,recovery_completion_hours_mean,68.791807432432435,72.959459459459453,4.1676520270270272,0.15384927070760732,0.15244262374104955,0.15384927070760732,True,27.089189359549895,9.5394282938200003,0.75349138529243476,4.9211434123194522,-4.1676520270270174,-0.43688698092389655,away_from_band,False,True,False
011,36,failed_recovery_attempts_mean,-0.014463682432432432,0,0.014463682432432432,0.0023678593381580774,0.0023678593381580774,0.0023470488887043827,True,6.1083368422059712,1.2984694187000001,-0.53914646665243238,-0.52468278421999992,0.014463682432432456,0.011139024319042637,towards_band,False,True,False
011,36,first_six_hour_burden_mean,-1.1220977505552186e-05,0,1.1220977505552186e-05,1.0841751457078249e-05,1.0841751457078249e-05,1.0838712776204838e-05,True,1.0349783012436014,0.024570982533,-0.077572333989505457,-0.077561113011999902,1.1220977505554952e-05,0.00045667597909382113,towards_band,False,False,False
011,36,initial_gap_q4_q1_burden_contrast,0,0,0,0,0,0,True,0,0.071927000000000005,-0.45521164327499991,-0.45521164327499991,0,0,unchanged,False,False,False
011,36,maximum_downside_deviation_mean,-2.0735785729771788e-05,0,2.0735785729771788e-05,2.596374067516388e-06,2.5550829266311162e-06,2.596374067516388e-06,True,7.9864400084718943,0.00054365875714980003,-0.0021680252534099715,-0.0021472894676801998,2.0735785729771635e-05,0.038141178555610181,towards_band,False,True,False
011,36,recovery_completion_hours_mean,72.777132601351354,72.959459459459453,0.18232685810810811,0.048455007023732566,0.048455007023732566,0.047483141086303131,True,3.7628073816769243,9.5394282938200003,4.7388165542113541,4.9211434123194522,-0.18232685810809812,-0.019112975378851194,away_from_band,False,True,False
011,42,failed_recovery_attempts_mean,0.0017947635135135136,0,-0.0017947635135135136,0.00090397123984510726,0.00078172616382442327,0.00090397123984510726,True,1.9854210337720932,1.2984694187000001,-0.52288802070648643,-0.52468278421999992,-0.0017947635135134865,-0.0013822146965235158,away_from_band,False,False,False
011,42,first_six_hour_burden_mean,0.27929111711731219,0.28378378378378377,0.0044926666664716263,0.00077664601290756735,0.00071141993981375462,0.00077664601290756735,True,5.7847031875593,0.024570982533,0.10344607397331229,0.10793874063978387,-0.0044926666664715786,-0.18284440438788777,away_from_band,False,True,False
011,42,initial_gap_q4_q1_burden_contrast,-0.049349117750535743,-0.052631578947368418,-0.0032824611968326521,0.0013473426556862309,0.0013473426556862309,0.0013438130047240654,True,2.4362482572488759,0.071927000000000005,-0.5045607610255356,-0.50784322222236833,-0.0032824611968327311,-0.045636008687040069,away_from_band,False,True,False
011,42,maximum_downside_deviation_mean,0.14653505067567565,0.14716216216216216,0.00062711148648648648,0.00018825228343974756,0.00017995923362482035,0.00018825228343974756,True,3.3312291092989645,0.00054365875714980003,0.14221312617939597,0.14284023766588247,-0.0006271114864865035,-1.1535020419319924,away_from_band,True,True,True
011,42,recovery_completion_hours_mean,269.43158783783781,265.7162162162162,-3.7153716216216215,0.30857682120107338,0.30462616789978963,0.30857682120107338,True,12.040345762718932,9.5394282938200003,201.39327179069781,197.6779001690762,3.7153716216216139,0.38947529214392973,towards_band,False,True,False
011,94,failed_recovery_attempts_mean,0.0021114864864864866,0,-0.0021114864864864866,0.00090479609770049215,0.00080903561370983354,0.00090479609770049215,True,2.3336600277706281,1.2984694187000001,-0.52257129773351341,-0.52468278421999992,-0.0021114864864865135,-0.0016261349370865345,away_from_band,False,True,False
011,94,first_six_hour_burden_mean,0.27998375314770818,0.28378378378378377,0.0038000306360756455,0.00067352877085223345,0.00064958523699815683,0.00067352877085223345,True,5.6419722520054609,0.024570982533,0.10413871000370828,0.10793874063978387,-0.0038000306360755909,-0.15465521702162169,away_from_band,False,True,False
011,94,initial_gap_q4_q1_burden_contrast,-0.049697825804600859,-0.052631578947368418,-0.0029337531427675429,0.0013144521671341631,0.001312094210767016,0.0013144521671341631,True,2.231920807863145,0.071927000000000005,-0.50490946907960077,-0.50784322222236833,-0.0029337531427675589,-0.04078792585214952,away_from_band,False,True,False
011,94,maximum_downside_deviation_mean,0.14083878800675675,0.14047297297297295,-0.00036581503378378384,0.0002806597334472663,0.00027734549707237303,0.0002806597334472663,True,1.3034111779790367,0.00054365875714980003,0.13651686351047707,0.13615104847669326,0.00036581503378380065,0.67287619112700836,towards_band,True,False,False
011,94,recovery_completion_hours_mean,261.43486064189187,256.32432432432432,-5.1105363175675675,0.42510752578153482,0.42510752578153482,0.42461841979315168,True,12.021749810644145,9.5394282938200003,193.39654459475187,188.28600827718432,5.1105363175675507,0.5357277354742892,towards_band,True,True,True
011,97,failed_recovery_attempts_mean,0.00031672297297297299,0,-0.00031672297297297299,0.00023607136586779873,0.00023607136586779873,0.00023532665938797215,True,1.3416407864998741,1.2984694187000001,-0.52436606124702689,-0.52468278421999992,-0.00031672297297302698,-0.00024392024056301862,away_from_band,False,False,False
011,97,first_six_hour_burden_mean,0.29680036910395441,0.29729729729729731,0.00049692819334285897,0.00012084841637541382,0.00012084841637541382,0.00011625734722664027,True,4.1119959056737567,0.024570982533,0.12095532595995451,0.12145225415329741,-0.00049692819334290483,-0.020224188946270528,away_from_band,False,True,False
011,97,initial_gap_q4_q1_burden_contrast,-0.00031730820700642814,0,0.00031730820700645118,0.00033638910730684584,0.00033617359028728037,0.00033638910730684584,True,0.94327729440124375,0.071927000000000005,-0.45552895148200634,-0.45521164327499991,0.00031730820700642814,0.0044115312331451072,towards_band,False,False,False
011,97,maximum_downside_deviation_mean,0.15364231418918919,0.15385135135135136,0.00020903716216216217,0.00010431263293796085,0.00010431263293796085,0.00010327673206819592,True,2.0039486711689602,0.00054365875714980003,0.14932038969290951,0.14952942685507167,-0.00020903716216216783,-0.38450068064399745,away_from_band,False,True,False
011,97,recovery_completion_hours_mean,279.22529560810813,274.93243243243245,-4.2928631756756754,0.22789952951128112,0.22789952951128112,0.20448196008745706,True,18.836647819683968,9.5394282938200003,211.18697956096813,206.89411638529245,4.2928631756756772,0.45001262585691376,towards_band,False,True,False
011,100,failed_recovery_attempts_mean,-0.010874155405405405,0,0.010874155405405405,0.0017675648209271963,0.0016354699079151654,0.0017675648209271963,True,6.1520546667709999,1.2984694187000001,-0.53555693962540529,-0.52468278421999992,0.010874155405405372,0.0083745949259955189,towards_band,False,True,False
011,100,first_six_hour_burden_mean,-1.0670891444300638e-07,0,1.0670891444300638e-07,7.788524581492848e-08,7.788524581492848e-08,7.7672948269497409e-08,True,1.3700786757041112,0.024570982533,-0.077561219720914343,-0.077561113011999902,1.0670891444075625e-07,4.3428834926499625e-06,towards_band,False,False,False
011,100,initial_gap_q4_q1_burden_contrast,9.3116168228470447e-08,0,-9.3116168228470447e-08,7.1466872029904604e-08,7.1466872029904604e-08,7.1270315259614136e-08,True,1.3029277143892195,0.071927000000000005,-0.45521155015883169,-0.45521164327499991,-9.3116168220497286e-08,-1.2945926873148787e-06,away_from_band,False,False,False
011,100,maximum_downside_deviation_mean,-1.9097868229018008e-05,0,1.9097868229018008e-05,2.0395451663400675e-06,1.9783442443867503e-06,2.0395451663400675e-06,True,9.363787840643333,0.00054365875714980003,-0.0021663873359092176,-0.0021472894676801998,1.9097868229017798e-05,0.035128410933985124,towards_band,False,True,False
011,100,recovery_completion_hours_mean,72.822001689189193,72.959459459459453,0.13745777027027026,0.042603978337048494,0.042259658174034091,0.042603978337048494,True,3.2264069139932112,9.5394282938200003,4.7836856420491927,4.9211434123194522,-0.13745777027025952,-0.014409434825282959,away_from_band,False,True,False
011,103,failed_recovery_attempts_mean,-0.018053209459459461,0,0.018053209459459461,0.003198265049822584,0.0030127341930768579,0.003198265049822584,True,5.6446883476592777,1.2984694187000001,-0.54273599367945935,-0.52468278421999992,0.018053209459459429,0.013903453712089668,towards_band,False,True,False
011,103,first_six_hour_burden_mean,-0.0010351786294784035,0,0.0010351786294784035,0.00021570115045946211,0.00021358357957832367,0.00021570115045946211,True,4.7991335571154048,0.024570982533,-0.0785962916414783,-0.077561113011999902,0.0010351786294783977,0.042130127604303305,towards_band,False,True,False
011,103,initial_gap_q4_q1_burden_contrast,0.00093436912695831517,0,-0.00093436912695831517,0.00035219573871223583,0.00034651572415249202,0.00035219573871223583,True,2.6529824874506742,0.071927000000000005,-0.45427727414804159,-0.45521164327499991,-0.00093436912695832319,-0.012990519929349523,away_from_band,False,True,False
011,103,maximum_downside_deviation_mean,-0.028479760496496597,0,0.028479760496496597,0.00094789304724985236,0.00093162736832522999,0.00094789304724985236,True,30.045331146932341,0.00054365875714980003,-0.030627049964176797,-0.0021472894676801998,0.028479760496496597,52.385361445855033,towards_band,True,True,True
011,103,recovery_completion_hours_mean,45.671558277027025,72.959459459459453,27.287901182432432,1.1982612726671285,1.1982612726671285,1.179854411879073,True,22.772914225704838,9.5394282938200003,0,4.9211434123194522,-4.9211434123194522,-0.5158740399052586,away_from_band,True,True,True
011,116,failed_recovery_attempts_mean,-0.013196790540540541,0,0.013196790540540541,0.0016176101264076118,0.0016054110273353926,0.0016176101264076118,True,8.1582022300070349,1.2984694187000001,-0.53787957476054049,-0.52468278421999992,0.013196790540540571,0.010163343356790732,towards_band,False,True,False
011,116,first_six_hour_burden_mean,0.13131393550920634,0.13513513513513514,0.0038211996259287918,0.00053599973193254962,0.00053599973193254962,0.00052310126292303078,True,7.1291073451686966,0.024570982533,0,0,0,0,unchanged,False,True,False
011,116,initial_gap_q4_q1_burden_contrast,0.053142950665219971,0.052631578947368418,-0.00051137171785154128,0.0012678055957916984,0.0012678055957916984,0.0012243790089675227,True,0.40335183844350225,0.071927000000000005,-0.40206869260977995,-0.40258006432763149,-0.00051137171785153868,-0.0071095933078195762,away_from_band,False,False,False
011,116,maximum_downside_deviation_mean,0.059627898137577365,0.066891891891891889,0.0072639937543145265,0.00084279931988456337,0.0007916668207686128,0.00084279931988456337,True,8.6188889607901693,0.00054365875714980003,0.055305973641297662,0.062569967395612186,-0.0072639937543145239,-13.361311040765594,away_from_band,True,True,True
011,116,recovery_completion_hours_mean,150.36412584459458,156.24324324324326,5.8791173986486482,1.1725074191036755,1.0864781082521624,1.1725074191036755,True,5.0141408940021428,9.5394282938200003,82.325809797454582,88.204927196103256,-5.879117398648674,-0.61629661836835514,away_from_band,True,True,True
011,126,failed_recovery_attempts_mean,0.0061233108108108107,0,-0.0061233108108108107,0.0013876966999463944,0.0013876966999463944,0.0013055125855959012,True,4.4125714293673459,1.2984694187000001,-0.51855947340918906,-0.52468278421999992,-0.0061233108108108558,-0.0047157913175509244,away_from_band,False,True,False
011,126,first_six_hour_burden_mean,0.16888775914085161,0.17567567567567569,0.0067879165348240537,0.0012234410275324653,0.0012234410275324653,0.0011426969498032407,True,5.548217185845461,0.024570982533,0,0,0,0,unchanged,False,True,False
011,126,initial_gap_q4_q1_burden_contrast,-0.009415843423296405,0,0.0094158434232963842,0.0029462394563365552,0.0026539208513169385,0.0029462394563365552,True,3.1958853185016856,0.071927000000000005,-0.46462748669829634,-0.45521164327499991,0.0094158434232964328,0.13090832960218599,towards_band,False,True,False
011,126,maximum_downside_deviation_mean,0.095529983108108105,0.09364864864864865,-0.0018813344594594595,0.00071528171747564076,0.0007113022047312501,0.00071528171747564076,True,2.6302006796693069,0.00054365875714980003,0.091208058611828402,0.089326724152368947,0.001881334459459455,3.4605061257958751,towards_band,True,True,True
011,126,recovery_completion_hours_mean,200.02512668918919,192.64864864864865,-7.3764780405405403,0.99932536279477557,0.99932536279477557,0.98831318325577189,True,7.3814578466326743,9.5394282938200003,131.98681064204919,124.61033260150865,7.3764780405405475,0.77326206700660527,towards_band,True,True,True
011,127,failed_recovery_attempts_mean,0.00021114864864864866,0,-0.00021114864864864866,0.00029919651872354133,0.00029831523103976475,0.00029919651872354133,True,0.70571893533210117,1.2984694187000001,-0.52447163557135124,-0.52468278421999992,-0.00021114864864868466,-0.00016261349370867909,away_from_band,False,False,False
011,127,first_six_hour_burden_mean,-1.7880359643120203e-06,0,1.7880359643120203e-06,4.9946671363804737e-07,4.9946671363804737e-07,4.9490404461948916e-07,True,3.5798901418038662,0.024570982533,-0.077562901047964219,-0.077561113011999902,1.7880359643174248e-06,7.2770226502583179e-05,towards_band,False,True,False
011,127,initial_gap_q4_q1_burden_contrast,1.8963311222051888e-06,0,-1.8963311222051888e-06,9.798220970852144e-07,9.798220970852144e-07,9.7535628052585163e-07,True,1.9353830943866397,0.071927000000000005,-0.45520974694387772,-0.45521164327499991,-1.8963311221864565e-06,-2.63646630915575e-05,away_from_band,False,False,False
011,127,maximum_downside_deviation_mean,0.030937499300716854,0.033445945945945944,0.0025084466452290938,0.00037184944321678245,0.00037184944321678245,0.00035583241026189487,True,6.7458663472213631,0.00054365875714980003,0.026615574804437155,0.029124021449666245,-0.0025084466452290899,-4.6140094539816472,away_from_band,True,True,True
011,127,recovery_completion_hours_mean,110.37552787162163,109.16216216216216,-1.2133657094594594,0.51182261277856123,0.51182261277856123,0.48660656251576623,True,2.3706762443972345,9.5394282938200003,42.337211824481628,41.123846115022161,1.2133657094594668,0.12719480372272735,towards_band,False,True,False
011,134,failed_recovery_attempts_mean,0.0023226351351351353,0,-0.0023226351351351353,0.00097267069295869728,0.00086786206469159285,0.00097267069295869728,True,2.3878946409602184,1.2984694187000001,-0.52236014908486483,-0.52468278421999992,-0.0023226351351350871,-0.001788748430795128,away_from_band,False,True,False
011,134,first_six_hour_burden_mean,0.27924521669263891,0.28378378378378377,0.0045385670911448957,0.00073065869896857402,0.00070163392327586744,0.00073065869896857402,True,6.2116102874730865,0.024570982533,0.10340017354863901,0.10793874063978387,-0.0045385670911448628,-0.18471247883756178,away_from_band,False,True,False
011,134,initial_gap_q4_q1_burden_contrast,-0.050017502212645781,-0.052631578947368418,-0.0026140767347227071,0.0014153142268855206,0.0014098053158476532,0.0014153142268855206,True,1.8469938936988795,0.071927000000000005,-0.50522914548764564,-0.50784322222236833,-0.0026140767347226923,-0.036343469555558998,away_from_band,False,False,False
011,134,maximum_downside_deviation_mean,0.14062975084459459,0.14047297297297295,-0.00015677787162162165,0.00031882652834913541,0.00030496830430039133,0.00031882652834913541,True,0.49173408634911292,0.00054365875714980003,0.1363078263483149,0.13615104847669326,0.00015677787162163281,0.28837551048301086,towards_band,False,False,False
011,134,recovery_completion_hours_mean,261.14336993243245,256.32432432432432,-4.8190456081081079,0.47659954841157959,0.46042970623287072,0.47659954841157959,True,10.111309639652657,9.5394282938200003,193.10505388529245,188.28600827718432,4.8190456081081265,0.50517132260746545,towards_band,True,True,True
011,171,failed_recovery_attempts_mean,-0.00084459459459459464,0,0.00084459459459459464,0.00033280215329442407,0.00033280215329442407,0.00032668051954711468,True,2.5378279143746916,1.2984694187000001,-0.52552737881459455,-0.52468278421999992,0.0008445945945946276,0.00065045397483463083,towards_band,False,True,False
011,171,first_six_hour_burden_mean,0,0,0,0,0,0,True,0,0.024570982533,-0.077561113011999902,-0.077561113011999902,0,0,unchanged,False,False,False
011,171,initial_gap_q4_q1_burden_contrast,0,0,0,0,0,0,True,0,0.071927000000000005,-0.45521164327499991,-0.45521164327499991,0,0,unchanged,False,False,False
011,171,maximum_downside_deviation_mean,-1.7109585985115274e-06,0,1.7109585985115274e-06,3.8446282373520121e-07,3.8446282373520121e-07,3.8011725081262866e-07,True,4.4502575876879851,0.00054365875714980003,-0.0021490004262787114,-0.0021472894676801998,1.710958598511586e-06,0.0031471186217646957,towards_band,False,True,False
011,171,recovery_completion_hours_mean,72.957347972972968,72.959459459459453,0.0021114864864864866,0.009159662894831529,0.009159662894831529,0.0081473024038035014,True,0.2305201087343425,9.5394282938200003,4.919031925832968,4.9211434123194522,-0.002111486486484182,-0.00022134308487355392,away_from_band,False,False,False
011,193,failed_recovery_attempts_mean,-0.052364864864864864,0,0.052364864864864864,0.0046345265977535358,0.0044760423503149372,0.0046345265977535358,True,11.29885949737506,1.2984694187000001,-0.57704764908486483,-0.52468278421999992,0.052364864864864913,0.040328146439745576,towards_band,False,True,False
011,193,first_six_hour_burden_mean,-0.00016728742145035824,0,0.00016728742145035824,7.6882373974556346e-05,7.6882373974556346e-05,7.607677465877553e-05,True,2.1758878245060536,0.024570982533,-0.077728400433450265,-0.077561113011999902,0.00016728742145036279,0.0068083326023160784,towards_band,False,True,False
011,193,initial_gap_q4_q1_burden_contrast,0.00020443802718018991,0,-0.00020443802718018991,0.00013603978530425583,0.00013603978530425583,0.00013538292013421394,True,1.5027811659872881,0.071927000000000005,-0.45500720524781973,-0.45521164327499991,-0.00020443802718017601,-0.0028422988193609632,away_from_band,False,False,False
011,193,maximum_downside_deviation_mean,-0.02122803784117756,0,0.02122803784117756,0.00076029147317894174,0.00075967673025574079,0.00076029147317894174,True,27.920920581179978,0.00054365875714980003,-0.02337532730885776,-0.0021472894676801998,0.02122803784117756,39.046621731006852,towards_band,True,True,True
011,193,recovery_completion_hours_mean,53.298669763513516,72.959459459459453,19.660789695945947,0.95426807343979203,0.95426807343979203,0.92981716275153214,True,20.603004798301484,9.5394282938200003,0,4.9211434123194522,-4.9211434123194522,-0.5158740399052586,away_from_band,True,True,True
011,203,failed_recovery_attempts_mean,0.025760135135135136,0.027027027027027029,0.001266891891891892,0.0009413066375518886,0.00092151918248117425,0.0009413066375518886,True,1.345886495804143,1.2984694187000001,-0.49892264908486478,-0.49765575719297289,0.0012668918918918859,0.00097568096225190352,towards_band,False,False,False
011,203,first_six_hour_burden_mean,0.067255202456728932,0.067567567567567571,0.00031236511083865314,6.0200692173165619e-05,5.90090664221473e-05,6.0200692173165619e-05,True,5.1887295571310634,0.024570982533,-0.01030591055527097,-0.0099935454444323307,0.00031236511083863883,0.012712764351979723,towards_band,False,True,False
011,203,initial_gap_q4_q1_burden_contrast,0.052947942941530726,0.052631578947368418,-0.00031636399416230527,0.00017311188218399086,0.00017116313146027171,0.00017311188218399086,True,1.8275117234648273,0.071927000000000005,-0.4022637003334692,-0.40258006432763149,-0.00031636399416229422,-0.0043984038561638078,away_from_band,False,False,False
011,203,maximum_downside_deviation_mean,0.056962647241017676,0.060202702702702705,0.0032400554616850252,0.00049733023702494647,0.00049733023702494647,0.00048644473596680393,True,6.5148973870303841,0.00054365875714980003,0.052640722744737974,0.055880778206423003,-0.0032400554616850291,-5.9597227471721981,away_from_band,True,True,True
011,203,recovery_completion_hours_mean,145.26583614864865,145.01351351351352,-0.25232263513513514,0.7024057099063985,0.69150502544909809,0.7024057099063985,True,0.3592263439440993,9.5394282938200003,77.227520101508645,76.975197466373515,0.25232263513512976,0.026450498642417997,towards_band,False,False,False
011,222,failed_recovery_attempts_mean,0.011296452702702704,0.013513513513513514,0.0022170608108108107,0.0010575290148107544,0.00097559873454997656,0.0010575290148107544,True,2.0964538842535259,1.2984694187000001,-0.51338633151729718,-0.51116927070648643,0.0022170608108107448,0.0017074416839407884,towards_band,False,True,False
011,222,first_six_hour_burden_mean,0.26763970000703297,0.27027027027027029,0.002630570263237261,0.00049938799698978934,0.00045565315959648483,0.00049938799698978934,True,5.267588086004892,0.024570982533,0.091794656863033064,0.094425227126270384,-0.0026305702632373196,-0.10706003554006595,away_from_band,False,True,False
011,222,initial_gap_q4_q1_burden_contrast,-3.973832847392611e-06,0,3.9738328474141866e-06,0.00065673440246977102,0.00065229246316136176,0.00065673440246977102,True,0.0060508979466735021,0.071927000000000005,-0.4552156171078473,-0.45521164327499991,3.973832847392611e-06,5.5248138354061908e-05,towards_band,False,False,False
011,222,maximum_downside_deviation_mean,0.13806904560810809,0.14047297297297295,0.002403927364864865,0.00038352148645735498,0.00038352148645735498,0.00035377174306401083,True,6.2680382970724784,0.00054365875714980003,0.1337471211118284,0.13615104847669326,-0.0024039273648648607,-4.4217578274058429,away_from_band,True,True,True
011,222,recovery_completion_hours_mean,257.59723395270271,256.32432432432432,-1.2729096283783783,0.55745903501278682,0.55745903501278682,0.53126305331788259,True,2.2834137549661935,9.5394282938200003,189.55891790556271,188.28600827718432,1.2729096283783861,0.13343667871616843,towards_band,False,True,False
011,252,failed_recovery_attempts_mean,-0.011190878378378379,0,0.011190878378378379,0.0013860513842965214,0.0013860513842965214,0.0013828183482398092,True,8.0739274929971039,1.2984694187000001,-0.53587366259837832,-0.52468278421999992,0.011190878378378399,0.008618515166558538,towards_band,False,True,False
011,252,first_six_hour_burden_mean,0.11299204409914285,0.12162162162162163,0.0086295775224787871,0.00084742921996759212,0.00081829452645418364,0.00084742921996759212,True,10.183242823287124,0.024570982533,0,0,0,0,unchanged,False,True,False
011,252,initial_gap_q4_q1_burden_contrast,0.057053421133059154,0.052631578947368418,-0.0044218421856907272,0.0016179972092683207,0.0015422490279081032,0.0016179972092683207,True,2.7329108853595252,0.071927000000000005,-0.39815822214194074,-0.40258006432763149,-0.0044218421856907497,-0.061476805451231797,away_from_band,False,True,False
011,252,maximum_downside_deviation_mean,0.052259301460000927,0.060202702702702705,0.0079434012427017781,0.0008220383556934135,0.00080517520932962881,0.0008220383556934135,True,9.6630542695313597,0.00054365875714980003,0.047937376963721225,0.055880778206423003,-0.0079434012427017781,-14.611005779334938,away_from_band,True,True,True
011,252,recovery_completion_hours_mean,139.99957770270271,146.85135135135135,6.8517736486486482,1.1484595766854495,1.1076208369331864,1.1484595766854495,True,5.966055564988574,9.5394282938200003,71.961261655562708,78.813035304211354,-6.8517736486486456,-0.71825831041546606,away_from_band,True,True,True
101,0,failed_recovery_attempts_mean,0.002639358108108108,0.021009290540540539,0.018369932432432432,0.0022669510951017027,0.0022533993189107317,0.0022669510951017027,True,8.1033651198409729,1.2984694187000001,-0.52204342611189181,-0.50367349367945935,0.018369932432432456,0.014147373952652687,towards_band,False,True,False
101,0,first_six_hour_burden_mean,9.3485082467854326e-05,9.3485082467854326e-05,0,0,0,0,True,0,0.024570982533,-0.077467627929532046,-0.077467627929532046,0,0,unchanged,False,False,False
101,0,initial_gap_q4_q1_burden_contrast,9.0755719850703766e-05,9.0755719850703766e-05,0,0,0,0,True,0,0.071927000000000005,-0.45512088755514923,-0.45512088755514923,0,0,unchanged,False,False,False
101,0,maximum_downside_deviation_mean,-0.0061961436938014654,2.3430860306221926e-05,0.0062195745541076862,0.00026924958447666455,0.0002656041750440344,0.00026924958447666455,True,23.099662590739214,0.00054365875714980003,-0.0083434331614816656,-0.0021238586073739781,0.0062195745541076871,11.440217732745804,towards_band,True,True,True
101,0,recovery_completion_hours_mean,60.101140202702702,73.149070945945951,13.047930743243244,0.36230652849759831,0.34999591044746969,0.36230652849759831,True,36.013512639007658,9.5394282938200003,0,5.1107548988059506,-5.1107548988059506,-0.5357506489269267,away_from_band,True,True,True
101,36,failed_recovery_attempts_mean,0.021537162162162161,0.033572635135135136,0.012035472972972973,0.0019671448921244894,0.001964287485416515,0.0019671448921244894,True,6.1182442743070276,1.2984694187000001,-0.50314562205783775,-0.49111014908486478,0.012035472972972971,0.0092689691413931265,towards_band,False,True,False
101,36,first_six_hour_burden_mean,0.00025150301676518872,0.00026272399427074091,1.1220977505552186e-05,1.0841751457078249e-05,1.0841751457078249e-05,1.0838712776204838e-05,True,1.0349783012436014,0.024570982533,-0.077309609995234715,-0.07729838901772916,1.1220977505554952e-05,0.00045667597909382113,towards_band,False,False,False
101,36,initial_gap_q4_q1_burden_contrast,-0.00016382859931329905,-0.00016382859931329905,0,0,0,0,True,0,0.071927000000000005,-0.45537547187431321,-0.45537547187431321,0,0,unchanged,False,False,False
101,36,maximum_downside_deviation_mean,1.6310139845162361e-05,3.5520874014484273e-05,1.9210734169321912e-05,2.5365581512915436e-06,2.5365581512915436e-06,2.532147681635447e-06,True,7.5735437642304202,0.00054365875714980003,-0.0021309793278350376,-0.0021117685936657155,1.9210734169322098e-05,0.035336015315998601,towards_band,False,True,False
101,36,recovery_completion_hours_mean,63.813872466216218,73.278188344594597,9.464315878378379,0.25707733693859208,0.24909248753473312,0.25707733693859208,True,36.815053365202374,9.5394282938200003,0,5.2398722974545962,-5.2398722974545962,-0.54928577856695904,away_from_band,True,True,True
101,42,failed_recovery_attempts_mean,0.20766469594594594,0.20576435810810811,-0.0019003378378378379,0.00087058818108481017,0.00077411094225772351,0.00087058818108481017,True,2.1828206253269968,1.2984694187000001,-0.31701808827405398,-0.31891842611189181,-0.0019003378378378288,-0.0014635214433778552,away_from_band,False,True,False
101,42,first_six_hour_burden_mean,0.7223499989148392,0.72738075899402455,0.0050307600791852343,0.00068966821533704718,0.00064350507860458784,0.00068966821533704718,True,7.2944641601710698,0.024570982533,0.54650495577083924,0.5515357158500247,-0.005030760079185459,-0.20474395244182478,away_from_band,False,True,False
101,42,initial_gap_q4_q1_burden_contrast,-0.016218702750368741,-0.016622874473517291,-0.00040417172314844178,0.00083460169103822352,0.00082930017014322876,0.00083460169103822352,True,0.48426899620304187,0.071927000000000005,-0.47143034602536865,-0.4718345177485172,-0.00040417172314854977,-0.0056191933925862298,away_from_band,False,False,False
101,42,maximum_downside_deviation_mean,0.48162162162162164,0.48214421452702699,0.00052259290540540538,0.0001757271514037767,0.00016460647761932842,0.0001757271514037767,True,2.9738882194967049,0.00054365875714980003,0.47729969712534193,0.47782229003074728,-0.00052259290540535019,-0.96125170160986606,away_from_band,True,True,True
101,42,recovery_completion_hours_mean,724.33372043918916,725.05774915540542,0.72402871621621623,0.24411447733986769,0.22811588988653986,0.24411447733986769,True,2.9659392761380117,9.5394282938200003,656.29540439204914,657.01943310826539,-0.72402871621625309,-0.075898543803228344,away_from_band,False,True,False
101,94,failed_recovery_attempts_mean,0.21378800675675674,0.21167652027027026,-0.0021114864864864866,0.00087961421852076878,0.00079502906975517499,0.00087961421852076878,True,2.4004687987392188,1.2984694187000001,-0.31089477746324318,-0.31300626394972964,-0.002111486486486458,-0.0016261349370864915,away_from_band,False,True,False
101,94,first_six_hour_burden_mean,0.70807051546859956,0.71256100598606009,0.0044904905174604579,0.00058992565938259295,0.00058914698665815429,0.00058992565938259295,True,7.6119599919761685,0.024570982533,0.5322254723245996,0.53671596284206013,-0.0044904905174605325,-0.18275583857623887,away_from_band,False,True,False
101,94,initial_gap_q4_q1_burden_contrast,-0.0092046963428779049,-0.0092601600119611716,-5.5463669083332529e-05,0.00077634081664775662,0.00077071250041522077,0.00077634081664775662,True,0.071442423087871271,0.071927000000000005,-0.46441633961787782,-0.46447180328696108,-5.5463669083266609e-05,-0.00077111055769414269,away_from_band,False,False,False
101,94,maximum_downside_deviation_mean,0.48068095439189185,0.48120354729729731,0.00052259290540540538,0.00016460647761932842,0.00016460647761932842,0.00015929518650647246,True,3.174801581101578,0.00054365875714980003,0.47635902989561213,0.47688162280101759,-0.00052259290540546122,-0.96125170161007023,away_from_band,True,True,True
101,94,recovery_completion_hours_mean,723.02586570945948,723.74883868243239,0.72297297297297303,0.22778256458586688,0.22778256458586688,0.22044608149516876,True,3.1739609846232764,9.5394282938200003,654.98754966231945,655.71052263529236,-0.72297297297291152,-0.075787872260781139,away_from_band,False,True,False
101,97,failed_recovery_attempts_mean,0.23426942567567569,0.23395270270270271,-0.00031672297297297299,0.00023607136586779873,0.00023607136586779873,0.00023532665938797215,True,1.3416407864998741,1.2984694187000001,-0.29041335854432426,-0.29073008151729718,-0.00031672297297291596,-0.00024392024056293314,away_from_band,False,False,False
101,97,first_six_hour_burden_mean,0.70775677096322065,0.70824800456829085,0.0004912336050700791,0.00012079144249951365,0.00012079144249951365,0.00011627007815088065,True,4.0667914456941512,0.024570982533,0.53191172781922069,0.53240296142429089,-0.00049123360507019598,-0.019992428239711042,away_from_band,False,True,False
101,97,initial_gap_q4_q1_burden_contrast,0.0012888244953155326,0.0016061327023220162,0.00031730820700645118,0.00033638910730684584,0.00033617359028728037,0.00033638910730684584,True,0.94327729440124375,0.071927000000000005,-0.45392281877968438,-0.45360551057267789,0.00031730820700648366,0.0044115312331458791,towards_band,False,False,False
101,97,maximum_downside_deviation_mean,0.48987858952702695,0.4900353673986485,0.00015677787162162162,9.0515746383719841e-05,9.0515746383719841e-05,8.9800195663169858e-05,True,1.7320508075688772,0.00054365875714980003,0.48555666503074724,0.48571344290236879,-0.00015677787162154955,-0.2883755104828577,away_from_band,False,False,False
101,97,recovery_completion_hours_mean,735.83192567567562,736.05088682432438,0.21896114864864866,0.12641924718072245,0.12641924718072245,0.12541991675128669,True,1.7320238296913213,9.5394282938200003,667.79360962853559,668.01257077718435,-0.21896114864875926,-0.02295327790142419,away_from_band,False,False,False
101,100,failed_recovery_attempts_mean,0.11739864864864864,0.12679476351351351,0.0093961148648648643,0.0015293722464933019,0.0015293722464933019,0.0015253499951173432,True,6.1437723133849325,1.2984694187000001,-0.40728413557135129,-0.39788802070648643,0.0093961148648648574,0.0072363004700349799,towards_band,False,True,False
101,100,first_six_hour_burden_mean,0.002078333888811513,0.0020784405977259559,1.0670891444300638e-07,7.788524581492848e-08,7.788524581492848e-08,7.7672948269497409e-08,True,1.3700786757041112,0.024570982533,-0.07548277912318839,-0.075482672414273949,1.0670891444075625e-07,4.3428834926499625e-06,towards_band,False,False,False
101,100,initial_gap_q4_q1_burden_contrast,0.0004062108026070513,0.00040611768643882299,-9.3116168228470447e-08,7.1466872029904604e-08,7.1466872029904604e-08,7.1270315259614136e-08,True,1.3029277143892195,0.071927000000000005,-0.45480543247239286,-0.45480552558856108,-9.3116168220497286e-08,-1.2945926873148787e-06,away_from_band,False,False,False
101,100,maximum_downside_deviation_mean,0.0001480367621689911,0.0001649381020639184,1.6901339894927301e-05,1.9015462806278726e-06,1.8835531828664498e-06,1.9015462806278726e-06,True,8.8882085422326078,0.00054365875714980003,-0.0019992527055112089,-0.0019823513656162814,1.6901339894927463e-05,0.031088140626180438,towards_band,False,True,False
101,100,recovery_completion_hours_mean,64.51404138513513,73.883340371621628,9.369298986486486,0.25885078344854107,0.25007756088836935,0.25885078344854107,True,36.195752864503426,9.5394282938200003,0,5.8450243244816278,-5.8450243244816278,-0.6127227066917893,away_from_band,True,True,True
101,103,failed_recovery_attempts_mean,0.12003800675675676,0.13703547297297297,0.016997466216216218,0.0031342916229472758,0.0029776899647329259,0.0031342916229472758,True,5.4230646860590941,1.2984694187000001,-0.40464477746324318,-0.38764731124702695,0.016997466216216228,0.013090386243546444,towards_band,False,True,False
101,103,first_six_hour_burden_mean,0.020613515525489741,0.02147403072089038,0.0008605151954006417,0.00019359825747116433,0.00019359825747116433,0.00018781221293904255,True,4.4448499002053872,0.024570982533,-0.056947597486510161,-0.056087082291109522,0.00086051519540063931,0.035021602992266442,towards_band,False,True,False
101,103,initial_gap_q4_q1_burden_contrast,-0.018771506037361732,-0.019705875164320048,-0.00093436912695831517,0.00035219573871223583,0.00034651572415249202,0.00035219573871223583,True,2.6529824874506742,0.071927000000000005,-0.47398314931236163,-0.47491751843931995,-0.00093436912695832319,-0.012990519929349523,away_from_band,False,True,False
101,103,maximum_downside_deviation_mean,0.04500047505677799,0.071076266968714968,0.026075791911936985,0.00091688729585539478,0.00091688729585539478,0.00089899446955300126,True,28.439473455251672,0.00054365875714980003,0.040678550560498287,0.066754342472435266,-0.026075791911936978,-47.963527799391336,away_from_band,True,True,True
101,103,recovery_completion_hours_mean,129.35504645270271,163.54771959459458,34.192673141891895,1.2079824092858171,1.2079824092858171,1.1731031812885588,True,28.305605180217214,9.5394282938200003,61.316730405562708,95.509403547454582,-34.192673141891873,-3.5843524463665366,away_from_band,True,True,True
101,116,failed_recovery_attempts_mean,0.23300253378378377,0.24609375,0.013091216216216216,0.0015716265656324131,0.0015647428837404658,0.0015716265656324131,True,8.3297244412182536,1.2984694187000001,-0.29168025043621615,-0.27858903421999992,0.013091216216216228,0.010082036609936394,towards_band,False,True,False
101,116,first_six_hour_burden_mean,0.27088426749180849,0.27458174165635002,0.0036974741645415519,0.00053266764148868564,0.00053266764148868564,0.0005255521115008205,True,6.9414281562288025,0.024570982533,0.095039224347808593,0.098736698512350118,-0.0036974741645415254,-0.15048133136620165,away_from_band,False,True,False
101,116,initial_gap_q4_q1_burden_contrast,-0.029969163076823541,-0.030480534794675163,-0.00051137171785154128,0.0012678055957916984,0.0012678055957916984,0.0012243790089675227,True,0.40335183844350225,0.071927000000000005,-0.48518080635182348,-0.48569217806967507,-0.00051137171785159419,-0.0071095933078203473,away_from_band,False,False,False
101,116,maximum_downside_deviation_mean,0.3019545698015752,0.31601227132616,0.014057701524584796,0.00078114481054664911,0.00076825921593351866,0.00078114481054664911,True,17.996281015740404,0.00054365875714980003,0.29763264530529548,0.31169034682988028,-0.014057701524584798,-25.857583161695178,away_from_band,True,True,True
101,116,recovery_completion_hours_mean,475.71083192567568,495.00021114864865,19.289379222972972,1.0685243634905786,1.0548341394931535,1.0685243634905786,True,18.052353209766611,9.5394282938200003,407.67251587853571,426.96189510150862,-19.289379222972912,-2.0220686847103084,away_from_band,True,True,True
101,126,failed_recovery_attempts_mean,0.21431587837837837,0.22033361486486486,0.0060177364864864866,0.0011924884083352794,0.0011924884083352794,0.0011197652157773897,True,5.046368957906501,1.2984694187000001,-0.31036690584162152,-0.30434916935513506,0.006017736486486458,0.0046344845706965416,towards_band,False,True,False
101,126,first_six_hour_burden_mean,0.44285067854507604,0.45498782359201384,0.01213714504693785,0.0010231430042239962,0.0010231430042239962,0.00093173714840975625,True,11.862608644959929,0.024570982533,0.26700563540107614,0.27914278044801394,-0.012137145046937803,-0.49396254425874259,away_from_band,False,True,False
101,126,initial_gap_q4_q1_burden_contrast,-0.065599745522175457,-0.060699064233399214,0.0049006812887763072,0.0021093363326578065,0.0019754530609534596,0.0021093363326578065,True,2.3233285336726501,0.071927000000000005,-0.52081138879717537,-0.51591070750839907,0.0049006812887762985,0.068134098304896612,towards_band,False,True,False
101,126,maximum_downside_deviation_mean,0.38577808277027026,0.39246727195945946,0.0066891891891891894,0.00058891403758978573,0.00056551787593105021,0.00058891403758978573,True,11.358515440667105,0.00054365875714980003,0.38145615827399054,0.38814534746317975,-0.0066891891891892041,-12.304021780607613,away_from_band,True,True,True
101,126,recovery_completion_hours_mean,591.41870777027032,600.66152871621625,9.2428209459459456,0.815011829576341,0.7814338027340143,0.815011829576341,True,11.34071998777066,9.5394282938200003,523.38039172313029,532.62321266907622,-9.2428209459459367,-0.96890721972655147,away_from_band,True,True,True
101,127,failed_recovery_attempts_mean,0.24651604729729729,0.24630489864864866,-0.00021114864864864866,0.00029919651872354133,0.00029831523103976475,0.00029919651872354133,True,0.70571893533210117,1.2984694187000001,-0.27816673692270266,-0.27837788557135124,-0.00021114864864857363,-0.00016261349370859358,away_from_band,False,False,False
101,127,first_six_hour_burden_mean,0.037090980988237598,0.037092760227143494,1.7792389058947303e-06,4.984664255968886e-07,4.984664255968886e-07,4.9412834804697166e-07,True,3.5694257717842897,0.024570982533,-0.040470132023762304,-0.040468352784856408,1.7792389058954305e-06,7.2412200183929475e-05,towards_band,False,True,False
101,127,initial_gap_q4_q1_burden_contrast,-0.042712469188919328,-0.042714365520041542,-1.8963311222051888e-06,9.798220970852144e-07,9.798220970852144e-07,9.7535628052585163e-07,True,1.9353830943866397,0.071927000000000005,-0.49792411246391921,-0.49792600879504145,-1.8963311222419676e-06,-2.6364663092329272e-05,away_from_band,False,False,False
101,127,maximum_downside_deviation_mean,0.27410323407660769,0.27676845859345833,0.0026652245168507153,0.00036143881541280982,0.00036143881541280982,0.0003427497881929857,True,7.3739299798409439,0.00054365875714980003,0.26978130958032798,0.27244653409717862,-0.0026652245168506394,-4.9023849644645052,away_from_band,True,True,True
101,127,recovery_completion_hours_mean,435.93623310810813,439.56070523648651,3.6244721283783785,0.49000840873681317,0.49000840873681317,0.4627010886579121,True,7.3967549612502816,9.5394282938200003,367.8979170609681,371.52238918934654,-3.6244721283784429,-0.37994647234012041,away_from_band,False,True,False
101,134,failed_recovery_attempts_mean,0.22160050675675674,0.21906672297297297,-0.0025337837837837839,0.00094502870283338534,0.00086705268044958653,0.00094502870283338534,True,2.68117124505001,1.2984694187000001,-0.30308227746324318,-0.30561606124702695,-0.0025337837837837718,-0.001951361924503807,away_from_band,False,True,False
101,134,first_six_hour_burden_mean,0.68608202405346619,0.69120205510937127,0.0051200310559049462,0.00066457779644179963,0.0006526860342844431,0.00066457779644179963,True,7.7041861514452998,0.024570982533,0.51023698090946623,0.51535701196537143,-0.0051200310559051943,-0.20837713953964798,away_from_band,False,True,False
101,134,initial_gap_q4_q1_burden_contrast,-0.017830563492420959,-0.01756635075345947,0.00026421273896150353,0.0010974298587066436,0.001087256698694072,0.0010974298587066436,True,0.24075592336524063,0.071927000000000005,-0.47304220676742087,-0.47277799402845938,0.000264212738961489,0.0036733457388948374,towards_band,False,False,False
101,134,maximum_downside_deviation_mean,0.47676150760135139,0.47744087837837834,0.00067937077702702703,0.00020176087656553451,0.00020176087656553451,0.00019404601222144835,True,3.3672076994885516,0.00054365875714980003,0.47243958310507167,0.47311895388209863,-0.00067937077702695525,-1.2496272120928258,away_from_band,True,True,True
101,134,recovery_completion_hours_mean,717.55848817567562,718.50052787162167,0.94203969594594594,0.28030210233586966,0.28030210233586966,0.26962887890594506,True,3.3608013928384834,9.5394282938200003,649.52017212853559,650.46221182448164,-0.94203969594605041,-0.09875221731645481,away_from_band,False,True,False
101,171,failed_recovery_attempts_mean,0.01488597972972973,0.015730574324324325,0.00084459459459459464,0.00033280215329442407,0.00033280215329442407,0.00032668051954711468,True,2.5378279143746916,1.2984694187000001,-0.50979680449027021,-0.50895220989567558,0.0008445945945946276,0.00065045397483463083,towards_band,False,True,False
101,171,first_six_hour_burden_mean,8.3734281607629734e-05,8.3734281607629734e-05,0,0,0,0,True,0,0.024570982533,-0.077477378730392274,-0.077477378730392274,0,0,unchanged,False,False,False
101,171,initial_gap_q4_q1_burden_contrast,8.4507898267139012e-05,8.4507898267139012e-05,0,0,0,0,True,0,0.071927000000000005,-0.45512713537673277,-0.45512713537673277,0,0,unchanged,False,False,False
101,171,maximum_downside_deviation_mean,1.4065614313621001e-05,1.5642321712249133e-05,1.5767073986281328e-06,3.7633056910979859e-07,3.7633056910979859e-07,3.5488278256277721e-07,True,4.1896872804082816,0.00054365875714980003,-0.0021332238533665789,-0.0021316471459679508,1.5767073986280508e-06,0.0029001784260666366,towards_band,False,True,False
101,171,recovery_completion_hours_mean,63.791913006756758,73.094700168918919,9.3027871621621614,0.25017304863613821,0.24530100165806987,0.25017304863613821,True,37.185409111324823,9.5394282938200003,0,5.0563841217789189,-5.0563841217789189,-0.53005106449142603,away_from_band,True,True,True
101,193,failed_recovery_attempts_mean,0.057854729729729729,0.10652449324324324,0.048669763513513514,0.0046280741117787263,0.0044187457146793365,0.0046280741117787263,True,10.516202277237966,1.2984694187000001,-0.46682805449027021,-0.41815829097675666,0.048669763513513542,0.037482410299844157,towards_band,False,True,False
101,193,first_six_hour_burden_mean,0.014296152713750333,0.014401115732211827,0.00010496301846149618,4.5469355035297508e-05,4.5469355035297508e-05,4.4792457368486482e-05,True,2.3084342933831854,0.024570982533,-0.063264960298249573,-0.063159997279788077,0.00010496301846149581,0.0042718282966717133,towards_band,False,True,False
101,193,initial_gap_q4_q1_burden_contrast,-0.028070239046589698,-0.028274677073769884,-0.00020443802718018991,0.00013603978530425583,0.00013603978530425583,0.00013538292013421394,True,1.5027811659872881,0.071927000000000005,-0.48328188232158958,-0.48348632034876982,-0.00020443802718023152,-0.0028422988193617348,away_from_band,False,False,False
101,193,maximum_downside_deviation_mean,0.010369355294949006,0.029088383488472414,0.018719028193523408,0.00080693372345622182,0.00077436257870867897,0.00080693372345622182,True,23.197726962441127,0.00054365875714980003,0.0060474307986693064,0.024766458992192715,-0.018719028193523408,-34.431576696493011,away_from_band,True,True,True
101,193,recovery_completion_hours_mean,83.57189611486487,109.88830236486487,26.31640625,1.0503011848366184,1.010009011211384,1.0503011848366184,True,25.056056900567715,9.5394282938200003,15.53358006772487,41.84998631772487,-26.31640625,-2.7586984711703066,away_from_band,True,True,True
101,203,failed_recovery_attempts_mean,0.33414273648648651,0.33519847972972971,0.0010557432432432433,0.00096687878024766792,0.00094595693083717011,0.00096687878024766792,True,1.0919085875199501,1.2984694187000001,-0.19054004773351341,-0.18948430449027021,0.0010557432432432012,0.0008130674685432244,towards_band,False,False,False
101,203,first_six_hour_burden_mean,0.20266793211863221,0.20296897113613729,0.0003010390175050932,6.0211789110854029e-05,5.8746384661628955e-05,6.0211789110854029e-05,True,4.9996690340966241,0.024570982533,0.026822888974632308,0.027123927992137392,-0.00030103901750508366,-0.012251810325483481,away_from_band,False,True,False
101,203,initial_gap_q4_q1_burden_contrast,-0.04444035309238567,-0.044756717086547965,-0.00031636399416230527,0.00017311188218399086,0.00017116313146027171,0.00017311188218399086,True,1.8275117234648273,0.071927000000000005,-0.49965199636738555,-0.4999683603615479,-0.00031636399416234973,-0.0043984038561645797,away_from_band,False,False,False
101,203,maximum_downside_deviation_mean,0.35468485877309269,0.35870880359288587,0.0040239448197931342,0.0004406818416150673,0.0004406818416150673,0.00042193576386770197,True,9.1311790952077025,0.00054365875714980003,0.35036293427681298,0.35438687909660616,-0.0040239448197931793,-7.4016002995872272,away_from_band,True,True,True
101,203,recovery_completion_hours_mean,548.42704814189187,553.88291807432438,5.4558699324324325,0.59858608867310548,0.59858608867310548,0.57299497447609615,True,9.1145952698742789,9.5394282938200003,480.38873209475184,485.84460202718435,-5.4558699324325062,-0.57192839700540787,away_from_band,True,True,True
101,222,failed_recovery_attempts_mean,0.24398226351351351,0.24651604729729729,0.0025337837837837839,0.00099143777372017795,0.00093635211168322169,0.00099143777372017795,True,2.5556659741500991,1.2984694187000001,-0.28070052070648643,-0.27816673692270266,0.0025337837837837718,0.001951361924503807,towards_band,False,True,False
101,222,first_six_hour_burden_mean,0.57653511628688237,0.57925000226954915,0.0027148859826667056,0.0005015844637429451,0.00045725821001961589,0.0005015844637429451,True,5.4126197657869364,0.024570982533,0.40069007314288246,0.40340495912554925,-0.0027148859826667815,-0.11049155152914868,away_from_band,False,True,False
101,222,initial_gap_q4_q1_burden_contrast,-0.019007130636246372,-0.018641597945915245,0.00036553269033123945,0.00067283054694611375,0.00066862636733515911,0.00067283054694611375,True,0.54327600313383895,0.071927000000000005,-0.47421877391124628,-0.47385324122091516,0.00036553269033112734,0.0050819955000365276,towards_band,False,False,False
101,222,maximum_downside_deviation_mean,0.45434227195945953,0.4567984586148649,0.0024561866554054053,0.00035215724267804045,0.00035215724267804045,0.00032231474061591699,True,6.9746873207176163,0.00054365875714980003,0.45002034746317982,0.45247653411858518,-0.002456186655405368,-4.5178829975667787,away_from_band,True,True,True
101,222,recovery_completion_hours_mean,686.40720016891896,689.81566722972968,3.408467060810811,0.4883754656016624,0.4883754656016624,0.44734067152804752,True,6.9791938802898148,9.5394282938200003,618.36888412177893,621.77735118258965,-3.4084670608107217,-0.35730307475751505,away_from_band,False,True,False
101,252,failed_recovery_attempts_mean,0.19003378378378377,0.20133023648648649,0.011296452702702704,0.0013656068872049661,0.0013656068872049661,0.0013637418742210154,True,8.2721116952064708,1.2984694187000001,-0.33464900043621615,-0.32335254773351341,0.011296452702702742,0.0086998219134128783,towards_band,False,True,False
101,252,first_six_hour_burden_mean,0.22239558484707617,0.23041945393061433,0.0080238690835381932,0.00086215753140746079,0.00081430110468919451,0.00086215753140746079,True,9.306731996459316,0.024570982533,0.046550541703076265,0.05457441078661443,-0.0080238690835381654,-0.32655873947090747,away_from_band,False,True,False
101,252,initial_gap_q4_q1_burden_contrast,-0.0083510021209124707,-0.01277284430660322,-0.0044218421856907272,0.0016179972092683207,0.0015422490279081032,0.0016179972092683207,True,2.7329108853595252,0.071927000000000005,-0.46356264539591241,-0.46798448758160316,-0.0044218421856907497,-0.061476805451231797,away_from_band,False,True,False
101,252,maximum_downside_deviation_mean,0.24593281031505135,0.26077443790910448,0.014841627594053127,0.00079571864415384794,0.00079571864415384794,0.00079198062548279193,True,18.651853520204284,0.00054365875714980003,0.24161088581877166,0.25645251341282477,-0.014841627594053108,-27.299528240586472,away_from_band,True,True,True
101,252,recovery_completion_hours_mean,398.62626689189187,419.03927364864865,20.413006756756758,1.0947570499022339,1.0947570499022339,1.0897732967531841,True,18.64615236648142,9.5394282938200003,330.58795084475184,351.00095760150862,-20.413006756756772,-2.1398564073259068,away_from_band,True,True,True
110,0,failed_recovery_attempts_mean,-0.018369932432432432,0,0.018369932432432432,0.0022669510951017027,0.0022533993189107317,0.0022669510951017027,True,8.1033651198409729,1.2984694187000001,-0.54305271665243238,-0.52468278421999992,0.018369932432432456,0.014147373952652687,towards_band,False,True,False
110,0,first_six_hour_burden_mean,0,0,0,0,0,0,True,0,0.024570982533,-0.077561113011999902,-0.077561113011999902,0,0,unchanged,False,False,False
110,0,initial_gap_q4_q1_burden_contrast,0,0,0,0,0,0,True,0,0.071927000000000005,-0.45521164327499991,-0.45521164327499991,0,0,unchanged,False,False,False
110,0,maximum_downside_deviation_mean,-0.0062195745541076862,0,0.0062195745541076862,0.00026924958447666455,0.0002656041750440344,0.00026924958447666455,True,23.099662590739214,0.00054365875714980003,-0.0083668640217878856,-0.0021472894676801998,0.0062195745541076854,11.440217732745801,towards_band,True,True,True
110,0,recovery_completion_hours_mean,69.998838682432435,73.727723817567565,3.7288851351351351,0.20772694385161491,0.20026530607374232,0.20772694385161491,True,17.950897779533022,9.5394282938200003,1.9605226352924348,5.6894077704275645,-3.7288851351351298,-0.39089188788712226,away_from_band,False,True,False
110,36,failed_recovery_attempts_mean,-0.012035472972972973,0,0.012035472972972973,0.0019671448921244894,0.001964287485416515,0.0019671448921244894,True,6.1182442743070276,1.2984694187000001,-0.53671825719297295,-0.52468278421999992,0.012035472972973027,0.0092689691413931682,towards_band,False,True,False
110,36,first_six_hour_burden_mean,-1.1220977505552186e-05,0,1.1220977505552186e-05,1.0841751457078249e-05,1.0841751457078249e-05,1.0838712776204838e-05,True,1.0349783012436014,0.024570982533,-0.077572333989505457,-0.077561113011999902,1.1220977505554952e-05,0.00045667597909382113,towards_band,False,False,False
110,36,initial_gap_q4_q1_burden_contrast,0,0,0,0,0,0,True,0,0.071927000000000005,-0.45521164327499991,-0.45521164327499991,0,0,unchanged,False,False,False
110,36,maximum_downside_deviation_mean,-1.9210734169321912e-05,0,1.9210734169321912e-05,2.5365581512915436e-06,2.5365581512915436e-06,2.532147681635447e-06,True,7.5735437642304202,0.00054365875714980003,-0.0021665002018495219,-0.0021472894676801998,1.9210734169322098e-05,0.035336015315998601,towards_band,False,True,False
110,36,recovery_completion_hours_mean,73.582453547297291,73.727723817567565,0.14527027027027026,0.056330478954057836,0.056330478954057836,0.055294858742439272,True,2.5788928652417491,9.5394282938200003,5.5441375001572908,5.6894077704275645,-0.14527027027027373,-0.015228404239317492,away_from_band,False,True,False
110,42,failed_recovery_attempts_mean,0.0019003378378378379,0,-0.0019003378378378379,0.00087058818108481017,0.00077411094225772351,0.00087058818108481017,True,2.1828206253269968,1.2984694187000001,-0.52278244638216209,-0.52468278421999992,-0.0019003378378378288,-0.0014635214433778552,away_from_band,False,True,False
110,42,first_six_hour_burden_mean,0.27949204397486882,0.28378378378378377,0.0042917398089149638,0.00076552502050818757,0.00069888074352053293,0.00076552502050818757,True,5.6062698069175152,0.024570982533,0.10364700083086892,0.10793874063978387,-0.0042917398089149517,-0.17466700011490954,away_from_band,False,True,False
110,42,initial_gap_q4_q1_burden_contrast,-0.049349117750535743,-0.052631578947368418,-0.0032824611968326521,0.0013473426556862309,0.0013473426556862309,0.0013438130047240654,True,2.4362482572488759,0.071927000000000005,-0.5045607610255356,-0.50784322222236833,-0.0032824611968327311,-0.045636008687040069,away_from_band,False,True,False
110,42,maximum_downside_deviation_mean,0.14663956925675672,0.14716216216216216,0.00052259290540540538,0.0001757271514037767,0.00016460647761932842,0.0001757271514037767,True,2.9738882194967049,0.00054365875714980003,0.14231764476047704,0.14284023766588247,-0.00052259290540543346,-0.96125170161001916,away_from_band,True,True,True
110,42,recovery_completion_hours_mean,269.57738597972974,266.00612331081084,-3.5712626689189189,0.3004533191010888,0.28731720780848413,0.3004533191010888,True,11.886248018839002,9.5394282938200003,201.53906993258974,197.96780726367084,3.5712626689189051,0.37436862660129255,towards_band,False,True,False
110,94,failed_recovery_attempts_mean,0.0021114864864864866,0,-0.0021114864864864866,0.00087961421852076878,0.00079502906975517499,0.00087961421852076878,True,2.4004687987392188,1.2984694187000001,-0.52257129773351341,-0.52468278421999992,-0.0021114864864865135,-0.0016261349370865345,away_from_band,False,True,False
110,94,first_six_hour_burden_mean,0.28003231353659358,0.28378378378378377,0.0037514702471901878,0.00066898268478131438,0.00064917615433894343,0.00066898268478131438,True,5.6077239852874765,0.024570982533,0.10418727039259368,0.10793874063978387,-0.0037514702471901917,-0.15267888624933043,away_from_band,False,True,False
110,94,initial_gap_q4_q1_burden_contrast,-0.049697825804600859,-0.052631578947368418,-0.0029337531427675429,0.0013144521671341631,0.001312094210767016,0.0013144521671341631,True,2.231920807863145,0.071927000000000005,-0.50490946907960077,-0.50784322222236833,-0.0029337531427675589,-0.04078792585214952,away_from_band,False,True,False
110,94,maximum_downside_deviation_mean,0.1409433065878378,0.14047297297297295,-0.00047033361486486489,0.000279431121328041,0.00026763873309693326,0.000279431121328041,True,1.6831826484807038,0.00054365875714980003,0.13662138209155811,0.13615104847669326,0.00047033361486484293,0.86512653144893048,towards_band,True,False,False
110,94,recovery_completion_hours_mean,261.5806587837838,256.61423141891891,-4.9664273648648649,0.42621807224776775,0.41287282851322676,0.42621807224776775,True,11.652315301116085,9.5394282938200003,193.5423427366438,188.5759153717789,4.9664273648648987,0.52062106993165791,towards_band,True,True,True
110,97,failed_recovery_attempts_mean,0.00031672297297297299,0,-0.00031672297297297299,0.00023607136586779873,0.00023607136586779873,0.00023532665938797215,True,1.3416407864998741,1.2984694187000001,-0.52436606124702689,-0.52468278421999992,-0.00031672297297302698,-0.00024392024056301862,away_from_band,False,False,False
110,97,first_six_hour_burden_mean,0.29680606369222723,0.29729729729729731,0.0004912336050700791,0.00012079144249951365,0.00012079144249951365,0.00011627007815088065,True,4.0667914456941512,0.024570982533,0.12096102054822733,0.12145225415329741,-0.00049123360507008496,-0.019992428239706525,away_from_band,False,True,False
110,97,initial_gap_q4_q1_burden_contrast,-0.00031730820700642814,0,0.00031730820700645124,0.00033638910730684584,0.00033617359028728037,0.00033638910730684584,True,0.94327729440124386,0.071927000000000005,-0.45552895148200634,-0.45521164327499991,0.00031730820700642814,0.0044115312331451072,towards_band,False,False,False
110,97,maximum_downside_deviation_mean,0.1536945734797297,0.15385135135135136,0.00015677787162162162,9.0515746383719841e-05,9.0515746383719841e-05,8.9800195663169858e-05,True,1.7320508075688772,0.00054365875714980003,0.14937264898345001,0.14952942685507167,-0.00015677787162166057,-0.28837551048306193,away_from_band,False,False,False
110,97,recovery_completion_hours_mean,279.29866976351349,275.22233952702703,-4.0763302364864868,0.21655753817358367,0.21655753817358367,0.19638704366359183,True,18.823312597962151,9.5394282938200003,211.26035371637349,207.18402347988703,4.0763302364864558,0.4273138925031027,towards_band,False,True,False
110,100,failed_recovery_attempts_mean,-0.0093961148648648643,0,0.0093961148648648643,0.0015293722464933019,0.0015293722464933019,0.0015253499951173432,True,6.1437723133849325,1.2984694187000001,-0.53407889908486483,-0.52468278421999992,0.0093961148648649129,0.0072363004700350224,towards_band,False,True,False
110,100,first_six_hour_burden_mean,-1.0670891444300638e-07,0,1.0670891444300638e-07,7.788524581492848e-08,7.788524581492848e-08,7.7672948269497409e-08,True,1.3700786757041112,0.024570982533,-0.077561219720914343,-0.077561113011999902,1.0670891444075625e-07,4.3428834926499625e-06,towards_band,False,False,False
110,100,initial_gap_q4_q1_burden_contrast,9.3116168228470447e-08,0,-9.3116168228470447e-08,7.1466872029904604e-08,7.1466872029904604e-08,7.1270315259614136e-08,True,1.3029277143892195,0.071927000000000005,-0.45521155015883169,-0.45521164327499991,-9.3116168220497286e-08,-1.2945926873148787e-06,away_from_band,False,False,False
110,100,maximum_downside_deviation_mean,-1.6901339894927301e-05,0,1.6901339894927301e-05,1.9015462806278726e-06,1.8835531828664498e-06,1.9015462806278726e-06,True,8.8882085422326078,0.00054365875714980003,-0.0021641908075751273,-0.0021472894676801998,1.6901339894927463e-05,0.031088140626180438,towards_band,False,True,False
110,100,recovery_completion_hours_mean,73.677470439189193,73.727723817567565,0.050253378378378379,0.063059350583295148,0.060227278676027875,0.063059350583295148,True,0.79692191425280612,9.5394282938200003,5.6391543920491927,5.6894077704275645,-0.050253378378371849,-0.005267965419995648,away_from_band,False,False,False
110,103,failed_recovery_attempts_mean,-0.016997466216216218,0,0.016997466216216218,0.0031342916229472758,0.0029776899647329259,0.0031342916229472758,True,5.4230646860590941,1.2984694187000001,-0.54168025043621615,-0.52468278421999992,0.016997466216216228,0.013090386243546444,towards_band,False,True,False
110,103,first_six_hour_burden_mean,-0.0008605151954006417,0,0.0008605151954006417,0.00019359825747116433,0.00019359825747116433,0.00018781221293904255,True,4.4448499002053872,0.024570982533,-0.078421628207400548,-0.077561113011999902,0.00086051519540064625,0.035021602992266726,towards_band,False,True,False
110,103,initial_gap_q4_q1_burden_contrast,0.00093436912695831517,0,-0.00093436912695831517,0.00035219573871223583,0.00034651572415249202,0.00035219573871223583,True,2.6529824874506742,0.071927000000000005,-0.45427727414804159,-0.45521164327499991,-0.00093436912695832319,-0.012990519929349523,away_from_band,False,True,False
110,103,maximum_downside_deviation_mean,-0.025919014040315366,0,0.025919014040315366,0.00092421046139510524,0.00092421046139510524,0.00091164087996613795,True,28.044493243660483,0.00054365875714980003,-0.028066303507995567,-0.0021472894676801998,0.025919014040315366,47.675152288908365,towards_band,True,True,True
110,103,recovery_completion_hours_mean,48.915857263513516,73.727723817567565,24.811866554054053,1.1723663345067199,1.1723663345067199,1.1331475983845505,True,21.163919351619555,9.5394282938200003,0,5.6894077704275645,-5.6894077704275645,-0.59640972133658954,away_from_band,True,True,True
110,116,failed_recovery_attempts_mean,-0.01266891891891892,0,0.01266891891891892,0.0016126381611521277,0.0015859131102849431,0.0016126381611521277,True,7.8560207888592819,1.2984694187000001,-0.53735170313891889,-0.52468278421999992,0.01266891891891897,0.0097568096225191213,towards_band,False,True,False
110,116,first_six_hour_burden_mean,0.13143766097059356,0.13513513513513514,0.0036974741645415519,0.00053266764148868564,0.00053266764148868564,0.0005255521115008205,True,6.9414281562288025,0.024570982533,0,0,0,0,unchanged,False,True,False
110,116,initial_gap_q4_q1_burden_contrast,0.053142950665219971,0.052631578947368418,-0.00051137171785154128,0.0012678055957916984,0.0012678055957916984,0.0012243790089675227,True,0.40335183844350225,0.071927000000000005,-0.40206869260977995,-0.40258006432763149,-0.00051137171785153868,-0.0071095933078195762,away_from_band,False,False,False
110,116,maximum_downside_deviation_mean,0.060307268914604382,0.067884818412162165,0.0075775494975577704,0.00083407917642001536,0.00080617484648903782,0.00083407917642001536,True,9.0849282799286204,0.00054365875714980003,0.05598534441832468,0.063562893915882462,-0.0075775494975577826,-13.938062061731603,away_from_band,True,True,True
110,116,recovery_completion_hours_mean,151.32305743243242,157.81894003378378,6.4958826013513518,1.1505767623743457,1.1012490149322995,1.1505767623743457,True,5.6457620332487517,9.5394282938200003,83.284741385292421,89.780623986643775,-6.4958826013513544,-0.68095093345998847,away_from_band,True,True,True
110,126,failed_recovery_attempts_mean,0.0061233108108108107,0,-0.0061233108108108107,0.001380468073044409,0.001380468073044409,0.0013140892335166449,True,4.4356772390300883,1.2984694187000001,-0.51855947340918906,-0.52468278421999992,-0.0061233108108108558,-0.0047157913175509244,away_from_band,False,True,False
110,126,first_six_hour_burden_mean,0.16944867360922272,0.17567567567567569,0.0062270020664529661,0.0012105260775180065,0.0012105260775180065,0.0011370700782253186,True,5.144046197848505,0.024570982533,0,0,0,0,unchanged,False,True,False
110,126,initial_gap_q4_q1_burden_contrast,-0.009415843423296405,0,0.0094158434232963842,0.0029462394563365552,0.0026539208513169385,0.0029462394563365552,True,3.1958853185016856,0.071927000000000005,-0.46462748669829634,-0.45521164327499991,0.0094158434232964328,0.13090832960218599,towards_band,False,True,False
110,126,maximum_downside_deviation_mean,0.095739020270270273,0.09364864864864865,-0.0020903716216216215,0.00070547375111410502,0.00070547375111410502,0.00070290860561510681,True,2.963074980919481,0.00054365875714980003,0.09141709577399057,0.089326724152368947,0.0020903716216216228,3.8450068064398724,towards_band,True,True,True
110,126,recovery_completion_hours_mean,200.31672297297297,192.93855574324326,-7.3781672297297298,0.9909504228218744,0.9909504228218744,0.96926769887973518,True,7.4455462753821058,9.5394282938200003,132.27840692583297,124.90023969610326,7.3781672297297121,0.77343914147450177,towards_band,True,True,True
110,127,failed_recovery_attempts_mean,0.00021114864864864866,0,-0.00021114864864864866,0.00029919651872354133,0.00029831523103976475,0.00029919651872354133,True,0.70571893533210117,1.2984694187000001,-0.52447163557135124,-0.52468278421999992,-0.00021114864864868466,-0.00016261349370867909,away_from_band,False,False,False
110,127,first_six_hour_burden_mean,-1.7792389058947303e-06,0,1.7792389058947303e-06,4.984664255968886e-07,4.984664255968886e-07,4.9412834804697166e-07,True,3.5694257717842897,0.024570982533,-0.077562892250905791,-0.077561113011999902,1.7792389058884917e-06,7.2412200183647068e-05,towards_band,False,True,False
110,127,initial_gap_q4_q1_burden_contrast,1.8963311222051888e-06,0,-1.8963311222051888e-06,9.798220970852144e-07,9.798220970852144e-07,9.7535628052585163e-07,True,1.9353830943866397,0.071927000000000005,-0.45520974694387772,-0.45521164327499991,-1.8963311221864565e-06,-2.63646630915575e-05,away_from_band,False,False,False
110,127,maximum_downside_deviation_mean,0.031198795753419547,0.033445945945945944,0.0022471501925263909,0.00035519733052027225,0.00035519733052027225,0.00034224750503734593,True,6.3264838990622394,0.00054365875714980003,0.026876871257139848,0.029124021449666245,-0.0022471501925263974,-4.1333836031766822,away_from_band,True,True,True
110,127,recovery_completion_hours_mean,110.74683277027027,109.45206925675676,-1.2947635135135136,0.48716555921378502,0.48716555921378502,0.4569311090171298,True,2.6577484574301091,9.5394282938200003,42.708516723130273,41.413753209616758,1.2947635135135158,0.13572757964461163,towards_band,False,True,False
110,134,failed_recovery_attempts_mean,0.0025337837837837839,0,-0.0025337837837837839,0.00094502870283338534,0.00086705268044958653,0.00094502870283338534,True,2.68117124505001,1.2984694187000001,-0.52214900043621615,-0.52468278421999992,-0.0025337837837837718,-0.001951361924503807,away_from_band,False,True,False
110,134,first_six_hour_burden_mean,0.27940277299814914,0.28378378378378377,0.0043810107856346757,0.00072457291952248023,0.00069216750169503809,0.00072457291952248023,True,6.0463352515602162,0.024570982533,0.10355772985414924,0.10793874063978387,-0.0043810107856346314,-0.17830018721273053,away_from_band,False,True,False
110,134,initial_gap_q4_q1_burden_contrast,-0.050017502212645781,-0.052631578947368418,-0.0026140767347227071,0.0014153142268855206,0.0014098053158476532,0.0014153142268855206,True,1.8469938936988795,0.071927000000000005,-0.50522914548764564,-0.50784322222236833,-0.0026140767347226923,-0.036343469555558998,away_from_band,False,False,False
110,134,maximum_downside_deviation_mean,0.14078652871621622,0.14047297297297295,-0.00031355574324324324,0.00030465083099257852,0.0002919634399920337,0.00030465083099257852,True,1.0292298964741102,0.00054365875714980003,0.13646460421993653,0.13615104847669326,0.00031355574324326563,0.57675102096602171,towards_band,True,False,False
110,134,recovery_completion_hours_mean,261.36159206081084,256.61423141891891,-4.7473606418918921,0.46436527583447912,0.44393928037980945,0.46436527583447912,True,10.223332555089815,9.5394282938200003,193.32327601367084,188.5759153717789,4.7473606418919303,0.49765672487600215,towards_band,False,True,False
110,171,failed_recovery_attempts_mean,-0.00084459459459459464,0,0.00084459459459459464,0.00033280215329442407,0.00033280215329442407,0.00032668051954711468,True,2.5378279143746916,1.2984694187000001,-0.52552737881459455,-0.52468278421999992,0.0008445945945946276,0.00065045397483463083,towards_band,False,True,False
110,171,first_six_hour_burden_mean,0,0,0,0,0,0,True,0,0.024570982533,-0.077561113011999902,-0.077561113011999902,0,0,unchanged,False,False,False
110,171,initial_gap_q4_q1_burden_contrast,0,0,0,0,0,0,True,0,0.071927000000000005,-0.45521164327499991,-0.45521164327499991,0,0,unchanged,False,False,False
110,171,maximum_downside_deviation_mean,-1.5767073986281328e-06,0,1.5767073986281328e-06,3.7633056910979859e-07,3.7633056910979859e-07,3.5488278256277721e-07,True,4.1896872804082816,0.00054365875714980003,-0.0021488661750788279,-0.0021472894676801998,1.5767073986280508e-06,0.0029001784260666366,towards_band,False,True,False
110,171,recovery_completion_hours_mean,73.743982263513516,73.727723817567565,-0.016258445945945946,0.023382315004358899,0.023382315004358899,0.02304447004372628,True,0.69533089186913566,9.5394282938200003,5.7056662163735155,5.6894077704275645,0.016258445945950939,0.0017043417535287488,towards_band,False,False,False
110,193,failed_recovery_attempts_mean,-0.048669763513513514,0,0.048669763513513514,0.0046280741117787263,0.0044187457146793365,0.0046280741117787263,True,10.516202277237966,1.2984694187000001,-0.57335254773351341,-0.52468278421999992,0.048669763513513487,0.037482410299844116,towards_band,False,True,False
110,193,first_six_hour_burden_mean,-0.00010496301846149618,0,0.00010496301846149618,4.5469355035297508e-05,4.5469355035297508e-05,4.4792457368486482e-05,True,2.3084342933831854,0.024570982533,-0.077666076030461398,-0.077561113011999902,0.00010496301846149581,0.0042718282966717133,towards_band,False,True,False
110,193,initial_gap_q4_q1_burden_contrast,0.00020443802718018991,0,-0.00020443802718018991,0.00013603978530425583,0.00013603978530425583,0.00013538292013421394,True,1.5027811659872881,0.071927000000000005,-0.45500720524781973,-0.45521164327499991,-0.00020443802718017601,-0.0028422988193609632,away_from_band,False,False,False
110,193,maximum_downside_deviation_mean,-0.018719028193523408,0,0.018719028193523408,0.00080693372345622182,0.00077436257870867897,0.00080693372345622182,True,23.197726962441127,0.00054365875714980003,-0.020866317661203608,-0.0021472894676801998,0.018719028193523408,34.431576696493011,towards_band,True,True,True
110,193,recovery_completion_hours_mean,56.730363175675677,73.727723817567565,16.997360641891891,0.96847243486295742,0.95611901999960691,0.96847243486295742,True,17.550691201961865,9.5394282938200003,0,5.6894077704275645,-5.6894077704275645,-0.59640972133658954,away_from_band,True,True,True
110,203,failed_recovery_attempts_mean,0.025971283783783782,0.027027027027027029,0.0010557432432432433,0.00096687878024766792,0.00094595693083717011,0.00096687878024766792,True,1.0919085875199501,1.2984694187000001,-0.49871150043621615,-0.49765575719297289,0.0010557432432432567,0.00081306746854326723,towards_band,False,False,False
110,203,first_six_hour_burden_mean,0.067266528550062474,0.067567567567567571,0.0003010390175050932,6.0211789110854029e-05,5.8746384661628955e-05,6.0211789110854029e-05,True,4.9996690340966241,0.024570982533,-0.010294584461937428,-0.0099935454444323307,0.00030103901750509754,0.012251810325484046,towards_band,False,True,False
110,203,initial_gap_q4_q1_burden_contrast,0.052947942941530726,0.052631578947368418,-0.00031636399416230527,0.00017311188218399086,0.00017116313146027171,0.00017311188218399086,True,1.8275117234648273,0.071927000000000005,-0.4022637003334692,-0.40258006432763149,-0.00031636399416229422,-0.0043984038561638078,away_from_band,False,False,False
110,203,maximum_downside_deviation_mean,0.057223943693720379,0.060202702702702705,0.0029787590089823232,0.00048505000592530522,0.00048505000592530522,0.00046812977012255613,True,6.1411379705065592,0.00054365875714980003,0.052902019197440676,0.055880778206423003,-0.0029787590089823263,-5.4790968963672144,away_from_band,True,True,True
110,203,recovery_completion_hours_mean,145.63840793918919,145.3034206081081,-0.33498733108108109,0.67565164507476971,0.67382577492188156,0.67565164507476971,True,0.49579888323073695,9.5394282938200003,77.600091892049193,77.265104560968098,0.33498733108109491,0.035116080415229102,towards_band,False,False,False
110,222,failed_recovery_attempts_mean,0.011507601351351352,0.013513513513513514,0.0020059121621621621,0.0010285846941118218,0.00096474333426895952,0.0010285846941118218,True,1.9501672284694633,1.2984694187000001,-0.5131751828686486,-0.51116927070648643,0.0020059121621621712,0.0015448281902321948,towards_band,False,False,False
110,222,first_six_hour_burden_mean,0.26764821696722779,0.27027027027027029,0.0026220533030424805,0.00049967215205326597,0.00045570024076059084,0.00049967215205326597,True,5.2475474013668162,0.024570982533,0.09180317382322789,0.094425227126270384,-0.0026220533030424931,-0.10671340877479973,away_from_band,False,True,False
110,222,initial_gap_q4_q1_burden_contrast,-3.973832847392611e-06,0,3.9738328474141866e-06,0.00065673440246977102,0.00065229246316136176,0.00065673440246977102,True,0.0060508979466735021,0.071927000000000005,-0.4552156171078473,-0.45521164327499991,3.973832847392611e-06,5.5248138354061908e-05,towards_band,False,False,False
110,222,maximum_downside_deviation_mean,0.13827808277027026,0.14047297297297295,0.0021948902027027024,0.00037074903749819712,0.00037074903749819712,0.00034887501218964833,True,5.9201507777707336,0.00054365875714980003,0.13395615827399057,0.13615104847669326,-0.0021948902027026929,-4.0372571467618457,away_from_band,True,True,True
110,222,recovery_completion_hours_mean,257.88978040540542,256.61423141891891,-1.2755489864864864,0.53934044193839081,0.53934044193839081,0.52264404477524085,True,2.3650163928040708,9.5394282938200003,189.85146435826542,188.5759153717789,1.2755489864865126,0.1337133575722626,towards_band,False,True,False
110,252,failed_recovery_attempts_mean,-0.011296452702702704,0,0.011296452702702704,0.0013656068872049661,0.0013656068872049661,0.0013637418742210154,True,8.2721116952064708,1.2984694187000001,-0.53597923692270266,-0.52468278421999992,0.011296452702702742,0.0086998219134128783,towards_band,False,True,False
110,252,first_six_hour_burden_mean,0.11359775253808344,0.12162162162162163,0.0080238690835381932,0.00086215753140746079,0.00081430110468919451,0.00086215753140746079,True,9.306731996459316,0.024570982533,0,0,0,0,unchanged,False,True,False
110,252,initial_gap_q4_q1_burden_contrast,0.057053421133059154,0.052631578947368418,-0.0044218421856907272,0.0016179972092683207,0.0015422490279081032,0.0016179972092683207,True,2.7329108853595252,0.071927000000000005,-0.39815822214194074,-0.40258006432763149,-0.0044218421856907497,-0.061476805451231797,away_from_band,False,True,False
110,252,maximum_downside_deviation_mean,0.052834153655946868,0.061195629222972968,0.0083614755670261033,0.00083943342108896567,0.00082290081700294696,0.00083943342108896567,True,9.9608561643627116,0.00054365875714980003,0.048512229159667165,0.056873704726693265,-0.0083614755670260998,-15.380007140622908,away_from_band,True,True,True
110,252,recovery_completion_hours_mean,140.80637668918919,148.4270481418919,7.6206714527027026,1.1608560569322794,1.1271944871055066,1.1608560569322794,True,6.5646997379170049,9.5394282938200003,72.768060642049193,80.388732094751902,-7.6206714527027088,-0.79886039477225967,away_from_band,True,True,True
111,0,failed_recovery_attempts_mean,-0.038429054054054057,0,0.038429054054054057,0.0043533844432714405,0.0043533844432714405,0.0043479782643136271,True,8.8273972939490157,1.2984694187000001,-0.56311183827405398,-0.52468278421999992,0.038429054054054057,0.029595655854974548,towards_band,False,True,False
111,0,first_six_hour_burden_mean,0,0,0,0,0,0,True,0,0.024570982533,-0.077561113011999902,-0.077561113011999902,0,0,unchanged,False,False,False
111,0,initial_gap_q4_q1_burden_contrast,0,0,0,0,0,0,True,0,0.071927000000000005,-0.45521164327499991,-0.45521164327499991,0,0,unchanged,False,False,False
111,0,maximum_downside_deviation_mean,-0.013013914831379125,0,0.013013914831379125,0.00045471441437756194,0.00045471441437756194,0.000452966244121258,True,28.619974251736195,0.00054365875714980003,-0.015161204299059325,-0.0021472894676801998,0.013013914831379125,23.937653280168288,towards_band,True,True,True
111,0,recovery_completion_hours_mean,55.743876689189186,72.959459459459453,17.21558277027027,0.45763584127597817,0.44291642398645636,0.45763584127597817,True,37.618519393651205,9.5394282938200003,0,4.9211434123194522,-4.9211434123194522,-0.5158740399052586,away_from_band,True,True,True
111,36,failed_recovery_attempts_mean,-0.026499155405405407,0,0.026499155405405407,0.0042133710034686659,0.0042133710034686659,0.0041953564535818447,True,6.2893002737214276,1.2984694187000001,-0.55118193962540529,-0.52468278421999992,0.026499155405405372,0.02040799346043572,towards_band,False,True,False
111,36,first_six_hour_burden_mean,-2.2441955011104371e-05,0,2.2441955011104371e-05,2.1683502914156499e-05,2.1683502914156499e-05,2.1677425552409676e-05,True,1.0349783012436014,0.024570982533,-0.077583554967011012,-0.077561113011999902,2.2441955011109904e-05,0.00091335195818764226,towards_band,False,False,False
111,36,initial_gap_q4_q1_burden_contrast,0,0,0,0,0,0,True,0,0.071927000000000005,-0.45521164327499991,-0.45521164327499991,0,0,unchanged,False,False,False
111,36,maximum_downside_deviation_mean,-3.9946519899093699e-05,0,3.9946519899093699e-05,5.1072667165415922e-06,5.0687600333048495e-06,5.1072667165415922e-06,True,7.8215065153565462,0.00054365875714980003,-0.0021872359875792936,-0.0021472894676801998,3.9946519899093733e-05,0.073477193871608781,towards_band,False,True,False
111,36,recovery_completion_hours_mean,63.312816722972975,72.959459459459453,9.646642736486486,0.27093872208581815,0.26117723206720039,0.27093872208581815,True,35.604518476436056,9.5394282938200003,0,4.9211434123194522,-4.9211434123194522,-0.5158740399052586,away_from_band,True,True,True
111,42,failed_recovery_attempts_mean,0.0036951013513513513,0,-0.0036951013513513513,0.0017717306875105992,0.0015522696783436317,0.0017717306875105992,True,2.0855886153573473,1.2984694187000001,-0.5209876828686486,-0.52468278421999992,-0.0036951013513513153,-0.0028457361399013711,away_from_band,False,True,False
111,42,first_six_hour_burden_mean,0.2742603570381269,0.28378378378378377,0.0095234267456568624,0.0014366736479022998,0.0013225020709206222,0.0014366736479022998,True,6.6288031102694092,0.024570982533,0.098415313894126999,0.10793874063978387,-0.0095234267456568711,-0.38758835682970577,away_from_band,False,True,False
111,42,initial_gap_q4_q1_burden_contrast,-0.048944946027387359,-0.052631578947368418,-0.0036866329199810939,0.0019694030944502929,0.0019694030944502929,0.001969058985674814,True,1.8719544670006323,0.071927000000000005,-0.50415658930238727,-0.50784322222236833,-0.0036866329199810588,-0.051255202079623211,away_from_band,False,False,False
111,42,maximum_downside_deviation_mean,0.14601245777027022,0.14716216216216216,0.0011497043918918919,0.00035667751460763733,0.00033689637811432316,0.00035667751460763733,True,3.2233722194588657,0.00054365875714980003,0.14169053327399053,0.14284023766588247,-0.001149704391891937,-2.1147537435420114,away_from_band,True,True,True
111,42,recovery_completion_hours_mean,268.70755912162161,265.7162162162162,-2.9913429054054053,0.52299506332267098,0.49811339981788433,0.52299506332267098,True,5.7196388937228724,9.5394282938200003,200.66924307448161,197.6779001690762,2.9913429054054177,0.31357674834070737,towards_band,False,True,False
111,94,failed_recovery_attempts_mean,0.0042229729729729732,0,-0.0042229729729729732,0.001778282008338614,0.0015971074758820032,0.001778282008338614,True,2.3747487480449445,1.2984694187000001,-0.52045981124702689,-0.52468278421999992,-0.004222972972973027,-0.0032522698741730689,away_from_band,False,True,False
111,94,first_six_hour_burden_mean,0.2754932626302477,0.28378378378378377,0.0082905211535361043,0.0012357901921951422,0.0012093541466653263,0.0012357901921951422,True,6.7086801674721155,0.024570982533,0.099648219486247802,0.10793874063978387,-0.0082905211535360679,-0.33741105559785828,away_from_band,False,True,False
111,94,initial_gap_q4_q1_burden_contrast,-0.049642362135517482,-0.052631578947368418,-0.0029892168118508759,0.0018797302112063766,0.0018717864442337334,0.0018797302112063766,True,1.5902371489430129,0.071927000000000005,-0.50485400541051739,-0.50784322222236833,-0.0029892168118509366,-0.041559036409845207,away_from_band,False,False,False
111,94,maximum_downside_deviation_mean,0.14031619510135132,0.14047297297297295,0.00015677787162162189,0.00040274828794056497,0.0003975353676920306,0.00040274828794056497,True,0.3892701131600047,0.00054365875714980003,0.13599427060507163,0.13615104847669326,-0.00015677787162163281,-0.28837551048301086,away_from_band,False,False,False
111,94,recovery_completion_hours_mean,260.71188766891891,256.32432432432432,-4.3875633445945947,0.58464975026007981,0.57953265406521071,0.58464975026007981,True,7.5046014175885638,9.5394282938200003,192.6735716217789,188.28600827718432,4.3875633445945823,0.45993986321350205,towards_band,False,True,False
111,97,failed_recovery_attempts_mean,0.00063344594594594598,0,-0.00063344594594594598,0.00047214273173559746,0.00047214273173559746,0.0004706533187759443,True,1.3416407864998741,1.2984694187000001,-0.52404933827405398,-0.52468278421999992,-0.00063344594594594295,-0.00048784048112595176,away_from_band,False,False,False
111,97,first_six_hour_burden_mean,0.29630913549888438,0.29729729729729731,0.00098816179841293796,0.00024159770035089026,0.00024159770035089026,0.0002324837981165078,True,4.0901126003176245,0.024570982533,0.12046409235488448,0.12145225415329741,-0.00098816179841293428,-0.040216617185974794,away_from_band,False,True,False
111,97,initial_gap_q4_q1_burden_contrast,-0.0006346164140129118,0,0.00063461641401290237,0.00067277821461369169,0.00067234718057456073,0.00067277821461369169,True,0.94327729440124375,0.071927000000000005,-0.45584625968901282,-0.45521164327499991,0.0006346164140129118,0.0088230624662909863,towards_band,False,False,False
111,97,maximum_downside_deviation_mean,0.15348553631756753,0.15385135135135136,0.00036581503378378379,0.00018819515939551328,0.00018819515939551328,0.0001863579448477,True,1.9438068171295648,0.00054365875714980003,0.14916361182128784,0.14952942685507167,-0.0003658150337838284,-0.67287619112705943,away_from_band,True,False,False
111,97,recovery_completion_hours_mean,279.00633445945948,274.93243243243245,-4.0739020270270272,0.31581922344497493,0.31581922344497493,0.28892025545210642,True,12.899474524028845,9.5394282938200003,210.96801841231948,206.89411638529245,4.0739020270270316,0.42705934795550149,towards_band,False,True,False
111,100,failed_recovery_attempts_mean,-0.020270270270270271,0,0.020270270270270271,0.0032426446564019005,0.0031036063281309383,0.0032426446564019005,True,6.2511537396646304,1.2984694187000001,-0.54495305449027021,-0.52468278421999992,0.020270270270270285,0.015610895396030541,towards_band,False,True,False
111,100,first_six_hour_burden_mean,-2.1341782888601277e-07,0,2.1341782888601277e-07,1.5577049162985696e-07,1.5577049162985696e-07,1.5534589653899482e-07,True,1.3700786757041112,0.024570982533,-0.077561326429828784,-0.077561113011999902,2.1341782888151251e-07,8.685766985299925e-06,towards_band,False,False,False
111,100,initial_gap_q4_q1_burden_contrast,1.8623233645694089e-07,0,-1.8623233645694089e-07,1.4293374405980921e-07,1.4293374405980921e-07,1.4254063051922827e-07,True,1.3029277143892195,0.071927000000000005,-0.45521145704266347,-0.45521164327499991,-1.8623233644099457e-07,-2.5891853746297574e-06,away_from_band,False,False,False
111,100,maximum_downside_deviation_mean,-3.5999208123945309e-05,0,3.5999208123945309e-05,3.8788309881839732e-06,3.7942734147745271e-06,3.8788309881839732e-06,True,9.2809426947472513,0.00054365875714980003,-0.0021832886758041451,-0.0021472894676801998,3.5999208123945262e-05,0.066216551560165565,towards_band,False,True,False
111,100,recovery_completion_hours_mean,63.452702702702702,72.959459459459453,9.5067567567567561,0.27034382976939053,0.26013265878521136,0.27034382976939053,True,35.165429020023268,9.5394282938200003,0,4.9211434123194522,-4.9211434123194522,-0.5158740399052586,away_from_band,True,True,True
111,103,failed_recovery_attempts_mean,-0.035050675675675678,0,0.035050675675675678,0.0063033480865228864,0.0059570302233132805,0.0063033480865228864,True,5.5606441520526388,1.2984694187000001,-0.55973345989567558,-0.52468278421999992,0.035050675675675658,0.026993839955636111,towards_band,False,True,False
111,103,first_six_hour_burden_mean,-0.0018956938248790454,0,0.0018956938248790454,0.00039549172143629909,0.00039549172143629909,0.00039219730464434285,True,4.7932579169912675,0.024570982533,-0.079456806836878946,-0.077561113011999902,0.0018956938248790439,0.077151730596570031,towards_band,False,True,False
111,103,initial_gap_q4_q1_burden_contrast,0.0018687382539166303,0,-0.0018687382539166303,0.00070439147742447166,0.00069303144830498405,0.00070439147742447166,True,2.6529824874506742,0.071927000000000005,-0.45334290502108326,-0.45521164327499991,-0.0018687382539166464,-0.025981039858699047,away_from_band,False,True,False
111,103,maximum_downside_deviation_mean,-0.054555552408433579,0,0.054555552408433579,0.0018139221311581377,0.0018139221311581377,0.0018133501960660356,True,30.076016754700166,0.00054365875714980003,-0.056702841876113776,-0.0021472894676801998,0.054555552408433579,100.34888924524637,towards_band,True,True,True
111,103,recovery_completion_hours_mean,11.478885135135135,72.959459459459453,61.480574324324323,2.3521835422472201,2.3521835422472201,2.2921891350290253,True,26.137660271862647,9.5394282938200003,-18.401717736724869,4.9211434123194522,13.480574324405417,1.4131427910767607,towards_band,True,True,True
111,116,failed_recovery_attempts_mean,-0.026288006756756757,0,0.026288006756756757,0.0031630566561941242,0.0031477591696630726,0.0031630566561941242,True,8.3109503287832975,1.2984694187000001,-0.55097079097675672,-0.52468278421999992,0.026288006756756799,0.020245379966727126,towards_band,False,True,False
111,116,first_six_hour_burden_mean,0.12761646134466478,0.13513513513513514,0.0075186737904703437,0.0010665620843276899,0.0010665620843276899,0.0010465057934203818,True,7.0494478483263903,0.024570982533,0,0,0,0,unchanged,False,True,False
111,116,initial_gap_q4_q1_burden_contrast,0.053654322383071509,0.052631578947368418,-0.0010227434357030826,0.0025356111915833968,0.0025356111915833968,0.0024487580179350455,True,0.40335183844350225,0.071927000000000005,-0.40155732089192842,-0.40258006432763149,-0.0010227434357030774,-0.014219186615639152,away_from_band,False,False,False
111,116,maximum_downside_deviation_mean,0.045570196612992553,0.066891891891891889,0.021321695278899325,0.0015995329645367988,0.0015362105020636262,0.0015995329645367988,True,13.32995052407299,0.00054365875714980003,0.04124827211671285,0.062569967395612186,-0.021321695278899336,-39.218894202460802,away_from_band,True,True,True
111,116,recovery_completion_hours_mean,131.07474662162161,156.24324324324326,25.168496621621621,2.1977291476073431,2.1009797481668655,2.1977291476073431,True,11.45204660411518,9.5394282938200003,63.036430574481614,88.204927196103256,-25.168496621621642,-2.6383653030786696,away_from_band,True,True,True
111,126,failed_recovery_attempts_mean,0.00010557432432432433,0,-0.00010557432432432433,0.0024867426981685227,0.0024867426981685227,0.0023148191574683999,True,0.042454864510944157,1.2984694187000001,-0.52457720989567558,-0.52468278421999992,-0.00010557432432434233,-8.1306746854339546e-05,away_from_band,False,False,False
111,126,first_six_hour_burden_mean,0.15675061409391375,0.17567567567567569,0.018925061581761903,0.0021211285660583286,0.0021211285660583286,0.0019428689130030162,True,8.9221661923728419,0.024570982533,0,0,0,0,unchanged,True,True,True
111,126,initial_gap_q4_q1_burden_contrast,-0.014316524712072648,0,0.014316524712072691,0.0045831035556214358,0.0041526040496579885,0.0045831035556214358,True,3.123761996281464,0.071927000000000005,-0.46952816798707253,-0.45521164327499991,0.01431652471207262,0.19904242790708107,towards_band,False,True,False
111,126,maximum_downside_deviation_mean,0.088840793918918901,0.09364864864864865,0.0048078547297297318,0.0012280254736751108,0.0011958563180542287,0.0012280254736751108,True,3.9151099328104886,0.00054365875714980003,0.084518869422639198,0.089326724152368947,-0.0048078547297297491,-8.8435156548117373,away_from_band,True,True,True
111,126,recovery_completion_hours_mean,190.78230574324326,192.64864864864865,1.8663429054054055,1.6947360661220117,1.6597686413443951,1.6947360661220117,True,1.1012587403512772,9.5394282938200003,122.74398969610326,124.61033260150865,-1.8663429054053893,-0.19564515271994615,away_from_band,False,False,False
111,127,failed_recovery_attempts_mean,0.00042229729729729732,0,-0.00042229729729729732,0.00059839303744708267,0.00059663046207952949,0.00059839303744708267,True,0.70571893533210117,1.2984694187000001,-0.52426048692270266,-0.52468278421999992,-0.00042229729729725829,-0.0003252269874172727,away_from_band,False,False,False
111,127,first_six_hour_burden_mean,-3.5672748702067508e-06,0,3.5672748702067508e-06,9.9789486556583804e-07,9.9789486556583804e-07,9.8899357288706368e-07,True,3.5748003054249535,0.024570982533,-0.077564680286870108,-0.077561113011999902,3.5672748702059165e-06,0.00014518242668623026,towards_band,False,True,False
111,127,initial_gap_q4_q1_burden_contrast,3.7926622444103777e-06,0,-3.7926622444103777e-06,1.9596441941704288e-06,1.9596441941704288e-06,1.9507125610517033e-06,True,1.9353830943866397,0.071927000000000005,-0.45520785061275548,-0.45521164327499991,-3.7926622444284241e-06,-5.2729326183886775e-05,away_from_band,False,False,False
111,127,maximum_downside_deviation_mean,0.028272274783866132,0.033445945945945944,0.0051736711620798091,0.00070956172628898831,0.00070956172628898831,0.00067275462939718087,True,7.2913616538171206,0.00054365875714980003,0.023950350287586433,0.029124021449666245,-0.0051736711620798126,-9.5163944184463052,away_from_band,True,True,True
111,127,recovery_completion_hours_mean,106.75105574324324,109.16216216216216,2.4111064189189189,0.95221742488454386,0.95221742488454386,0.89043222518148735,True,2.5320965106380666,9.5394282938200003,38.712739696103242,41.123846115022161,-2.4111064189189193,-0.25275166861738713,away_from_band,False,True,False
111,134,failed_recovery_attempts_mean,0.0048564189189189188,0,-0.0048564189189189188,0.0019121241337602339,0.0017284785078496233,0.0019121241337602339,True,2.5398031608798664,1.2984694187000001,-0.51982636530108095,-0.52468278421999992,-0.0048564189189189699,-0.0037401103552990203,away_from_band,False,True,False
111,134,first_six_hour_burden_mean,0.27412518563673399,0.28378378378378377,0.0096585981470498402,0.0013655313018962655,0.0013236109628621676,0.0013655313018962655,True,7.0731429837143116,0.024570982533,0.098280142492734091,0.10793874063978387,-0.0096585981470497795,-0.39308961837719847,away_from_band,False,True,False
111,134,initial_gap_q4_q1_burden_contrast,-0.050281714951607215,-0.052631578947368418,-0.0023498639957612037,0.0022994216341460406,0.0022829285698993803,0.0022994216341460406,True,1.0219369779191871,0.071927000000000005,-0.50549335822660713,-0.50784322222236833,-0.0023498639957612033,-0.032670123816664162,away_from_band,False,False,False
111,134,maximum_downside_deviation_mean,0.13995038006756752,0.14047297297297295,0.00052259290540540571,0.00047860499622259562,0.00046340149434217381,0.00047860499622259562,True,1.0919085875199506,0.00054365875714980003,0.13562845557128783,0.13615104847669326,-0.00052259290540543346,-0.96125170161001916,away_from_band,True,False,False
111,134,recovery_completion_hours_mean,260.20133023648651,256.32432432432432,-3.8770059121621623,0.69187425134829816,0.66836202202310102,0.69187425134829816,True,5.6036279780708718,9.5394282938200003,192.16301418934651,188.28600827718432,3.8770059121621898,0.40641910529102249,towards_band,False,True,False
111,171,failed_recovery_attempts_mean,-0.0016891891891891893,0,0.0016891891891891893,0.00066560430658884815,0.00066560430658884815,0.00065336103909422935,True,2.5378279143746916,1.2984694187000001,-0.52637197340918906,-0.52468278421999992,0.0016891891891891442,0.0013009079496691762,towards_band,False,True,False
111,171,first_six_hour_burden_mean,0,0,0,0,0,0,True,0,0.024570982533,-0.077561113011999902,-0.077561113011999902,0,0,unchanged,False,False,False
111,171,initial_gap_q4_q1_burden_contrast,0,0,0,0,0,0,True,0,0.071927000000000005,-0.45521164327499991,-0.45521164327499991,0,0,unchanged,False,False,False
111,171,maximum_downside_deviation_mean,-3.2876659971396602e-06,0,3.2876659971396602e-06,7.5613760075609006e-07,7.5613760075609006e-07,7.306045320023977e-07,True,4.3479731650062119,0.00054365875714980003,-0.0021505771336773395,-0.0021472894676801998,3.2876659971396369e-06,0.0060472970478313319,towards_band,False,True,False
111,171,recovery_completion_hours_mean,63.654560810810814,72.959459459459453,9.3048986486486491,0.25019883607641946,0.24556911096813183,0.25019883607641946,True,37.190015727357775,9.5394282938200003,0,4.9211434123194522,-4.9211434123194522,-0.5158740399052586,away_from_band,True,True,True
111,193,failed_recovery_attempts_mean,-0.10103462837837837,0,0.10103462837837837,0.0091739904009599648,0.0088056107018191724,0.0091739904009599648,True,11.013160463717742,1.2984694187000001,-0.62571741259837832,-0.52468278421999992,0.1010346283783784,0.077810556739589684,towards_band,False,True,False
111,193,first_six_hour_burden_mean,-0.00027225043991185437,0,0.00027225043991185437,0.00010987443807665579,0.00010987443807665579,0.00010818386456057807,True,2.4778323755513925,0.024570982533,-0.077833363451911761,-0.077561113011999902,0.0002722504399118586,0.011080160898987791,towards_band,False,True,False
111,193,initial_gap_q4_q1_burden_contrast,0.00040887605436037982,0,-0.00040887605436037982,0.00027207957060851166,0.00027207957060851166,0.00027076584026842788,True,1.5027811659872881,0.071927000000000005,-0.4548027672206395,-0.45521164327499991,-0.00040887605436040753,-0.0056845976387226976,away_from_band,False,False,False
111,193,maximum_downside_deviation_mean,-0.039947066034700968,0,0.039947066034700968,0.0015288153812598863,0.0014950119518361378,0.0015288153812598863,True,26.129424470978872,0.00054365875714980003,-0.042094355502381164,-0.0021472894676801998,0.039947066034700968,73.478198427499862,towards_band,True,True,True
111,193,recovery_completion_hours_mean,26.982263513513512,72.959459459459453,45.977195945945944,1.9180310072372029,1.9009662240845682,1.9180310072372029,True,23.971038931311679,9.5394282938200003,-2.8983393583464903,4.9211434123194522,-2.0228040539729619,-0.21204667530059534,away_from_band,True,True,True
111,203,failed_recovery_attempts_mean,0.024704391891891893,0.027027027027027029,0.0023226351351351353,0.0018966395997549908,0.0018556617379073025,0.0018966395997549908,True,1.2246054207848318,1.2984694187000001,-0.49997839232810803,-0.49765575719297289,0.0023226351351351426,0.0017887484307951707,towards_band,False,False,False
111,203,first_six_hour_burden_mean,0.066954163439223821,0.067567567567567571,0.00061340412834374623,0.00012027965894524457,0.00011761983816407784,0.00012027965894524457,True,5.0998159931845901,0.024570982533,-0.010606949572776081,-0.0099935454444323307,0.00061340412834375024,0.024964574677464334,towards_band,False,True,False
111,203,initial_gap_q4_q1_burden_contrast,0.053264306935693034,0.052631578947368418,-0.00063272798832461055,0.00034622376436798172,0.00034232626292054341,0.00034622376436798172,True,1.8275117234648273,0.071927000000000005,-0.4019473363393069,-0.40258006432763149,-0.00063272798832458843,-0.0087968077123276155,away_from_band,False,False,False
111,203,maximum_downside_deviation_mean,0.052938702421224532,0.060202702702702705,0.007264000281478159,0.00090478042189751974,0.00090478042189751974,0.00087168599194020345,True,8.0284675769663352,0.00054365875714980003,0.048616777924944829,0.055880778206423003,-0.0072640002814781737,-13.361323046759361,away_from_band,True,True,True
111,203,recovery_completion_hours_mean,139.80996621621622,145.01351351351352,5.2035472972972974,1.2324318195182451,1.2324318195182451,1.2110416330927734,True,4.2221786348646475,9.5394282938200003,71.771650169076224,76.975197466373515,-5.2035472972972912,-0.545477898362981,away_from_band,True,True,True
111,222,failed_recovery_attempts_mean,0.0087626689189189196,0.013513513513513514,0.0047508445945945946,0.0020309571422208509,0.0018923545023394651,0.0020309571422208509,True,2.3392145978026635,1.2984694187000001,-0.51592011530108095,-0.51116927070648643,0.0047508445945945166,0.0036588036084445955,towards_band,False,True,False
111,222,first_six_hour_burden_mean,0.2649248140243663,0.27027027027027029,0.0053454562459039666,0.0010001162656750949,0.00091197804680398183,0.0010001162656750949,True,5.3448348250747584,0.024570982533,0.089079770880366393,0.094425227126270384,-0.00534545624590399,-0.2175515870692101,away_from_band,False,True,False
111,222,initial_gap_q4_q1_burden_contrast,-0.00036950652317863097,0,0.00036950652317865331,0.001320106261802861,0.0013114007225309553,0.001320106261802861,True,0.27990665135852061,0.071927000000000005,-0.45558114979817854,-0.45521164327499991,0.00036950652317863097,0.0051372436383921331,towards_band,False,False,False
111,222,maximum_downside_deviation_mean,0.13561285895270264,0.14047297297297295,0.0048601140202702703,0.00071985187119969266,0.00071985187119969266,0.00065827892400143883,True,6.751547387340243,0.00054365875714980003,0.13129093445642295,0.13615104847669326,-0.0048601140202703119,-8.9396408249727752,away_from_band,True,True,True
111,222,recovery_completion_hours_mean,254.1887668918919,256.32432432432432,2.1355574324324325,1.0100888958736653,1.0100888958736653,0.93981007338057021,True,2.1142272142149481,9.5394282938200003,186.1504508447519,188.28600827718432,-2.1355574324324209,-0.22386639604135555,away_from_band,False,True,False
111,252,failed_recovery_attempts_mean,-0.022487331081081082,0,0.022487331081081082,0.0027415252101042598,0.0027415252101042598,0.0027363984038363946,True,8.2024892560538927,1.2984694187000001,-0.54717011530108095,-0.52468278421999992,0.02248733108108103,0.017318337079971331,towards_band,False,True,False
111,252,first_six_hour_burden_mean,0.10496817501560464,0.12162162162162163,0.016653446606016982,0.0016933788410094189,0.0016155467938142377,0.0016933788410094189,True,9.834448265628442,0.024570982533,0,0,0,0,unchanged,True,True,True
111,252,initial_gap_q4_q1_burden_contrast,0.061475263318749862,0.052631578947368418,-0.0088436843713814543,0.0032359944185366414,0.0030844980558162064,0.0032359944185366414,True,2.7329108853595252,0.071927000000000005,-0.39373637995625005,-0.40258006432763149,-0.0088436843713814439,-0.12295361090246282,away_from_band,False,True,False
111,252,maximum_downside_deviation_mean,0.037417673865947784,0.060202702702702705,0.022785028836754911,0.0015955403403513865,0.0015792156513718797,0.0015955403403513865,True,14.280446730501941,0.00054365875714980003,0.033095749369668082,0.055880778206423003,-0.022785028836754921,-41.910534019921471,away_from_band,True,True,True
111,252,recovery_completion_hours_mean,119.58657094594595,146.85135135135135,27.264780405405407,2.2038228869668379,2.1651311088035001,2.2038228869668379,True,12.371584198823902,9.5394282938200003,51.548254898805951,78.813035304211354,-27.264780405405403,-2.8581147177413717,away_from_band,True,True,True
