current_path,git_status,path_type,domain,current_role,proposed_path,proposed_role,action,merge_group,archive_status,reference_risk,migration_stage,validation_required,notes
.env.example,tracked_head,.env.example,repository,repository support,.env.example,durable repository file,retain,root durable,active,low,01_or_11_repository,link/path review,No movement in this design task.
.gitignore,tracked_head,.gitignore,repository,repository support,.gitignore,durable repository file,retain,root durable,active,low,01_or_11_repository,link/path review,No movement in this design task.
AGENTS.md,modified_tracked,AGENTS.md,documentation,documentation,AGENTS.md,durable repository file,retain,root durable,active,low,01_or_11_repository,link/path review,No movement in this design task.
PROJECT_STATUS.md,modified_tracked,PROJECT_STATUS.md,documentation,documentation,PROJECT_STATUS.md,durable repository file,retain,root durable,active,low,08_documentation,link/path review,No movement in this design task.
README.md,tracked_head,README.md,documentation,documentation,README.md,durable repository file,retain,root durable,active,low,01_or_11_repository,link/path review,No movement in this design task.
config/collateral_mapping.csv,tracked_head,config,protocol,configuration,config/protocol/collateral_types.csv,user-facing configuration,move_and_rename,protocol configuration,active,high_runtime_path,04_configuration_inputs,YAML/JSON parse; profile equivalence; checksum resolution,No movement in this design task.
config/empirical.yaml,tracked_head,config,repository,configuration,config/profiles/legacy.yaml,user-facing configuration,move_and_rename,legacy empirical-processing profile,active,high_runtime_path,04_configuration_inputs,YAML/JSON parse; profile equivalence; checksum resolution,No movement in this design task.
config/empirical/data/liquidation_gas_pool.csv,tracked_head,config,gas,tracked runtime model input,data/liquidations/model_inputs/keeper_gas/pool.csv,runtime empirical input,move_and_rename,domain model input,active,high_runtime_path,04_configuration_inputs,YAML/JSON parse; profile equivalence; checksum resolution,No movement in this design task.
config/empirical/data/liquidation_gas_pool_manifest.json,tracked_head,config,gas,tracked runtime model input,data/liquidations/model_inputs/keeper_gas/manifest.json,runtime empirical input,move_and_rename,domain model input,active,high_runtime_path,04_configuration_inputs,YAML/JSON parse; profile equivalence; checksum resolution,No movement in this design task.
config/empirical/data/market_gas_hourly_pool.csv,tracked_head,config,market,tracked runtime model input,data/market/model_inputs/environment_blocks/pool.csv,runtime empirical input,move_and_rename,domain model input,active,high_runtime_path,04_configuration_inputs,YAML/JSON parse; profile equivalence; checksum resolution,No movement in this design task.
config/empirical/data/market_gas_hourly_pool_manifest.json,tracked_head,config,market,tracked runtime model input,data/market/model_inputs/environment_blocks/manifest.json,runtime empirical input,move_and_rename,domain model input,active,high_runtime_path,04_configuration_inputs,YAML/JSON parse; profile equivalence; checksum resolution,No movement in this design task.
config/empirical/data/vault_initialisation_pools.csv,tracked_head,config,vaults,tracked runtime model input,data/vaults/model_inputs/initialisation/pool.csv,runtime empirical input,move_and_rename,domain model input,active,high_runtime_path,04_configuration_inputs,YAML/JSON parse; profile equivalence; checksum resolution,No movement in this design task.
config/empirical/data/vault_initialisation_pools_manifest.json,tracked_head,config,vaults,tracked runtime model input,data/vaults/model_inputs/initialisation/manifest.json,runtime empirical input,move_and_rename,domain model input,active,high_runtime_path,04_configuration_inputs,YAML/JSON parse; profile equivalence; checksum resolution,No movement in this design task.
config/empirical/phase2_empirical_baseline.yaml,tracked_head,config,calibration,configuration,config/profiles/empirical.yaml,user-facing configuration,merge,empirical-profile,active,high_runtime_path,04_configuration_inputs,YAML/JSON parse; profile equivalence; checksum resolution,No movement in this design task.
config/empirical/phase2_empirical_distributional.yaml,tracked_head,config,calibration,configuration,config/profiles/empirical.yaml,user-facing configuration,merge,empirical-profile,active,high_runtime_path,04_configuration_inputs,YAML/JSON parse; profile equivalence; checksum resolution,No movement in this design task.
config/empirical/phase2_empirical_market_gas.yaml,tracked_head,config,market,configuration,config/profiles/empirical.yaml,user-facing configuration,merge,empirical-profile,active,high_runtime_path,04_configuration_inputs,YAML/JSON parse; profile equivalence; checksum resolution,No movement in this design task.
config/empirical/sensitivity/phase2_empirical_high_sensitivity.yaml,tracked_head,config,calibration,configuration,config/sensitivities/vaults/population_1000.yaml,user-facing configuration,move_and_rename,domain sensitivity,active,high_runtime_path,04_configuration_inputs,YAML/JSON parse; profile equivalence; checksum resolution,No movement in this design task.
config/empirical/sensitivity/phase2_empirical_legacy_gaussian.yaml,tracked_head,config,calibration,configuration,config/sensitivities/vaults/legacy_gaussian.yaml,user-facing configuration,move_and_rename,domain sensitivity,active,high_runtime_path,04_configuration_inputs,YAML/JSON parse; profile equivalence; checksum resolution,No movement in this design task.
config/empirical/sensitivity/phase2_empirical_low_sensitivity.yaml,tracked_head,config,calibration,configuration,config/sensitivities/vaults/population_100.yaml,user-facing configuration,move_and_rename,domain sensitivity,active,high_runtime_path,04_configuration_inputs,YAML/JSON parse; profile equivalence; checksum resolution,No movement in this design task.
config/empirical/sensitivity/phase2_empirical_market_blocks_legacy_gas.yaml,tracked_head,config,market,configuration,config/sensitivities/gas/legacy_scalar.yaml,user-facing configuration,move_and_rename,domain sensitivity,active,high_runtime_path,04_configuration_inputs,YAML/JSON parse; profile equivalence; checksum resolution,No movement in this design task.
config/empirical/sensitivity/phase2_empirical_market_gas_block_336.yaml,tracked_head,config,market,configuration,config/sensitivities/market/block_336h.yaml,user-facing configuration,move_and_rename,domain sensitivity,active,high_runtime_path,04_configuration_inputs,YAML/JSON parse; profile equivalence; checksum resolution,No movement in this design task.
config/empirical/sensitivity/phase2_empirical_market_gas_block_72.yaml,tracked_head,config,market,configuration,config/sensitivities/market/block_72h.yaml,user-facing configuration,move_and_rename,domain sensitivity,active,high_runtime_path,04_configuration_inputs,YAML/JSON parse; profile equivalence; checksum resolution,No movement in this design task.
config/empirical/sensitivity/phase2_empirical_market_gas_high_gas_q90.yaml,tracked_head,config,market,configuration,config/sensitivities/gas/high_q90.yaml,user-facing configuration,move_and_rename,domain sensitivity,active,high_runtime_path,04_configuration_inputs,YAML/JSON parse; profile equivalence; checksum resolution,No movement in this design task.
config/empirical/sensitivity/phase2_empirical_market_gas_zero_inclusive.yaml,tracked_head,config,market,configuration,config/sensitivities/gas/zero_inclusive.yaml,user-facing configuration,move_and_rename,domain sensitivity,active,high_runtime_path,04_configuration_inputs,YAML/JSON parse; profile equivalence; checksum resolution,No movement in this design task.
config/empirical/sensitivity/phase2_empirical_parametric_truncated.yaml,tracked_head,config,calibration,configuration,config/sensitivities/vaults/parametric_truncated.yaml,user-facing configuration,move_and_rename,domain sensitivity,active,high_runtime_path,04_configuration_inputs,YAML/JSON parse; profile equivalence; checksum resolution,No movement in this design task.
config/empirical/tranche_a_manifest.json,tracked_head,config,repository,configuration,data/protocol/provenance/parameter_adoption/manifest.json,provenance,move_and_rename,parameter-adoption-provenance,active,high_runtime_path,04_configuration_inputs,YAML/JSON parse; profile equivalence; checksum resolution,No movement in this design task.
config/protocol.yaml,tracked_head,config,protocol,configuration,config/protocol/parameters.yaml,user-facing configuration,move_and_rename,protocol data configuration,active,high_runtime_path,04_configuration_inputs,YAML/JSON parse; profile equivalence; checksum resolution,No movement in this design task.
data/DATA_ACQUISITION_PLAN.md,modified_tracked,data,documentation,data documentation,docs/archive/historical_plans/data_acquisition_plan.md,historical archive,archive,historical plan,historical,low,05_data_provenance,manifest links; content hashes; path-sensitive metadata,No movement in this design task.
data/README.md,tracked_head,data,documentation,data documentation,docs/data/provenance.md,durable repository file,merge,active data guide,active,low,05_data_provenance,manifest links; content hashes; path-sensitive metadata,No movement in this design task.
data/processed/README.md,tracked_head,data,documentation,data documentation,docs/data/processing.md,durable repository file,merge,active processing guide,active,low,05_data_provenance,manifest links; content hashes; path-sensitive metadata,No movement in this design task.
data/provenance/gas/dune_ethereum_hourly_gas_chunk_ledger.json,tracked_head,data,gas,tracked provenance,data/gas/provenance/dune_ethereum_hourly_gas_chunk_ledger.json,provenance,move,domain provenance,active,high_path_checksum,05_data_provenance,manifest links; content hashes; path-sensitive metadata,No movement in this design task.
data/provenance/liquidations/manifest.json,tracked_head,data,liquidations,tracked provenance,data/liquidations/provenance/manifest.json,provenance,move,domain provenance,active,high_path_checksum,05_data_provenance,manifest links; content hashes; path-sensitive metadata,No movement in this design task.
data/provenance/manifests/data_manifest.csv,tracked_head,data,repository,tracked provenance,data/provenance/data_manifest.csv,provenance,move_and_rename,cross-domain data manifest,active,high_path_checksum,05_data_provenance,manifest links; content hashes; path-sensitive metadata,No movement in this design task.
data/provenance/manifests/index.json,tracked_head,data,repository,tracked provenance,data/provenance/index.json,provenance,move_and_rename,cross-domain provenance index,active,high_path_checksum,05_data_provenance,manifest links; content hashes; path-sensitive metadata,No movement in this design task.
data/provenance/protocol/manifest.json,tracked_head,data,protocol,tracked provenance,data/protocol/provenance/manifest.json,provenance,move,domain provenance,active,high_path_checksum,05_data_provenance,manifest links; content hashes; path-sensitive metadata,No movement in this design task.
data/provenance/vaults/discovery_manifest.json,tracked_head,data,vaults,tracked provenance,data/vaults/provenance/discovery_manifest.json,provenance,move,domain provenance,active,high_path_checksum,05_data_provenance,manifest links; content hashes; path-sensitive metadata,No movement in this design task.
data/provenance/vaults/manifest.json,tracked_head,data,vaults,tracked provenance,data/vaults/provenance/manifest.json,provenance,move,domain provenance,active,high_path_checksum,05_data_provenance,manifest links; content hashes; path-sensitive metadata,No movement in this design task.
data/raw/gas/README.md,tracked_head,data,gas,raw-data documentation,data/gas/raw/README.md,durable repository file,move,domain raw-data guide,active,low,05_data_provenance,manifest links; content hashes; path-sensitive metadata,No movement in this design task.
data/raw/liquidations/README.md,tracked_head,data,liquidations,raw-data documentation,data/liquidations/raw/README.md,durable repository file,move,domain raw-data guide,active,low,05_data_provenance,manifest links; content hashes; path-sensitive metadata,No movement in this design task.
data/raw/market/README.md,tracked_head,data,market,raw-data documentation,data/market/raw/README.md,durable repository file,move,domain raw-data guide,active,low,05_data_provenance,manifest links; content hashes; path-sensitive metadata,No movement in this design task.
data/raw/protocol/README.md,tracked_head,data,protocol,raw-data documentation,data/protocol/raw/README.md,durable repository file,move,domain raw-data guide,active,low,05_data_provenance,manifest links; content hashes; path-sensitive metadata,No movement in this design task.
data/raw/vaults/README.md,tracked_head,data,vaults,raw-data documentation,data/vaults/raw/README.md,durable repository file,move,domain raw-data guide,active,low,05_data_provenance,manifest links; content hashes; path-sensitive metadata,No movement in this design task.
docs/parameter_adoption_and_model_interface_plan.md,modified_tracked,docs,calibration,documentation,docs/calibration/parameter_adoption.md,calibration,move_and_rename,active documentation,active,low_link,08_documentation,link/path review,No movement in this design task.
docs/parameter_estimation_plan.md,modified_tracked,docs,calibration,documentation,docs/calibration/parameter_estimation.md,calibration,move_and_rename,active documentation,active,low_link,08_documentation,link/path review,No movement in this design task.
docs/phase1e_b_terra_cefi_acquisition_report.md,tracked_head,docs,vaults,documentation,docs/archive/phase_reports/phase1e_b_terra_cefi_acquisition_report.md,historical archive,archive,phase report,historical,low_link,08_documentation,link/path review,No movement in this design task.
docs/phase1e_b_tranche1_acquisition_report.md,tracked_head,docs,vaults,documentation,docs/archive/phase_reports/phase1e_b_tranche1_acquisition_report.md,historical archive,archive,phase report,historical,low_link,08_documentation,link/path review,No movement in this design task.
docs/phase1e_b_usdc_svb_acquisition_report.md,tracked_head,docs,vaults,documentation,docs/archive/phase_reports/phase1e_b_usdc_svb_acquisition_report.md,historical archive,archive,phase report,historical,low_link,08_documentation,link/path review,No movement in this design task.
docs/phase1e_representative_calibration_strategy.md,tracked_head,docs,vaults,documentation,docs/calibration/vaults.md,calibration,move_and_rename,active documentation,active,low_link,08_documentation,link/path review,No movement in this design task.
docs/phase2a_candidate_review.md,tracked_head,docs,calibration,documentation,docs/archive/phase_reports/phase2a_candidate_review.md,historical archive,archive,phase report,historical,low_link,08_documentation,link/path review,No movement in this design task.
docs/phase2a_parameter_estimation_report.md,tracked_head,docs,calibration,documentation,docs/archive/phase_reports/phase2a_parameter_estimation_report.md,historical archive,archive,phase report,historical,low_link,08_documentation,link/path review,No movement in this design task.
docs/phase2b_vault_parameter_estimation_report.md,tracked_head,docs,vaults,documentation,docs/archive/phase_reports/phase2b_vault_parameter_estimation_report.md,historical archive,archive,phase report,historical,low_link,08_documentation,link/path review,No movement in this design task.
docs/phase2c_liquidation_parameter_estimation_report.md,modified_tracked,docs,liquidations,documentation,docs/archive/phase_reports/phase2c_liquidation_parameter_estimation_report.md,historical archive,archive,phase report,historical,low_link,08_documentation,link/path review,No movement in this design task.
docs/tranche_a_empirical_configuration_report.md,tracked_head,docs,documentation,documentation,docs/archive/tranche_reports/tranche_a_empirical_configuration_report.md,historical archive,archive,tranche report,historical,low_link,08_documentation,link/path review,No movement in this design task.
docs/tranche_b_distributional_vault_initialisation_report.md,tracked_head,docs,vaults,documentation,docs/archive/tranche_reports/tranche_b_distributional_vault_initialisation_report.md,historical archive,archive,tranche report,historical,low_link,08_documentation,link/path review,No movement in this design task.
docs/tranche_c_empirical_market_and_gas_report.md,modified_tracked,docs,market,documentation,docs/archive/tranche_reports/tranche_c_empirical_market_and_gas_report.md,historical archive,archive,tranche report,historical,low_link,08_documentation,link/path review,No movement in this design task.
empirical.md,tracked_head,empirical.md,documentation,documentation,empirical.md,durable repository file,retain,root durable,active,low,08_documentation,link/path review,No movement in this design task.
environment.yml,tracked_head,environment.yml,repository,repository support,environment.yml,durable repository file,retain,root durable,active,low,01_or_11_repository,link/path review,No movement in this design task.
parameters.md,tracked_head,parameters.md,documentation,documentation,parameters.md,durable repository file,retain,root durable,active,low,08_documentation,link/path review,No movement in this design task.
requirements.txt,tracked_head,requirements.txt,repository,documentation,requirements.txt,durable repository file,retain,root durable,active,low,01_or_11_repository,link/path review,No movement in this design task.
scripts/acquire_dune_hourly_gas.py,tracked_head,scripts,gas,CLI workflow,workflows/gas/acquire.py,domain workflow,move_and_rename,,active,medium_cli,06_workflows,CLI help; mocked workflow tests,No movement in this design task.
scripts/acquire_dune_liquidation_diagnostic.py,tracked_head,scripts,liquidations,CLI workflow,workflows/maintenance/archive/liquidation_diagnostic.py,historical archive,archive,,historical,medium_cli,06_workflows,CLI help; mocked workflow tests,No movement in this design task.
scripts/acquire_dune_liquidation_diagnostic_attempt3.py,tracked_head,scripts,liquidations,CLI workflow,workflows/maintenance/archive/liquidation_diagnostic_attempt3.py,historical archive,archive,,historical,medium_cli,06_workflows,CLI help; mocked workflow tests,No movement in this design task.
scripts/acquire_dune_liquidations.py,tracked_head,scripts,liquidations,CLI workflow,workflows/liquidations/acquire.py,domain workflow,move_and_rename,,active,medium_cli,06_workflows,CLI help; mocked workflow tests,No movement in this design task.
scripts/acquire_dune_market_prices.py,tracked_head,scripts,market,CLI workflow,workflows/market/acquire.py,domain workflow,move_and_rename,,active,medium_cli,06_workflows,CLI help; mocked workflow tests,No movement in this design task.
scripts/acquire_dune_protocol_parameter_history.py,tracked_head,scripts,protocol,CLI workflow,workflows/protocol/acquire.py,domain workflow,merge,workflows/protocol/acquire.py,active,medium_cli,06_workflows,CLI help; mocked workflow tests,No movement in this design task.
scripts/acquire_dune_protocol_parameters.py,tracked_head,scripts,protocol,CLI workflow,workflows/protocol/acquire.py,domain workflow,merge,workflows/protocol/acquire.py,active,medium_cli,06_workflows,CLI help; mocked workflow tests,No movement in this design task.
scripts/acquire_dune_vaults.py,tracked_head,scripts,vaults,CLI workflow,workflows/vaults/acquire.py,domain workflow,merge,workflows/vaults/acquire.py,active,medium_cli,06_workflows,CLI help; mocked workflow tests,No movement in this design task.
scripts/acquire_phase1e_b_representative_vaults.py,tracked_head,scripts,vaults,CLI workflow,workflows/vaults/acquire.py,domain workflow,merge,workflows/vaults/acquire.py,active,medium_cli,06_workflows,CLI help; mocked workflow tests,No movement in this design task.
scripts/build_market_gas_runtime_pools.py,tracked_head,scripts,market,CLI workflow,workflows/market/build_inputs.py,domain workflow,move_and_rename,,active,medium_cli,06_workflows,CLI help; mocked workflow tests,No movement in this design task.
scripts/build_vault_initialisation_pools.py,tracked_head,scripts,vaults,CLI workflow,workflows/vaults/build_inputs.py,domain workflow,move_and_rename,,active,medium_cli,06_workflows,CLI help; mocked workflow tests,No movement in this design task.
scripts/diagnose_dune_vat_activation.py,tracked_head,scripts,repository,CLI workflow,workflows/maintenance/archive/diagnose_vat_activation.py,historical archive,archive,,historical,medium_cli,06_workflows,CLI help; mocked workflow tests,No movement in this design task.
scripts/discover_dune_vault_events.py,tracked_head,scripts,vaults,CLI workflow,workflows/maintenance/archive/discover_vault_events.py,historical archive,archive,,historical,medium_cli,06_workflows,CLI help; mocked workflow tests,No movement in this design task.
scripts/process_dune_hourly_gas.py,tracked_head,scripts,gas,CLI workflow,workflows/gas/process.py,domain workflow,move_and_rename,,active,medium_cli,06_workflows,CLI help; mocked workflow tests,No movement in this design task.
scripts/process_dune_market_prices.py,tracked_head,scripts,market,CLI workflow,workflows/market/process.py,domain workflow,move_and_rename,,active,medium_cli,06_workflows,CLI help; mocked workflow tests,No movement in this design task.
scripts/repair_phase1e_b_quiet_rates.py,tracked_head,scripts,vaults,CLI workflow,workflows/maintenance/archive/repair_quiet_rates.py,historical archive,archive,,historical,medium_cli,06_workflows,CLI help; mocked workflow tests,No movement in this design task.
scripts/retrieve_dune_execution_page.py,tracked_head,scripts,repository,CLI workflow,workflows/maintenance/retrieve_result.py,domain workflow,move_and_rename,,active,medium_cli,06_workflows,CLI help; mocked workflow tests,No movement in this design task.
scripts/run_parameter_adoption_review.py,tracked_head,scripts,calibration,CLI workflow,workflows/calibration/adoption.py,calibration,move_and_rename,,active,medium_cli,06_workflows,CLI help; mocked workflow tests,No movement in this design task.
scripts/run_phase2a_candidate_review.py,tracked_head,scripts,calibration,CLI workflow,workflows/calibration/validate.py,calibration,move_and_rename,,active,medium_cli,06_workflows,CLI help; mocked workflow tests,No movement in this design task.
scripts/run_phase2a_parameter_estimation.py,tracked_head,scripts,calibration,CLI workflow,workflows/calibration/market_gas_protocol.py,calibration,move_and_rename,,active,medium_cli,06_workflows,CLI help; mocked workflow tests,No movement in this design task.
scripts/run_phase2b_vault_estimation.py,tracked_head,scripts,vaults,CLI workflow,workflows/calibration/vaults.py,calibration,move_and_rename,,active,medium_cli,06_workflows,CLI help; mocked workflow tests,No movement in this design task.
scripts/run_phase2c_liquidation_estimation.py,tracked_head,scripts,liquidations,CLI workflow,workflows/calibration/liquidations.py,calibration,move_and_rename,,active,medium_cli,06_workflows,CLI help; mocked workflow tests,No movement in this design task.
scripts/run_tranche_b_initialisation_diagnostics.py,tracked_head,scripts,repository,CLI workflow,workflows/inputs/validate_vaults.py,runtime input adapter,move_and_rename,,active,medium_cli,06_workflows,CLI help; mocked workflow tests,No movement in this design task.
scripts/run_tranche_c_environment_diagnostics.py,tracked_head,scripts,repository,CLI workflow,workflows/inputs/validate_environment.py,runtime input adapter,move_and_rename,,active,medium_cli,06_workflows,CLI help; mocked workflow tests,No movement in this design task.
scripts/validate_dune_market_prices.py,tracked_head,scripts,market,CLI workflow,workflows/market/validate.py,domain workflow,move_and_rename,,active,medium_cli,06_workflows,CLI help; mocked workflow tests,No movement in this design task.
sql/dune_ethereum_hourly_gas.sql,tracked_head,sql,gas,SQL template or diagnostic,sql/gas/templates/hourly_conditions.sql,domain SQL,move_and_rename,active template,active,medium_manifest_reference,07_sql,SQL checksum registry; generator determinism,No movement in this design task.
sql/dune_hourly_market_prices.sql,tracked_head,sql,market,SQL template or diagnostic,sql/market/templates/hourly_prices.sql,domain SQL,move_and_rename,active template,active,medium_manifest_reference,07_sql,SQL checksum registry; generator determinism,No movement in this design task.
sql/dune_phase1c_liquidation_actions_diagnostic.sql,tracked_head,sql,liquidations,SQL template or diagnostic,sql/liquidations/generated/history/liquidation_actions_diagnostic.sql,historical archive,move_and_rename,historical diagnostic,historical,medium_manifest_reference,07_sql,SQL checksum registry; generator determinism,No movement in this design task.
sql/dune_phase1c_liquidation_diagnostic.sql,tracked_head,sql,liquidations,SQL template or diagnostic,sql/liquidations/generated/history/liquidation_diagnostic.sql,historical archive,move_and_rename,historical diagnostic,historical,medium_manifest_reference,07_sql,SQL checksum registry; generator determinism,No movement in this design task.
sql/dune_phase1d_clipper_parameters.sql,tracked_head,sql,liquidations,SQL template or diagnostic,sql/protocol/templates/clipper_parameters.sql,domain SQL,move_and_rename,active template,active,medium_manifest_reference,07_sql,SQL checksum registry; generator determinism,No movement in this design task.
sql/dune_phase1d_clipper_stopped_diagnostic.sql,tracked_head,sql,liquidations,SQL template or diagnostic,sql/protocol/generated/history/clipper_stopped_diagnostic.sql,historical archive,move_and_rename,historical diagnostic,historical,medium_manifest_reference,07_sql,SQL checksum registry; generator determinism,No movement in this design task.
sql/dune_phase1d_clipper_stopped_minimal_diagnostic.sql,tracked_head,sql,liquidations,SQL template or diagnostic,sql/protocol/generated/history/clipper_stopped_minimal_diagnostic.sql,historical archive,move_and_rename,historical diagnostic,historical,medium_manifest_reference,07_sql,SQL checksum registry; generator determinism,No movement in this design task.
sql/dune_phase1d_dog_parameters.sql,tracked_head,sql,protocol,SQL template or diagnostic,sql/protocol/templates/dog_parameters.sql,domain SQL,move_and_rename,active template,active,medium_manifest_reference,07_sql,SQL checksum registry; generator determinism,No movement in this design task.
sql/dune_phase1d_eth_a_debt_ceiling_diagnostic.sql,tracked_head,sql,protocol,SQL template or diagnostic,sql/protocol/generated/history/eth_a_debt_ceiling_diagnostic.sql,historical archive,move_and_rename,historical diagnostic,historical,medium_manifest_reference,07_sql,SQL checksum registry; generator determinism,No movement in this design task.
sql/dune_phase1d_jug_parameters.sql,tracked_head,sql,protocol,SQL template or diagnostic,sql/protocol/templates/jug_parameters.sql,domain SQL,move_and_rename,active template,active,medium_manifest_reference,07_sql,SQL checksum registry; generator determinism,No movement in this design task.
sql/dune_phase1d_spot_parameters.sql,tracked_head,sql,protocol,SQL template or diagnostic,sql/protocol/templates/spot_parameters.sql,domain SQL,move_and_rename,active template,active,medium_manifest_reference,07_sql,SQL checksum registry; generator determinism,No movement in this design task.
sql/dune_phase1d_vat_parameters.sql,tracked_head,sql,protocol,SQL template or diagnostic,sql/protocol/templates/vat_parameters.sql,domain SQL,move_and_rename,active template,active,medium_manifest_reference,07_sql,SQL checksum registry; generator determinism,No movement in this design task.
sql/dune_phase1d_vat_wbtc_activation_diagnostic.sql,tracked_head,sql,protocol,SQL template or diagnostic,sql/protocol/generated/history/vat_wbtc_activation_diagnostic.sql,historical archive,move_and_rename,historical diagnostic,historical,medium_manifest_reference,07_sql,SQL checksum registry; generator determinism,No movement in this design task.
sql/dune_phase1e_accumulated_rates.sql,tracked_head,sql,vaults,SQL template or diagnostic,sql/vaults/templates/accumulated_rates.sql,domain SQL,move_and_rename,active vault template,active,medium_manifest_reference,07_sql,SQL checksum registry; generator determinism,No movement in this design task.
sql/dune_phase1e_liquidation_linkage_diagnostic.sql,tracked_head,sql,vaults,SQL template or diagnostic,sql/vaults/templates/liquidation_linkage_diagnostic.sql,domain SQL,move_and_rename,active vault template,active,medium_manifest_reference,07_sql,SQL checksum registry; generator determinism,No movement in this design task.
sql/dune_phase1e_manager_gives.sql,tracked_head,sql,vaults,SQL template or diagnostic,sql/vaults/templates/manager_gives.sql,domain SQL,move_and_rename,active vault template,active,medium_manifest_reference,07_sql,SQL checksum registry; generator determinism,No movement in this design task.
sql/dune_phase1e_manager_open_mappings.sql,tracked_head,sql,vaults,SQL template or diagnostic,sql/vaults/templates/manager_open_mappings.sql,domain SQL,move_and_rename,active vault template,active,medium_manifest_reference,07_sql,SQL checksum registry; generator determinism,No movement in this design task.
sql/dune_phase1e_owner_mapping_diagnostic.sql,tracked_head,sql,vaults,SQL template or diagnostic,sql/vaults/templates/owner_mapping_diagnostic.sql,domain SQL,move_and_rename,active vault template,active,medium_manifest_reference,07_sql,SQL checksum registry; generator determinism,No movement in this design task.
sql/dune_phase1e_vat_frob_diagnostic.sql,tracked_head,sql,vaults,SQL template or diagnostic,sql/vaults/templates/vat_frob_diagnostic.sql,domain SQL,move_and_rename,active vault template,active,medium_manifest_reference,07_sql,SQL checksum registry; generator determinism,No movement in this design task.
sql/dune_phase1e_vat_mutations_monthly.sql,tracked_head,sql,vaults,SQL template or diagnostic,sql/vaults/templates/vat_mutations_monthly.sql,domain SQL,move_and_rename,active vault template,active,medium_manifest_reference,07_sql,SQL checksum registry; generator determinism,No movement in this design task.
sql/liquidations/generated/chunk_01_2021_06_action.sql,tracked_head,sql,liquidations,generated SQL,sql/liquidations/generated/history/chunk_01_2021_06_action.sql,historical archive,move_and_rename,historical generated SQL,historical,medium_manifest_reference,07_sql,SQL checksum registry; generator determinism,No movement in this design task.
sql/liquidations/generated/chunk_01_2021_06_transaction.sql,tracked_head,sql,liquidations,generated SQL,sql/liquidations/generated/history/chunk_01_2021_06_transaction.sql,historical archive,move_and_rename,historical generated SQL,historical,medium_manifest_reference,07_sql,SQL checksum registry; generator determinism,No movement in this design task.
sql/liquidations/generated/chunk_02_2021_07_action.sql,tracked_head,sql,liquidations,generated SQL,sql/liquidations/generated/history/chunk_02_2021_07_action.sql,historical archive,move_and_rename,historical generated SQL,historical,medium_manifest_reference,07_sql,SQL checksum registry; generator determinism,No movement in this design task.
sql/liquidations/generated/chunk_02_2021_07_transaction.sql,tracked_head,sql,liquidations,generated SQL,sql/liquidations/generated/history/chunk_02_2021_07_transaction.sql,historical archive,move_and_rename,historical generated SQL,historical,medium_manifest_reference,07_sql,SQL checksum registry; generator determinism,No movement in this design task.
sql/liquidations/generated/chunk_03_2021_08_action.sql,tracked_head,sql,liquidations,generated SQL,sql/liquidations/generated/history/chunk_03_2021_08_action.sql,historical archive,move_and_rename,historical generated SQL,historical,medium_manifest_reference,07_sql,SQL checksum registry; generator determinism,No movement in this design task.
sql/liquidations/generated/chunk_03_2021_08_transaction.sql,tracked_head,sql,liquidations,generated SQL,sql/liquidations/generated/history/chunk_03_2021_08_transaction.sql,historical archive,move_and_rename,historical generated SQL,historical,medium_manifest_reference,07_sql,SQL checksum registry; generator determinism,No movement in this design task.
sql/liquidations/generated/chunk_04_2021_09_action.sql,tracked_head,sql,liquidations,generated SQL,sql/liquidations/generated/history/chunk_04_2021_09_action.sql,historical archive,move_and_rename,historical generated SQL,historical,medium_manifest_reference,07_sql,SQL checksum registry; generator determinism,No movement in this design task.
sql/liquidations/generated/chunk_04_2021_09_transaction.sql,tracked_head,sql,liquidations,generated SQL,sql/liquidations/generated/history/chunk_04_2021_09_transaction.sql,historical archive,move_and_rename,historical generated SQL,historical,medium_manifest_reference,07_sql,SQL checksum registry; generator determinism,No movement in this design task.
sql/liquidations/generated/chunk_05_2021_10_action.sql,tracked_head,sql,liquidations,generated SQL,sql/liquidations/generated/history/chunk_05_2021_10_action.sql,historical archive,move_and_rename,historical generated SQL,historical,medium_manifest_reference,07_sql,SQL checksum registry; generator determinism,No movement in this design task.
sql/liquidations/generated/chunk_05_2021_10_transaction.sql,tracked_head,sql,liquidations,generated SQL,sql/liquidations/generated/history/chunk_05_2021_10_transaction.sql,historical archive,move_and_rename,historical generated SQL,historical,medium_manifest_reference,07_sql,SQL checksum registry; generator determinism,No movement in this design task.
sql/liquidations/generated/chunk_06_2021_11_action.sql,tracked_head,sql,liquidations,generated SQL,sql/liquidations/generated/history/chunk_06_2021_11_action.sql,historical archive,move_and_rename,historical generated SQL,historical,medium_manifest_reference,07_sql,SQL checksum registry; generator determinism,No movement in this design task.
sql/liquidations/generated/chunk_06_2021_11_transaction.sql,tracked_head,sql,liquidations,generated SQL,sql/liquidations/generated/history/chunk_06_2021_11_transaction.sql,historical archive,move_and_rename,historical generated SQL,historical,medium_manifest_reference,07_sql,SQL checksum registry; generator determinism,No movement in this design task.
sql/liquidations/generated/chunk_07_2021_12_action.sql,tracked_head,sql,liquidations,generated SQL,sql/liquidations/generated/history/chunk_07_2021_12_action.sql,historical archive,move_and_rename,historical generated SQL,historical,medium_manifest_reference,07_sql,SQL checksum registry; generator determinism,No movement in this design task.
sql/liquidations/generated/chunk_07_2021_12_transaction.sql,tracked_head,sql,liquidations,generated SQL,sql/liquidations/generated/history/chunk_07_2021_12_transaction.sql,historical archive,move_and_rename,historical generated SQL,historical,medium_manifest_reference,07_sql,SQL checksum registry; generator determinism,No movement in this design task.
sql/liquidations/generated/chunk_08_2022_01_action.sql,tracked_head,sql,liquidations,generated SQL,sql/liquidations/generated/history/chunk_08_2022_01_action.sql,historical archive,move_and_rename,historical generated SQL,historical,medium_manifest_reference,07_sql,SQL checksum registry; generator determinism,No movement in this design task.
sql/liquidations/generated/chunk_08_2022_01_transaction.sql,tracked_head,sql,liquidations,generated SQL,sql/liquidations/generated/history/chunk_08_2022_01_transaction.sql,historical archive,move_and_rename,historical generated SQL,historical,medium_manifest_reference,07_sql,SQL checksum registry; generator determinism,No movement in this design task.
sql/liquidations/generated/chunk_09_2022_02_action.sql,tracked_head,sql,liquidations,generated SQL,sql/liquidations/generated/history/chunk_09_2022_02_action.sql,historical archive,move_and_rename,historical generated SQL,historical,medium_manifest_reference,07_sql,SQL checksum registry; generator determinism,No movement in this design task.
sql/liquidations/generated/chunk_09_2022_02_transaction.sql,tracked_head,sql,liquidations,generated SQL,sql/liquidations/generated/history/chunk_09_2022_02_transaction.sql,historical archive,move_and_rename,historical generated SQL,historical,medium_manifest_reference,07_sql,SQL checksum registry; generator determinism,No movement in this design task.
sql/liquidations/generated/chunk_10_2022_03_action.sql,tracked_head,sql,liquidations,generated SQL,sql/liquidations/generated/history/chunk_10_2022_03_action.sql,historical archive,move_and_rename,historical generated SQL,historical,medium_manifest_reference,07_sql,SQL checksum registry; generator determinism,No movement in this design task.
sql/liquidations/generated/chunk_10_2022_03_transaction.sql,tracked_head,sql,liquidations,generated SQL,sql/liquidations/generated/history/chunk_10_2022_03_transaction.sql,historical archive,move_and_rename,historical generated SQL,historical,medium_manifest_reference,07_sql,SQL checksum registry; generator determinism,No movement in this design task.
sql/liquidations/generated/chunk_11_2022_04_action.sql,tracked_head,sql,liquidations,generated SQL,sql/liquidations/generated/history/chunk_11_2022_04_action.sql,historical archive,move_and_rename,historical generated SQL,historical,medium_manifest_reference,07_sql,SQL checksum registry; generator determinism,No movement in this design task.
sql/liquidations/generated/chunk_11_2022_04_transaction.sql,tracked_head,sql,liquidations,generated SQL,sql/liquidations/generated/history/chunk_11_2022_04_transaction.sql,historical archive,move_and_rename,historical generated SQL,historical,medium_manifest_reference,07_sql,SQL checksum registry; generator determinism,No movement in this design task.
sql/liquidations/generated/chunk_12_2022_05_action.sql,tracked_head,sql,liquidations,generated SQL,sql/liquidations/generated/history/chunk_12_2022_05_action.sql,historical archive,move_and_rename,historical generated SQL,historical,medium_manifest_reference,07_sql,SQL checksum registry; generator determinism,No movement in this design task.
sql/liquidations/generated/chunk_12_2022_05_transaction.sql,tracked_head,sql,liquidations,generated SQL,sql/liquidations/generated/history/chunk_12_2022_05_transaction.sql,historical archive,move_and_rename,historical generated SQL,historical,medium_manifest_reference,07_sql,SQL checksum registry; generator determinism,No movement in this design task.
sql/liquidations/generated/chunk_13_2022_06_action.sql,tracked_head,sql,liquidations,generated SQL,sql/liquidations/generated/history/chunk_13_2022_06_action.sql,historical archive,move_and_rename,historical generated SQL,historical,medium_manifest_reference,07_sql,SQL checksum registry; generator determinism,No movement in this design task.
sql/liquidations/generated/chunk_13_2022_06_transaction.sql,tracked_head,sql,liquidations,generated SQL,sql/liquidations/generated/history/chunk_13_2022_06_transaction.sql,historical archive,move_and_rename,historical generated SQL,historical,medium_manifest_reference,07_sql,SQL checksum registry; generator determinism,No movement in this design task.
sql/liquidations/generated/chunk_14_2022_07_action.sql,tracked_head,sql,liquidations,generated SQL,sql/liquidations/generated/history/chunk_14_2022_07_action.sql,historical archive,move_and_rename,historical generated SQL,historical,medium_manifest_reference,07_sql,SQL checksum registry; generator determinism,No movement in this design task.
sql/liquidations/generated/chunk_14_2022_07_transaction.sql,tracked_head,sql,liquidations,generated SQL,sql/liquidations/generated/history/chunk_14_2022_07_transaction.sql,historical archive,move_and_rename,historical generated SQL,historical,medium_manifest_reference,07_sql,SQL checksum registry; generator determinism,No movement in this design task.
sql/liquidations/generated/chunk_15_2022_08_action.sql,tracked_head,sql,liquidations,generated SQL,sql/liquidations/generated/history/chunk_15_2022_08_action.sql,historical archive,move_and_rename,historical generated SQL,historical,medium_manifest_reference,07_sql,SQL checksum registry; generator determinism,No movement in this design task.
sql/liquidations/generated/chunk_15_2022_08_transaction.sql,tracked_head,sql,liquidations,generated SQL,sql/liquidations/generated/history/chunk_15_2022_08_transaction.sql,historical archive,move_and_rename,historical generated SQL,historical,medium_manifest_reference,07_sql,SQL checksum registry; generator determinism,No movement in this design task.
sql/liquidations/generated/chunk_16_2022_09_action.sql,tracked_head,sql,liquidations,generated SQL,sql/liquidations/generated/history/chunk_16_2022_09_action.sql,historical archive,move_and_rename,historical generated SQL,historical,medium_manifest_reference,07_sql,SQL checksum registry; generator determinism,No movement in this design task.
sql/liquidations/generated/chunk_16_2022_09_transaction.sql,tracked_head,sql,liquidations,generated SQL,sql/liquidations/generated/history/chunk_16_2022_09_transaction.sql,historical archive,move_and_rename,historical generated SQL,historical,medium_manifest_reference,07_sql,SQL checksum registry; generator determinism,No movement in this design task.
sql/liquidations/generated/chunk_17_2022_10_action.sql,tracked_head,sql,liquidations,generated SQL,sql/liquidations/generated/history/chunk_17_2022_10_action.sql,historical archive,move_and_rename,historical generated SQL,historical,medium_manifest_reference,07_sql,SQL checksum registry; generator determinism,No movement in this design task.
sql/liquidations/generated/chunk_17_2022_10_transaction.sql,tracked_head,sql,liquidations,generated SQL,sql/liquidations/generated/history/chunk_17_2022_10_transaction.sql,historical archive,move_and_rename,historical generated SQL,historical,medium_manifest_reference,07_sql,SQL checksum registry; generator determinism,No movement in this design task.
sql/liquidations/generated/chunk_18_2022_11_action.sql,tracked_head,sql,liquidations,generated SQL,sql/liquidations/generated/history/chunk_18_2022_11_action.sql,historical archive,move_and_rename,historical generated SQL,historical,medium_manifest_reference,07_sql,SQL checksum registry; generator determinism,No movement in this design task.
sql/liquidations/generated/chunk_18_2022_11_transaction.sql,tracked_head,sql,liquidations,generated SQL,sql/liquidations/generated/history/chunk_18_2022_11_transaction.sql,historical archive,move_and_rename,historical generated SQL,historical,medium_manifest_reference,07_sql,SQL checksum registry; generator determinism,No movement in this design task.
sql/liquidations/generated/chunk_19_2022_12_action.sql,tracked_head,sql,liquidations,generated SQL,sql/liquidations/generated/history/chunk_19_2022_12_action.sql,historical archive,move_and_rename,historical generated SQL,historical,medium_manifest_reference,07_sql,SQL checksum registry; generator determinism,No movement in this design task.
sql/liquidations/generated/chunk_19_2022_12_transaction.sql,tracked_head,sql,liquidations,generated SQL,sql/liquidations/generated/history/chunk_19_2022_12_transaction.sql,historical archive,move_and_rename,historical generated SQL,historical,medium_manifest_reference,07_sql,SQL checksum registry; generator determinism,No movement in this design task.
sql/liquidations/generated/chunk_20_2023_01_action.sql,tracked_head,sql,liquidations,generated SQL,sql/liquidations/generated/history/chunk_20_2023_01_action.sql,historical archive,move_and_rename,historical generated SQL,historical,medium_manifest_reference,07_sql,SQL checksum registry; generator determinism,No movement in this design task.
sql/liquidations/generated/chunk_20_2023_01_transaction.sql,tracked_head,sql,liquidations,generated SQL,sql/liquidations/generated/history/chunk_20_2023_01_transaction.sql,historical archive,move_and_rename,historical generated SQL,historical,medium_manifest_reference,07_sql,SQL checksum registry; generator determinism,No movement in this design task.
sql/liquidations/generated/chunk_21_2023_02_action.sql,tracked_head,sql,liquidations,generated SQL,sql/liquidations/generated/history/chunk_21_2023_02_action.sql,historical archive,move_and_rename,historical generated SQL,historical,medium_manifest_reference,07_sql,SQL checksum registry; generator determinism,No movement in this design task.
sql/liquidations/generated/chunk_21_2023_02_transaction.sql,tracked_head,sql,liquidations,generated SQL,sql/liquidations/generated/history/chunk_21_2023_02_transaction.sql,historical archive,move_and_rename,historical generated SQL,historical,medium_manifest_reference,07_sql,SQL checksum registry; generator determinism,No movement in this design task.
sql/liquidations/generated/chunk_22_2023_03_action.sql,tracked_head,sql,liquidations,generated SQL,sql/liquidations/generated/history/chunk_22_2023_03_action.sql,historical archive,move_and_rename,historical generated SQL,historical,medium_manifest_reference,07_sql,SQL checksum registry; generator determinism,No movement in this design task.
sql/liquidations/generated/chunk_22_2023_03_transaction.sql,tracked_head,sql,liquidations,generated SQL,sql/liquidations/generated/history/chunk_22_2023_03_transaction.sql,historical archive,move_and_rename,historical generated SQL,historical,medium_manifest_reference,07_sql,SQL checksum registry; generator determinism,No movement in this design task.
sql/liquidations/generated/chunk_23_2023_04_action.sql,tracked_head,sql,liquidations,generated SQL,sql/liquidations/generated/history/chunk_23_2023_04_action.sql,historical archive,move_and_rename,historical generated SQL,historical,medium_manifest_reference,07_sql,SQL checksum registry; generator determinism,No movement in this design task.
sql/liquidations/generated/chunk_23_2023_04_transaction.sql,tracked_head,sql,liquidations,generated SQL,sql/liquidations/generated/history/chunk_23_2023_04_transaction.sql,historical archive,move_and_rename,historical generated SQL,historical,medium_manifest_reference,07_sql,SQL checksum registry; generator determinism,No movement in this design task.
sql/liquidations/generated/chunk_24_2023_05_action.sql,tracked_head,sql,liquidations,generated SQL,sql/liquidations/generated/history/chunk_24_2023_05_action.sql,historical archive,move_and_rename,historical generated SQL,historical,medium_manifest_reference,07_sql,SQL checksum registry; generator determinism,No movement in this design task.
sql/liquidations/generated/chunk_24_2023_05_transaction.sql,tracked_head,sql,liquidations,generated SQL,sql/liquidations/generated/history/chunk_24_2023_05_transaction.sql,historical archive,move_and_rename,historical generated SQL,historical,medium_manifest_reference,07_sql,SQL checksum registry; generator determinism,No movement in this design task.
sql/liquidations/generated/chunk_25_2023_06_action.sql,tracked_head,sql,liquidations,generated SQL,sql/liquidations/generated/history/chunk_25_2023_06_action.sql,historical archive,move_and_rename,historical generated SQL,historical,medium_manifest_reference,07_sql,SQL checksum registry; generator determinism,No movement in this design task.
sql/liquidations/generated/chunk_25_2023_06_transaction.sql,tracked_head,sql,liquidations,generated SQL,sql/liquidations/generated/history/chunk_25_2023_06_transaction.sql,historical archive,move_and_rename,historical generated SQL,historical,medium_manifest_reference,07_sql,SQL checksum registry; generator determinism,No movement in this design task.
sql/liquidations/generated/chunk_26_2023_07_action.sql,tracked_head,sql,liquidations,generated SQL,sql/liquidations/generated/history/chunk_26_2023_07_action.sql,historical archive,move_and_rename,historical generated SQL,historical,medium_manifest_reference,07_sql,SQL checksum registry; generator determinism,No movement in this design task.
sql/liquidations/generated/chunk_26_2023_07_transaction.sql,tracked_head,sql,liquidations,generated SQL,sql/liquidations/generated/history/chunk_26_2023_07_transaction.sql,historical archive,move_and_rename,historical generated SQL,historical,medium_manifest_reference,07_sql,SQL checksum registry; generator determinism,No movement in this design task.
sql/liquidations/generated/chunk_27_2023_08_action.sql,tracked_head,sql,liquidations,generated SQL,sql/liquidations/generated/history/chunk_27_2023_08_action.sql,historical archive,move_and_rename,historical generated SQL,historical,medium_manifest_reference,07_sql,SQL checksum registry; generator determinism,No movement in this design task.
sql/liquidations/generated/chunk_27_2023_08_transaction.sql,tracked_head,sql,liquidations,generated SQL,sql/liquidations/generated/history/chunk_27_2023_08_transaction.sql,historical archive,move_and_rename,historical generated SQL,historical,medium_manifest_reference,07_sql,SQL checksum registry; generator determinism,No movement in this design task.
sql/liquidations/generated/chunk_28_2023_09_action.sql,tracked_head,sql,liquidations,generated SQL,sql/liquidations/generated/history/chunk_28_2023_09_action.sql,historical archive,move_and_rename,historical generated SQL,historical,medium_manifest_reference,07_sql,SQL checksum registry; generator determinism,No movement in this design task.
sql/liquidations/generated/chunk_28_2023_09_transaction.sql,tracked_head,sql,liquidations,generated SQL,sql/liquidations/generated/history/chunk_28_2023_09_transaction.sql,historical archive,move_and_rename,historical generated SQL,historical,medium_manifest_reference,07_sql,SQL checksum registry; generator determinism,No movement in this design task.
sql/liquidations/generated/chunk_29_2023_10_action.sql,tracked_head,sql,liquidations,generated SQL,sql/liquidations/generated/history/chunk_29_2023_10_action.sql,historical archive,move_and_rename,historical generated SQL,historical,medium_manifest_reference,07_sql,SQL checksum registry; generator determinism,No movement in this design task.
sql/liquidations/generated/chunk_29_2023_10_transaction.sql,tracked_head,sql,liquidations,generated SQL,sql/liquidations/generated/history/chunk_29_2023_10_transaction.sql,historical archive,move_and_rename,historical generated SQL,historical,medium_manifest_reference,07_sql,SQL checksum registry; generator determinism,No movement in this design task.
sql/liquidations/generated/chunk_30_2023_11_action.sql,tracked_head,sql,liquidations,generated SQL,sql/liquidations/generated/history/chunk_30_2023_11_action.sql,historical archive,move_and_rename,historical generated SQL,historical,medium_manifest_reference,07_sql,SQL checksum registry; generator determinism,No movement in this design task.
sql/liquidations/generated/chunk_30_2023_11_transaction.sql,tracked_head,sql,liquidations,generated SQL,sql/liquidations/generated/history/chunk_30_2023_11_transaction.sql,historical archive,move_and_rename,historical generated SQL,historical,medium_manifest_reference,07_sql,SQL checksum registry; generator determinism,No movement in this design task.
sql/liquidations/generated/chunk_31_2023_12_action.sql,tracked_head,sql,liquidations,generated SQL,sql/liquidations/generated/history/chunk_31_2023_12_action.sql,historical archive,move_and_rename,historical generated SQL,historical,medium_manifest_reference,07_sql,SQL checksum registry; generator determinism,No movement in this design task.
sql/liquidations/generated/chunk_31_2023_12_transaction.sql,tracked_head,sql,liquidations,generated SQL,sql/liquidations/generated/history/chunk_31_2023_12_transaction.sql,historical archive,move_and_rename,historical generated SQL,historical,medium_manifest_reference,07_sql,SQL checksum registry; generator determinism,No movement in this design task.
sql/liquidations/generated/chunk_32_2024_01_action.sql,tracked_head,sql,liquidations,generated SQL,sql/liquidations/generated/history/chunk_32_2024_01_action.sql,historical archive,move_and_rename,historical generated SQL,historical,medium_manifest_reference,07_sql,SQL checksum registry; generator determinism,No movement in this design task.
sql/liquidations/generated/chunk_32_2024_01_transaction.sql,tracked_head,sql,liquidations,generated SQL,sql/liquidations/generated/history/chunk_32_2024_01_transaction.sql,historical archive,move_and_rename,historical generated SQL,historical,medium_manifest_reference,07_sql,SQL checksum registry; generator determinism,No movement in this design task.
sql/liquidations/generated/chunk_33_2024_02_action.sql,tracked_head,sql,liquidations,generated SQL,sql/liquidations/generated/history/chunk_33_2024_02_action.sql,historical archive,move_and_rename,historical generated SQL,historical,medium_manifest_reference,07_sql,SQL checksum registry; generator determinism,No movement in this design task.
sql/liquidations/generated/chunk_33_2024_02_transaction.sql,tracked_head,sql,liquidations,generated SQL,sql/liquidations/generated/history/chunk_33_2024_02_transaction.sql,historical archive,move_and_rename,historical generated SQL,historical,medium_manifest_reference,07_sql,SQL checksum registry; generator determinism,No movement in this design task.
sql/liquidations/generated/chunk_34_2024_03_action.sql,tracked_head,sql,liquidations,generated SQL,sql/liquidations/generated/history/chunk_34_2024_03_action.sql,historical archive,move_and_rename,historical generated SQL,historical,medium_manifest_reference,07_sql,SQL checksum registry; generator determinism,No movement in this design task.
sql/liquidations/generated/chunk_34_2024_03_transaction.sql,tracked_head,sql,liquidations,generated SQL,sql/liquidations/generated/history/chunk_34_2024_03_transaction.sql,historical archive,move_and_rename,historical generated SQL,historical,medium_manifest_reference,07_sql,SQL checksum registry; generator determinism,No movement in this design task.
sql/liquidations/generated/chunk_35_2024_04_action.sql,tracked_head,sql,liquidations,generated SQL,sql/liquidations/generated/history/chunk_35_2024_04_action.sql,historical archive,move_and_rename,historical generated SQL,historical,medium_manifest_reference,07_sql,SQL checksum registry; generator determinism,No movement in this design task.
sql/liquidations/generated/chunk_35_2024_04_transaction.sql,tracked_head,sql,liquidations,generated SQL,sql/liquidations/generated/history/chunk_35_2024_04_transaction.sql,historical archive,move_and_rename,historical generated SQL,historical,medium_manifest_reference,07_sql,SQL checksum registry; generator determinism,No movement in this design task.
sql/liquidations/generated/chunk_36_2024_05_action.sql,tracked_head,sql,liquidations,generated SQL,sql/liquidations/generated/history/chunk_36_2024_05_action.sql,historical archive,move_and_rename,historical generated SQL,historical,medium_manifest_reference,07_sql,SQL checksum registry; generator determinism,No movement in this design task.
sql/liquidations/generated/chunk_36_2024_05_transaction.sql,tracked_head,sql,liquidations,generated SQL,sql/liquidations/generated/history/chunk_36_2024_05_transaction.sql,historical archive,move_and_rename,historical generated SQL,historical,medium_manifest_reference,07_sql,SQL checksum registry; generator determinism,No movement in this design task.
sql/liquidations/generated/chunk_37_2024_06_action.sql,tracked_head,sql,liquidations,generated SQL,sql/liquidations/generated/history/chunk_37_2024_06_action.sql,historical archive,move_and_rename,historical generated SQL,historical,medium_manifest_reference,07_sql,SQL checksum registry; generator determinism,No movement in this design task.
sql/liquidations/generated/chunk_37_2024_06_transaction.sql,tracked_head,sql,liquidations,generated SQL,sql/liquidations/generated/history/chunk_37_2024_06_transaction.sql,historical archive,move_and_rename,historical generated SQL,historical,medium_manifest_reference,07_sql,SQL checksum registry; generator determinism,No movement in this design task.
sql/liquidations/generated/phase1c_legacy_cat_bite_check_corrected.sql,tracked_head,sql,liquidations,generated SQL,sql/liquidations/generated/history/legacy_cat_bite_check_corrected.sql,historical archive,move_and_rename,historical generated SQL,historical,medium_manifest_reference,07_sql,SQL checksum registry; generator determinism,No movement in this design task.
sql/liquidations/generated/phase1c_legacy_cat_flipper_check.sql,tracked_head,sql,liquidations,generated SQL,sql/liquidations/generated/history/legacy_cat_flipper_check.sql,historical archive,move_and_rename,historical generated SQL,historical,medium_manifest_reference,07_sql,SQL checksum registry; generator determinism,No movement in this design task.
sql/liquidations/generated/phase1c_liquidation_transactions_attempt3.sql,tracked_head,sql,liquidations,generated SQL,sql/liquidations/generated/history/liquidation_transactions_attempt3.sql,historical archive,move_and_rename,historical generated SQL,historical,medium_manifest_reference,07_sql,SQL checksum registry; generator determinism,No movement in this design task.
sql/vaults/generated/chunk_01_2019_11/query.sql,tracked_head,sql,vaults,generated SQL,sql/vaults/generated/chunk_01_2019_11/query.sql,domain SQL,retain,deterministic generated SQL,active,medium_manifest_reference,07_sql,SQL checksum registry; generator determinism,No movement in this design task.
sql/vaults/generated/chunk_02_2019_12/query.sql,tracked_head,sql,vaults,generated SQL,sql/vaults/generated/chunk_02_2019_12/query.sql,domain SQL,retain,deterministic generated SQL,active,medium_manifest_reference,07_sql,SQL checksum registry; generator determinism,No movement in this design task.
sql/vaults/generated/chunk_03_2020_01/query.sql,tracked_head,sql,vaults,generated SQL,sql/vaults/generated/chunk_03_2020_01/query.sql,domain SQL,retain,deterministic generated SQL,active,medium_manifest_reference,07_sql,SQL checksum registry; generator determinism,No movement in this design task.
sql/vaults/generated/chunk_04_2020_02/query.sql,tracked_head,sql,vaults,generated SQL,sql/vaults/generated/chunk_04_2020_02/query.sql,domain SQL,retain,deterministic generated SQL,active,medium_manifest_reference,07_sql,SQL checksum registry; generator determinism,No movement in this design task.
sql/vaults/generated/chunk_05_2020_03/query.sql,tracked_head,sql,vaults,generated SQL,sql/vaults/generated/chunk_05_2020_03/query.sql,domain SQL,retain,deterministic generated SQL,active,medium_manifest_reference,07_sql,SQL checksum registry; generator determinism,No movement in this design task.
sql/vaults/generated/chunk_05_2020_03/subwindows/05A/query.sql,tracked_head,sql,vaults,generated SQL,sql/vaults/generated/chunk_05_2020_03/subwindows/05A/query.sql,domain SQL,retain,deterministic generated SQL,active,medium_manifest_reference,07_sql,SQL checksum registry; generator determinism,No movement in this design task.
sql/vaults/generated/chunk_05_2020_03/subwindows/05B/query.sql,tracked_head,sql,vaults,generated SQL,sql/vaults/generated/chunk_05_2020_03/subwindows/05B/query.sql,domain SQL,retain,deterministic generated SQL,active,medium_manifest_reference,07_sql,SQL checksum registry; generator determinism,No movement in this design task.
sql/vaults/generated/representative_regimes/quiet_mature_2024-02-01_2024-03-01/boundary_states.sql,tracked_head,sql,vaults,generated SQL,sql/vaults/generated/representative_regimes/quiet_mature_2024-02-01_2024-03-01/boundary_states.sql,domain SQL,retain,deterministic generated SQL,active,medium_manifest_reference,07_sql,SQL checksum registry; generator determinism,No movement in this design task.
sql/vaults/generated/representative_regimes/quiet_mature_2024-02-01_2024-03-01/effective_rates.sql,tracked_head,sql,vaults,generated SQL,sql/vaults/generated/representative_regimes/quiet_mature_2024-02-01_2024-03-01/effective_rates.sql,domain SQL,retain,deterministic generated SQL,active,medium_manifest_reference,07_sql,SQL checksum registry; generator determinism,No movement in this design task.
sql/vaults/generated/representative_regimes/quiet_mature_2024-02-01_2024-03-01/effective_rates_sparse_repair.sql,tracked_head,sql,vaults,generated SQL,sql/vaults/generated/representative_regimes/quiet_mature_2024-02-01_2024-03-01/effective_rates_sparse_repair.sql,domain SQL,retain,deterministic generated SQL,active,medium_manifest_reference,07_sql,SQL checksum registry; generator determinism,No movement in this design task.
sql/vaults/generated/representative_regimes/quiet_mature_2024-02-01_2024-03-01/ownership_history.sql,tracked_head,sql,vaults,generated SQL,sql/vaults/generated/representative_regimes/quiet_mature_2024-02-01_2024-03-01/ownership_history.sql,domain SQL,retain,deterministic generated SQL,active,medium_manifest_reference,07_sql,SQL checksum registry; generator determinism,No movement in this design task.
sql/vaults/generated/representative_regimes/quiet_mature_2024-02-01_2024-03-01/vat_mutations.sql,tracked_head,sql,vaults,generated SQL,sql/vaults/generated/representative_regimes/quiet_mature_2024-02-01_2024-03-01/vat_mutations.sql,domain SQL,retain,deterministic generated SQL,active,medium_manifest_reference,07_sql,SQL checksum registry; generator determinism,No movement in this design task.
sql/vaults/generated/representative_regimes/terra_cefi_2022-05-05_2022-06-20/boundary_states.sql,tracked_head,sql,vaults,generated SQL,sql/vaults/generated/representative_regimes/terra_cefi_2022-05-05_2022-06-20/boundary_states.sql,domain SQL,retain,deterministic generated SQL,active,medium_manifest_reference,07_sql,SQL checksum registry; generator determinism,No movement in this design task.
sql/vaults/generated/representative_regimes/terra_cefi_2022-05-05_2022-06-20/effective_rates.sql,tracked_head,sql,vaults,generated SQL,sql/vaults/generated/representative_regimes/terra_cefi_2022-05-05_2022-06-20/effective_rates.sql,domain SQL,retain,deterministic generated SQL,active,medium_manifest_reference,07_sql,SQL checksum registry; generator determinism,No movement in this design task.
sql/vaults/generated/representative_regimes/terra_cefi_2022-05-05_2022-06-20/ownership_history.sql,tracked_head,sql,vaults,generated SQL,sql/vaults/generated/representative_regimes/terra_cefi_2022-05-05_2022-06-20/ownership_history.sql,domain SQL,retain,deterministic generated SQL,active,medium_manifest_reference,07_sql,SQL checksum registry; generator determinism,No movement in this design task.
sql/vaults/generated/representative_regimes/terra_cefi_2022-05-05_2022-06-20/vat_mutations.sql,tracked_head,sql,vaults,generated SQL,sql/vaults/generated/representative_regimes/terra_cefi_2022-05-05_2022-06-20/vat_mutations.sql,domain SQL,retain,deterministic generated SQL,active,medium_manifest_reference,07_sql,SQL checksum registry; generator determinism,No movement in this design task.
sql/vaults/generated/representative_regimes/usdc_svb_2023-03-06_2023-03-20/boundary_states.sql,tracked_head,sql,vaults,generated SQL,sql/vaults/generated/representative_regimes/usdc_svb_2023-03-06_2023-03-20/boundary_states.sql,domain SQL,retain,deterministic generated SQL,active,medium_manifest_reference,07_sql,SQL checksum registry; generator determinism,No movement in this design task.
sql/vaults/generated/representative_regimes/usdc_svb_2023-03-06_2023-03-20/effective_rates.sql,tracked_head,sql,vaults,generated SQL,sql/vaults/generated/representative_regimes/usdc_svb_2023-03-06_2023-03-20/effective_rates.sql,domain SQL,retain,deterministic generated SQL,active,medium_manifest_reference,07_sql,SQL checksum registry; generator determinism,No movement in this design task.
sql/vaults/generated/representative_regimes/usdc_svb_2023-03-06_2023-03-20/ownership_history.sql,tracked_head,sql,vaults,generated SQL,sql/vaults/generated/representative_regimes/usdc_svb_2023-03-06_2023-03-20/ownership_history.sql,domain SQL,retain,deterministic generated SQL,active,medium_manifest_reference,07_sql,SQL checksum registry; generator determinism,No movement in this design task.
sql/vaults/generated/representative_regimes/usdc_svb_2023-03-06_2023-03-20/vat_mutations.sql,tracked_head,sql,vaults,generated SQL,sql/vaults/generated/representative_regimes/usdc_svb_2023-03-06_2023-03-20/vat_mutations.sql,domain SQL,retain,deterministic generated SQL,active,medium_manifest_reference,07_sql,SQL checksum registry; generator determinism,No movement in this design task.
src/__init__.py,tracked_head,src,repository,Python implementation,src/dai_sim/__init__.py,durable repository file,move_and_rename,source-package,active,high_import,03_source_package,imports; unit and regression tests; Experiments 1-5 checksums,No movement in this design task.
src/collateral.py,tracked_head,src,repository,Python implementation,src/dai_sim/model/collateral.py,simulation model,move,model,active,high_import,03_source_package,imports; unit and regression tests; Experiments 1-5 checksums,No movement in this design task.
src/confidence.py,tracked_head,src,repository,Python implementation,src/dai_sim/model/confidence.py,simulation model,move,model,active,high_import,03_source_package,imports; unit and regression tests; Experiments 1-5 checksums,No movement in this design task.
src/dai_market.py,tracked_head,src,market,Python implementation,src/dai_sim/model/market.py,simulation model,move_and_rename,model,active,high_import,03_source_package,imports; unit and regression tests; Experiments 1-5 checksums,No movement in this design task.
src/empirical_config.py,modified_tracked,src,repository,Python implementation,src/dai_sim/inputs/configuration.py,runtime input adapter,move_and_rename,inputs,active,high_import,03_source_package,imports; unit and regression tests; Experiments 1-5 checksums,No movement in this design task.
src/empirical_data.py,tracked_head,src,repository,Python implementation,src/dai_sim/calibration/market.py;src/dai_sim/inputs/market.py,runtime input adapter,split,market-calibration-split,active,high_import,03_source_package,imports; unit and regression tests; Experiments 1-5 checksums,No movement in this design task.
src/empirical_sources.py,tracked_head,src,repository,Python implementation,src/dai_sim/inputs/sources.py,runtime input adapter,move_and_rename,inputs,active,high_import,03_source_package,imports; unit and regression tests; Experiments 1-5 checksums,No movement in this design task.
src/environment_inputs.py,modified_tracked,src,repository,Python implementation,src/dai_sim/inputs/environment.py,runtime input adapter,move_and_rename,inputs,active,high_import,03_source_package,imports; unit and regression tests; Experiments 1-5 checksums,No movement in this design task.
src/estimation/__init__.py,tracked_head,src,calibration,Python implementation,src/dai_sim/calibration/__init__.py,calibration,move,calibration,active,high_import,03_source_package,imports; unit and regression tests; Experiments 1-5 checksums,No movement in this design task.
src/estimation/adoption_review.py,tracked_head,src,calibration,Python implementation,src/dai_sim/calibration/adoption.py,calibration,move_and_rename,calibration,active,high_import,03_source_package,imports; unit and regression tests; Experiments 1-5 checksums,No movement in this design task.
src/estimation/data_loading.py,tracked_head,src,calibration,Python implementation,src/dai_sim/calibration/data_loading.py,calibration,move,calibration,active,high_import,03_source_package,imports; unit and regression tests; Experiments 1-5 checksums,No movement in this design task.
src/estimation/phase2a.py,tracked_head,src,calibration,Python implementation,src/dai_sim/calibration/market.py;src/dai_sim/calibration/gas.py;src/dai_sim/calibration/protocol.py,calibration,split,calibration-domain-split,active,high_import,03_source_package,imports; unit and regression tests; Experiments 1-5 checksums,No movement in this design task.
src/estimation/phase2a_review.py,tracked_head,src,calibration,Python implementation,src/dai_sim/calibration/validation.py,calibration,move_and_rename,calibration,active,high_import,03_source_package,imports; unit and regression tests; Experiments 1-5 checksums,No movement in this design task.
src/estimation/phase2b_vaults.py,tracked_head,src,vaults,Python implementation,src/dai_sim/calibration/vaults.py,calibration,move_and_rename,calibration,active,high_import,03_source_package,imports; unit and regression tests; Experiments 1-5 checksums,No movement in this design task.
src/estimation/phase2c_liquidations.py,tracked_head,src,liquidations,Python implementation,src/dai_sim/calibration/liquidations.py,calibration,move_and_rename,calibration,active,high_import,03_source_package,imports; unit and regression tests; Experiments 1-5 checksums,No movement in this design task.
src/estimation/statistics.py,tracked_head,src,calibration,Python implementation,src/dai_sim/calibration/statistics.py,calibration,move,calibration,active,high_import,03_source_package,imports; unit and regression tests; Experiments 1-5 checksums,No movement in this design task.
src/experiments.py,tracked_head,src,experiments,Python implementation,src/dai_sim/experiments/scenarios.py;src/dai_sim/experiments/runner.py;src/dai_sim/experiments/summaries.py,experiment orchestration,split,experiment-orchestration-split,active,high_import,03_source_package,imports; unit and regression tests; Experiments 1-5 checksums,No movement in this design task.
src/gas_process.py,tracked_head,src,gas,Python implementation,src/dai_sim/inputs/gas.py,runtime input adapter,move_and_rename,inputs,active,high_import,03_source_package,imports; unit and regression tests; Experiments 1-5 checksums,No movement in this design task.
src/liquidation.py,modified_tracked,src,liquidations,Python implementation,src/dai_sim/model/liquidation.py,simulation model,move,model,active,high_import,03_source_package,imports; unit and regression tests; Experiments 1-5 checksums,No movement in this design task.
src/market_bootstrap.py,tracked_head,src,market,Python implementation,src/dai_sim/inputs/market.py,runtime input adapter,move_and_rename,inputs,active,high_import,03_source_package,imports; unit and regression tests; Experiments 1-5 checksums,No movement in this design task.
src/metrics.py,tracked_head,src,experiments,Python implementation,src/dai_sim/model/metrics.py,simulation model,move,model,active,high_import,03_source_package,imports; unit and regression tests; Experiments 1-5 checksums,No movement in this design task.
src/plot_results.py,tracked_head,src,experiments,Python implementation,src/dai_sim/experiments/plots.py,experiment orchestration,move_and_rename,experiments,active,high_import,03_source_package,imports; unit and regression tests; Experiments 1-5 checksums,No movement in this design task.
src/price_process.py,tracked_head,src,market,Python implementation,src/dai_sim/model/collateral_prices.py,simulation model,move_and_rename,model,active,high_import,03_source_package,imports; unit and regression tests; Experiments 1-5 checksums,No movement in this design task.
src/protocol_data.py,tracked_head,src,protocol,Python implementation,src/dai_sim/inputs/protocol.py,runtime input adapter,move_and_rename,inputs,active,high_import,03_source_package,imports; unit and regression tests; Experiments 1-5 checksums,No movement in this design task.
src/simulation.py,modified_tracked,src,repository,Python implementation,src/dai_sim/model/simulation.py,simulation model,move,model,active,high_import,03_source_package,imports; unit and regression tests; Experiments 1-5 checksums,No movement in this design task.
src/vault.py,tracked_head,src,vaults,Python implementation,src/dai_sim/model/vault.py,simulation model,move,model,active,high_import,03_source_package,imports; unit and regression tests; Experiments 1-5 checksums,No movement in this design task.
src/vault_initialisation.py,tracked_head,src,vaults,Python implementation,src/dai_sim/inputs/vaults.py,runtime input adapter,move_and_rename,inputs,active,high_import,03_source_package,imports; unit and regression tests; Experiments 1-5 checksums,No movement in this design task.
structure.txt,tracked_head,structure.txt,repository,documentation,docs/archive/historical_plans/structure_snapshot.txt,historical archive,archive,obsolete root snapshot,historical,low,08_documentation,link/path review,No movement in this design task.
tests/fixtures/empirical_market_fixture.csv,tracked_head,tests,market,test fixture,tests/fixtures/market/empirical_market.csv,semantic test,move_and_rename,market fixture,active,medium_test_discovery,09_tests,pytest discovery and full suite,No movement in this design task.
tests/fixtures/protocol/collateral_mapping_fixture.csv,tracked_head,tests,protocol,test fixture,tests/fixtures/protocol/collateral_mapping_fixture.csv,semantic test,retain,protocol fixture,active,medium_test_discovery,09_tests,pytest discovery and full suite,No movement in this design task.
tests/fixtures/protocol/liquidation_fixture.csv,tracked_head,tests,liquidations,test fixture,tests/fixtures/protocol/liquidation_fixture.csv,semantic test,retain,protocol fixture,active,medium_test_discovery,09_tests,pytest discovery and full suite,No movement in this design task.
tests/fixtures/protocol/protocol_fixture.csv,tracked_head,tests,protocol,test fixture,tests/fixtures/protocol/protocol_fixture.csv,semantic test,retain,protocol fixture,active,medium_test_discovery,09_tests,pytest discovery and full suite,No movement in this design task.
tests/fixtures/protocol/vault_fixture.csv,tracked_head,tests,vaults,test fixture,tests/fixtures/protocol/vault_fixture.csv,semantic test,retain,protocol fixture,active,medium_test_discovery,09_tests,pytest discovery and full suite,No movement in this design task.
tests/test_dune_gas_pipeline.py,tracked_head,tests,gas,automated test,tests/workflows/gas/test_acquisition.py,semantic test,move_and_rename,semantic test suite,active,medium_test_discovery,09_tests,pytest discovery and full suite,No movement in this design task.
tests/test_dune_liquidation_diagnostic.py,tracked_head,tests,liquidations,automated test,tests/workflows/liquidations/test_diagnostic.py,semantic test,move_and_rename,semantic test suite,active,medium_test_discovery,09_tests,pytest discovery and full suite,No movement in this design task.
tests/test_dune_liquidation_diagnostic_attempt3.py,tracked_head,tests,liquidations,automated test,tests/workflows/liquidations/test_diagnostic_reconciliation.py,semantic test,move_and_rename,semantic test suite,active,medium_test_discovery,09_tests,pytest discovery and full suite,No movement in this design task.
tests/test_dune_liquidation_production.py,tracked_head,tests,liquidations,automated test,tests/workflows/liquidations/test_acquisition.py,semantic test,move_and_rename,semantic test suite,active,medium_test_discovery,09_tests,pytest discovery and full suite,No movement in this design task.
tests/test_dune_market_pipeline.py,tracked_head,tests,market,automated test,tests/workflows/market/test_acquisition.py,semantic test,move_and_rename,semantic test suite,active,medium_test_discovery,09_tests,pytest discovery and full suite,No movement in this design task.
tests/test_dune_protocol_parameter_history.py,tracked_head,tests,protocol,automated test,tests/workflows/protocol/test_history.py,semantic test,move_and_rename,semantic test suite,active,medium_test_discovery,09_tests,pytest discovery and full suite,No movement in this design task.
tests/test_dune_protocol_parameters.py,tracked_head,tests,protocol,automated test,tests/workflows/protocol/test_acquisition.py,semantic test,move_and_rename,semantic test suite,active,medium_test_discovery,09_tests,pytest discovery and full suite,No movement in this design task.
tests/test_dune_vat_activation_diagnostic.py,tracked_head,tests,cross_domain,automated test,tests/workflows/protocol/test_activation.py,semantic test,move_and_rename,semantic test suite,active,medium_test_discovery,09_tests,pytest discovery and full suite,No movement in this design task.
tests/test_dune_vault_discovery.py,tracked_head,tests,vaults,automated test,tests/workflows/vaults/test_discovery.py,semantic test,move_and_rename,semantic test suite,active,medium_test_discovery,09_tests,pytest discovery and full suite,No movement in this design task.
tests/test_dune_vault_production.py,tracked_head,tests,vaults,automated test,tests/workflows/vaults/test_acquisition.py,semantic test,move_and_rename,semantic test suite,active,medium_test_discovery,09_tests,pytest discovery and full suite,No movement in this design task.
tests/test_empirical_tranche_a_config.py,tracked_head,tests,cross_domain,automated test,tests/inputs/test_configuration.py,runtime input adapter,move_and_rename,semantic test suite,active,medium_test_discovery,09_tests,pytest discovery and full suite,No movement in this design task.
tests/test_parameter_adoption_review.py,tracked_head,tests,calibration,automated test,tests/calibration/test_adoption.py,calibration,move_and_rename,semantic test suite,active,medium_test_discovery,09_tests,pytest discovery and full suite,No movement in this design task.
tests/test_phase1e_b_representative_vaults.py,tracked_head,tests,vaults,automated test,tests/workflows/vaults/test_representative_windows.py,semantic test,move_and_rename,semantic test suite,active,medium_test_discovery,09_tests,pytest discovery and full suite,No movement in this design task.
tests/test_phase2a_candidate_review.py,tracked_head,tests,calibration,automated test,tests/calibration/test_validation.py,calibration,move_and_rename,semantic test suite,active,medium_test_discovery,09_tests,pytest discovery and full suite,No movement in this design task.
tests/test_phase2a_estimation.py,tracked_head,tests,calibration,automated test,tests/calibration/test_market_gas_protocol.py,calibration,move_and_rename,semantic test suite,active,medium_test_discovery,09_tests,pytest discovery and full suite,No movement in this design task.
tests/test_phase2b_vault_estimation.py,tracked_head,tests,vaults,automated test,tests/calibration/test_vaults.py,calibration,move_and_rename,semantic test suite,active,medium_test_discovery,09_tests,pytest discovery and full suite,No movement in this design task.
tests/test_phase2c_liquidation_estimation.py,tracked_head,tests,liquidations,automated test,tests/calibration/test_liquidations.py,calibration,move_and_rename,semantic test suite,active,medium_test_discovery,09_tests,pytest discovery and full suite,No movement in this design task.
tests/test_process_dune_hourly_gas.py,tracked_head,tests,gas,automated test,tests/workflows/gas/test_processing.py,semantic test,move_and_rename,semantic test suite,active,medium_test_discovery,09_tests,pytest discovery and full suite,No movement in this design task.
tests/test_process_dune_market_prices.py,tracked_head,tests,market,automated test,tests/workflows/market/test_processing.py,semantic test,move_and_rename,semantic test suite,active,medium_test_discovery,09_tests,pytest discovery and full suite,No movement in this design task.
tests/test_tranche_b_vault_initialisation.py,tracked_head,tests,vaults,automated test,tests/inputs/test_vaults.py,runtime input adapter,move_and_rename,semantic test suite,active,medium_test_discovery,09_tests,pytest discovery and full suite,No movement in this design task.
tests/test_tranche_c_environment_inputs.py,tracked_head,tests,cross_domain,automated test,tests/inputs/test_environment.py,runtime input adapter,move_and_rename,semantic test suite,active,medium_test_discovery,09_tests,pytest discovery and full suite,No movement in this design task.
config/empirical/data/liquidation_arrival_hourly_pool.csv,intended_untracked,config,liquidations,tracked runtime model input,data/liquidations/model_inputs/arrival/hourly_pool.csv,runtime empirical input,move_and_rename,domain model input,active,high_runtime_path,04_configuration_inputs,YAML/JSON parse; profile equivalence; checksum resolution,No movement in this design task.
config/empirical/data/liquidation_arrival_pools_manifest.json,intended_untracked,config,liquidations,tracked runtime model input,data/liquidations/model_inputs/arrival/manifest.json,runtime empirical input,move_and_rename,domain model input,active,high_runtime_path,04_configuration_inputs,YAML/JSON parse; profile equivalence; checksum resolution,No movement in this design task.
config/empirical/data/liquidation_sequence_pool.csv,intended_untracked,config,liquidations,tracked runtime model input,data/liquidations/model_inputs/arrival/sequence_pool.csv,runtime empirical input,move_and_rename,domain model input,active,high_runtime_path,04_configuration_inputs,YAML/JSON parse; profile equivalence; checksum resolution,No movement in this design task.
config/empirical/phase2_empirical_liquidation_arrivals.yaml,intended_untracked,config,liquidations,configuration,config/profiles/empirical.yaml,user-facing configuration,merge,empirical-profile,active,high_runtime_path,04_configuration_inputs,YAML/JSON parse; profile equivalence; checksum resolution,No movement in this design task.
config/empirical/sensitivity/phase2_empirical_liquidation_arrivals_capacity_lower.yaml,intended_untracked,config,liquidations,configuration,config/sensitivities/liquidations/capacity_low.yaml,user-facing configuration,move_and_rename,domain sensitivity,active,high_runtime_path,04_configuration_inputs,YAML/JSON parse; profile equivalence; checksum resolution,No movement in this design task.
config/empirical/sensitivity/phase2_empirical_liquidation_arrivals_capacity_upper.yaml,intended_untracked,config,liquidations,configuration,config/sensitivities/liquidations/capacity_high.yaml,user-facing configuration,move_and_rename,domain sensitivity,active,high_runtime_path,04_configuration_inputs,YAML/JSON parse; profile equivalence; checksum resolution,No movement in this design task.
config/empirical/sensitivity/phase2_empirical_liquidation_arrivals_hurdle_lower.yaml,intended_untracked,config,liquidations,configuration,config/sensitivities/liquidations/hurdle_low.yaml,user-facing configuration,move_and_rename,domain sensitivity,active,high_runtime_path,04_configuration_inputs,YAML/JSON parse; profile equivalence; checksum resolution,No movement in this design task.
config/empirical/sensitivity/phase2_empirical_liquidation_arrivals_hurdle_upper.yaml,intended_untracked,config,liquidations,configuration,config/sensitivities/liquidations/hurdle_high.yaml,user-facing configuration,move_and_rename,domain sensitivity,active,high_runtime_path,04_configuration_inputs,YAML/JSON parse; profile equivalence; checksum resolution,No movement in this design task.
config/empirical/sensitivity/phase2_empirical_liquidation_arrivals_legacy_demand.yaml,intended_untracked,config,liquidations,configuration,config/sensitivities/liquidations/legacy_demand.yaml,user-facing configuration,move_and_rename,domain sensitivity,active,high_runtime_path,04_configuration_inputs,YAML/JSON parse; profile equivalence; checksum resolution,No movement in this design task.
docs/tranche_d_liquidation_arrival_and_capacity_report.md,intended_untracked,docs,liquidations,documentation,docs/archive/tranche_reports/tranche_d_liquidation_arrival_and_capacity_report.md,historical archive,archive,tranche report,historical,low_link,08_documentation,link/path review,No movement in this design task.
scripts/build_liquidation_arrival_runtime_pools.py,intended_untracked,scripts,liquidations,CLI workflow,workflows/liquidations/build_inputs.py,domain workflow,move_and_rename,,active,medium_cli,06_workflows,CLI help; mocked workflow tests,No movement in this design task.
scripts/run_tranche_d_liquidation_diagnostics.py,intended_untracked,scripts,liquidations,CLI workflow,workflows/inputs/validate_liquidations.py,runtime input adapter,move_and_rename,,active,medium_cli,06_workflows,CLI help; mocked workflow tests,No movement in this design task.
src/liquidation_demand.py,intended_untracked,src,liquidations,Python implementation,src/dai_sim/inputs/liquidations.py,runtime input adapter,move_and_rename,inputs,active,high_import,03_source_package,imports; unit and regression tests; Experiments 1-5 checksums,No movement in this design task.
tests/test_tranche_d_liquidation_demand.py,intended_untracked,tests,liquidations,automated test,tests/inputs/test_liquidations.py,runtime input adapter,move_and_rename,semantic test suite,active,medium_test_discovery,09_tests,pytest discovery and full suite,No movement in this design task.
.DS_Store,ignored_group,local_noise,cross_domain,repository-wide Finder metadata,.DS_Store,repository-wide Finder metadata,generated_ignore,,generated,path_policy,10_outputs_ignore,git check-ignore; no force-add,ignored local noise
.idea/,ignored_group,local_noise,cross_domain,IDE workspace metadata,.idea/,IDE workspace metadata,generated_ignore,,generated,path_policy,10_outputs_ignore,git check-ignore; no force-add,ignored local noise
.pytest_cache/,ignored_group,local_noise,cross_domain,pytest cache,.pytest_cache/,pytest cache,generated_ignore,,generated,path_policy,10_outputs_ignore,git check-ignore; no force-add,ignored local noise
**/__pycache__/,ignored_group,local_noise,cross_domain,Python bytecode caches,**/__pycache__/,Python bytecode caches,generated_ignore,,generated,path_policy,10_outputs_ignore,git check-ignore; no force-add,ignored local noise
.venv/;venv/;env/,ignored_group,local_noise,cross_domain,local virtual environments,.venv/;venv/;env/,local virtual environments,generated_ignore,,generated,path_policy,10_outputs_ignore,git check-ignore; no force-add,ignored local noise
.env,ignored_group,configuration,cross_domain,local credentials,.env,local credentials,generated_ignore,,generated,path_policy,10_outputs_ignore,git check-ignore; no force-add,secret local configuration
outputs/**,ignored_group,outputs,cross_domain,generated experiment outputs,outputs/**,generated experiment outputs,generated_ignore,,generated,path_policy,10_outputs_ignore,git check-ignore; no force-add,generated runtime output
data/raw/**,ignored_group,data,cross_domain,large raw datasets except tracked README files,data/<domain>/raw/**,large raw datasets except tracked README files,generated_ignore,,generated,path_policy,10_outputs_ignore,git check-ignore; no force-add,ignored domain raw data
data/processed/**,ignored_group,data,cross_domain,large processed datasets except tracked README files,data/<domain>/processed/**,large processed datasets except tracked README files,generated_ignore,,generated,path_policy,10_outputs_ignore,git check-ignore; no force-add,ignored domain processed data
data/provenance/**,ignored_group,provenance,cross_domain,generated provenance except selected tracked manifests,data/<domain>/provenance/**,generated provenance except selected tracked manifests,generated_ignore,,generated,path_policy,10_outputs_ignore,git check-ignore; no force-add,ignored detailed provenance
docs/repository_restructuring_specification.md,design_artefact,docs,documentation,approved restructuring specification,docs/repository_restructuring_specification.md,durable restructuring specification,retain,,active,low_link,01_or_11_repository,Markdown structure; links; design review,Created by this design task; no movement.
docs/repository_restructuring_path_map.csv,design_artefact,docs,documentation,complete file-level migration map,docs/repository_restructuring_path_map.csv,durable migration map,retain,,active,low_link,01_or_11_repository,CSV parse; tracked and intended coverage,Created by this design task; self-registering row.
docs/repository_restructuring_reference_inventory.csv,design_artefact,docs,documentation,current import and path-reference inventory,docs/repository_restructuring_reference_inventory.csv,durable reference inventory,retain,,active,low_link,01_or_11_repository,CSV parse; independent import and path scan,Created by this design task; no runtime reference changed.
