candidate_key,phase,parameter,canonical_parameter,simulator_field,estimate_value,distribution_reference,units,frequency,regime,collateral,uncertainty,sample_size,provenance_class,source_dataset,estimator,original_status,review_status,recommended_treatment,adoption_gate,original_candidate_sha256,source_registry,source_registry_sha256,notes
phase2a:000,2A,eth_hourly_mean,4.3.2,PriceProcessConfig.mu,2.0683874929400927e-05,,log_return_per_hour,hourly,all_calibration,ETH,"{""lower"": -7.002320764304304e-05, ""method"": ""moving_block_bootstrap_95pct"", ""replications"": 200, ""upper"": 0.0001188027944447265}",26543,empirical_estimation,Phase 1A processed market panel,Empirical moment,candidate_validated_for_review,provisional_sensitivity_required,Use 168 hours as the default candidate and 72–336 hours as sensitivity.,Confirm one simulation step equals one hour and validate withheld performance.,33eeff1f506e79477df3e4e7162f0f122aa1fea6e664bf861c0122fe3e533b49,data/processed/estimation/phase2a/phase2a_candidate_parameters.json,fae0583fd2dc8a477df49d5954c80c486a209f8d3df963d779e5fe289fa5972d,USDC remains a proxy for the model's STABLE collateral. | Runtime arguments are scalar/path inputs rather than a registry-backed stochastic sampler.
phase2a:001,2A,eth_hourly_std,4.3.3,PriceProcessConfig.sigma,0.006082614959678903,,log_return_per_sqrt_hour,hourly,all_calibration,ETH,"{""lower"": 0.005650130832775232, ""method"": ""moving_block_bootstrap_95pct"", ""replications"": 200, ""upper"": 0.006618243181681036}",26543,empirical_estimation,Phase 1A processed market panel,Empirical moment,candidate_validated_for_review,provisional_sensitivity_required,Use 168 hours as the default candidate and 72–336 hours as sensitivity.,Confirm one simulation step equals one hour and validate withheld performance.,d597576ebc56a886f7b35eabccaf8b893369975ccac3d6fd1fdb10e15937666f,data/processed/estimation/phase2a/phase2a_candidate_parameters.json,fae0583fd2dc8a477df49d5954c80c486a209f8d3df963d779e5fe289fa5972d,USDC remains a proxy for the model's STABLE collateral. | Runtime arguments are scalar/path inputs rather than a registry-backed stochastic sampler.
phase2a:002,2A,eth_aligned_empirical_return_blocks,4.3.1,price_path,,market/return_block_index.csv,source_row_indices,hourly,mixed,ETH,"{""candidate_block_length_hours"": 168}",26543,empirical_estimation,Phase 1A processed market panel,Aligned moving-block empirical resampling,candidate_validated_for_review,provisional_sensitivity_required,Use 168 hours as the default candidate and 72–336 hours as sensitivity.,Confirm one simulation step equals one hour and validate withheld performance.,8c49b74dd2bf03331d1658cef12ddb8d88dfcbaa845066722cc6786c08755408,data/processed/estimation/phase2a/phase2a_candidate_parameters.json,fae0583fd2dc8a477df49d5954c80c486a209f8d3df963d779e5fe289fa5972d,USDC remains a proxy for the model's STABLE collateral. | Runtime arguments are scalar/path inputs rather than a registry-backed stochastic sampler.
phase2a:003,2A,eth_hourly_lower_tail,4.3.7,shock_size,,market/return_distribution.csv,log_return,hourly,all_calibration,ETH,See moving-block-bootstrap quantile intervals.,26543,empirical_estimation,Phase 1A processed market panel,Empirical q01 and q05 tail distribution,candidate_validated_for_review,descriptive_only,Use only to bound transparent scenario choices.,User selects a labelled scenario quantile.,28113c29174e4a61f781b8fbe0a2dbf66b31cfed782585b5d79f12154e1c544f,data/processed/estimation/phase2a/phase2a_candidate_parameters.json,fae0583fd2dc8a477df49d5954c80c486a209f8d3df963d779e5fe289fa5972d,A selected deterministic severity remains a scenario choice. | Do not treat a historical minimum as an estimate. | A chosen shock remains an experimental design parameter.
phase2a:004,2A,wbtc_hourly_mean,4.3.2,PriceProcessConfig.mu,2.8097430039838248e-05,,log_return_per_hour,hourly,all_calibration,WBTC,"{""lower"": -5.518905237844368e-05, ""method"": ""moving_block_bootstrap_95pct"", ""replications"": 200, ""upper"": 0.00010995592088449305}",26543,empirical_estimation,Phase 1A processed market panel,Empirical moment,candidate_validated_for_review,provisional_sensitivity_required,Use 168 hours as the default candidate and 72–336 hours as sensitivity.,Confirm one simulation step equals one hour and validate withheld performance.,02385dfcfea30eac618c997db1fecbc5a89dbd8b2838acf1a1149ed2cc174026,data/processed/estimation/phase2a/phase2a_candidate_parameters.json,fae0583fd2dc8a477df49d5954c80c486a209f8d3df963d779e5fe289fa5972d,USDC remains a proxy for the model's STABLE collateral. | Runtime arguments are scalar/path inputs rather than a registry-backed stochastic sampler.
phase2a:005,2A,wbtc_hourly_std,4.3.3,PriceProcessConfig.sigma,0.0047429127302706054,,log_return_per_sqrt_hour,hourly,all_calibration,WBTC,"{""lower"": 0.004423154339260324, ""method"": ""moving_block_bootstrap_95pct"", ""replications"": 200, ""upper"": 0.005086337618791436}",26543,empirical_estimation,Phase 1A processed market panel,Empirical moment,candidate_validated_for_review,provisional_sensitivity_required,Use 168 hours as the default candidate and 72–336 hours as sensitivity.,Confirm one simulation step equals one hour and validate withheld performance.,eb4e1f8b17ad52a48e16b2025794cf7ea82757cd5bcf6d7f74707f245698dcef,data/processed/estimation/phase2a/phase2a_candidate_parameters.json,fae0583fd2dc8a477df49d5954c80c486a209f8d3df963d779e5fe289fa5972d,USDC remains a proxy for the model's STABLE collateral. | Runtime arguments are scalar/path inputs rather than a registry-backed stochastic sampler.
phase2a:006,2A,wbtc_aligned_empirical_return_blocks,4.3.1,price_path,,market/return_block_index.csv,source_row_indices,hourly,mixed,WBTC,"{""candidate_block_length_hours"": 168}",26543,empirical_estimation,Phase 1A processed market panel,Aligned moving-block empirical resampling,candidate_validated_for_review,provisional_sensitivity_required,Use 168 hours as the default candidate and 72–336 hours as sensitivity.,Confirm one simulation step equals one hour and validate withheld performance.,5e0f917be568d912c4a29fe2ed279e5c2751f49cfa32e45ed8308e301b0191d7,data/processed/estimation/phase2a/phase2a_candidate_parameters.json,fae0583fd2dc8a477df49d5954c80c486a209f8d3df963d779e5fe289fa5972d,USDC remains a proxy for the model's STABLE collateral. | Runtime arguments are scalar/path inputs rather than a registry-backed stochastic sampler.
phase2a:007,2A,wbtc_hourly_lower_tail,4.3.7,shock_size,,market/return_distribution.csv,log_return,hourly,all_calibration,WBTC,See moving-block-bootstrap quantile intervals.,26543,empirical_estimation,Phase 1A processed market panel,Empirical q01 and q05 tail distribution,candidate_validated_for_review,descriptive_only,Use only to bound transparent scenario choices.,User selects a labelled scenario quantile.,c453addc4e67e46c6e0789965673193dfae2d6ca59f06c6e5b7677a3c6356046,data/processed/estimation/phase2a/phase2a_candidate_parameters.json,fae0583fd2dc8a477df49d5954c80c486a209f8d3df963d779e5fe289fa5972d,A selected deterministic severity remains a scenario choice. | Do not treat a historical minimum as an estimate. | A chosen shock remains an experimental design parameter.
phase2a:008,2A,usdc_hourly_mean,4.3.2,PriceProcessConfig.mu,-9.961245747512497e-08,,log_return_per_hour,hourly,all_calibration,USDC,"{""lower"": -3.763833088654339e-06, ""method"": ""moving_block_bootstrap_95pct"", ""replications"": 200, ""upper"": 4.513705105149652e-06}",26543,empirical_estimation,Phase 1A processed market panel,Empirical moment,candidate_validated_for_review,provisional_sensitivity_required,Use 168 hours as the default candidate and 72–336 hours as sensitivity.,Confirm one simulation step equals one hour and validate withheld performance.,260679c4ba43e1f69df11d0682f208656d79a602da09ef52b8bfd749d1ccbe66,data/processed/estimation/phase2a/phase2a_candidate_parameters.json,fae0583fd2dc8a477df49d5954c80c486a209f8d3df963d779e5fe289fa5972d,USDC remains a proxy for the model's STABLE collateral. | Runtime arguments are scalar/path inputs rather than a registry-backed stochastic sampler.
phase2a:009,2A,usdc_hourly_std,4.3.3,PriceProcessConfig.sigma,0.0006672093036257861,,log_return_per_sqrt_hour,hourly,all_calibration,USDC,"{""lower"": 0.00047162649675026365, ""method"": ""moving_block_bootstrap_95pct"", ""replications"": 200, ""upper"": 0.0008699284360299629}",26543,empirical_estimation,Phase 1A processed market panel,Empirical moment,candidate_validated_for_review,provisional_sensitivity_required,Use 168 hours as the default candidate and 72–336 hours as sensitivity.,Confirm one simulation step equals one hour and validate withheld performance.,b5652a81d08c358c9c4491462049015a6b9b41a319bdff7f4adba15a3612c2a1,data/processed/estimation/phase2a/phase2a_candidate_parameters.json,fae0583fd2dc8a477df49d5954c80c486a209f8d3df963d779e5fe289fa5972d,USDC remains a proxy for the model's STABLE collateral. | Runtime arguments are scalar/path inputs rather than a registry-backed stochastic sampler.
phase2a:010,2A,usdc_aligned_empirical_return_blocks,4.3.1,price_path,,market/return_block_index.csv,source_row_indices,hourly,mixed,USDC,"{""candidate_block_length_hours"": 168}",26543,empirical_estimation,Phase 1A processed market panel,Aligned moving-block empirical resampling,candidate_validated_for_review,provisional_sensitivity_required,Use 168 hours as the default candidate and 72–336 hours as sensitivity.,Confirm one simulation step equals one hour and validate withheld performance.,801c7f4b178c1b0591ab8124717111a59c2e727b5d26b776e169218532c23621,data/processed/estimation/phase2a/phase2a_candidate_parameters.json,fae0583fd2dc8a477df49d5954c80c486a209f8d3df963d779e5fe289fa5972d,USDC remains a proxy for the model's STABLE collateral. | Runtime arguments are scalar/path inputs rather than a registry-backed stochastic sampler.
phase2a:011,2A,usdc_hourly_lower_tail,4.3.7,shock_size,,market/return_distribution.csv,log_return,hourly,all_calibration,USDC,See moving-block-bootstrap quantile intervals.,26543,empirical_estimation,Phase 1A processed market panel,Empirical q01 and q05 tail distribution,candidate_validated_for_review,descriptive_only,Use only to bound transparent scenario choices.,User selects a labelled scenario quantile.,12f6b12f129f8316d61212a93a8768a4626927c91338f62af04e5db8eb6a9f01,data/processed/estimation/phase2a/phase2a_candidate_parameters.json,fae0583fd2dc8a477df49d5954c80c486a209f8d3df963d779e5fe289fa5972d,A selected deterministic severity remains a scenario choice. | Do not treat a historical minimum as an estimate. | A chosen shock remains an experimental design parameter.
phase2a:012,2A,two_state_regime_rule,unmapped:two_state_regime_rule,market_regime,,regimes/hourly_regimes.csv,categorical_state,hourly,normal_or_stress,system,Threshold sensitivity retained for later review.,26544,empirical_estimation,Phase 1A–1C hourly panels,At least two of six calibration-quantile conditions,candidate_validated_for_review,descriptive_only,Retain for stratification and later regime-sampler design.,Mechanics change would require separate authorisation.,ab503ce153e66b2320ba97519d495cef2f817f75266dd96b14d3e110e75c2085,data/processed/estimation/phase2a/phase2a_candidate_parameters.json,fae0583fd2dc8a477df49d5954c80c486a209f8d3df963d779e5fe289fa5972d,Baseline is interpretable but remains sensitivity-dependent. | The current ABM has no exogenous market-regime state.
phase2a:013,2A,dai_normal_lower_candidate,4.5.1,ConfidenceConfig.normal_lower_price,0.9992875291666665,,USD_per_DAI,hourly,calibration,DAI,Nearby-threshold sensitivity required.,26544,empirical_estimation,Phase 1A processed market panel,Registered empirical quantile,candidate_validated_for_review,provisional_sensitivity_required,Review jointly to preserve threshold ordering.,Later model-output calibration and FTX-independent validation.,72db34122d8a1c3a393804204030013908a74978f68f20b9b04b74c75c4817b1,data/processed/estimation/phase2a/phase2a_candidate_parameters.json,fae0583fd2dc8a477df49d5954c80c486a209f8d3df963d779e5fe289fa5972d,"Candidate is a price boundary, not an observed belief parameter. | Observed peg quantiles do not directly identify behavioural confidence."
phase2a:014,2A,dai_normal_upper_candidate,4.5.2,ConfidenceConfig.normal_upper_price,1.0030259083333335,,USD_per_DAI,hourly,calibration,DAI,Nearby-threshold sensitivity required.,26544,empirical_estimation,Phase 1A processed market panel,Registered empirical quantile,candidate_validated_for_review,provisional_sensitivity_required,Review jointly to preserve threshold ordering.,Later model-output calibration and FTX-independent validation.,2446d5fd9f9b40365f8343149cd2904900ee48678ac2054668512fb552edf0e4,data/processed/estimation/phase2a/phase2a_candidate_parameters.json,fae0583fd2dc8a477df49d5954c80c486a209f8d3df963d779e5fe289fa5972d,"Candidate is a price boundary, not an observed belief parameter. | Observed peg quantiles do not directly identify behavioural confidence."
phase2a:015,2A,dai_stress_lower_candidate,4.5.3,ConfidenceConfig.stress_lower_price,0.9967380166666668,,USD_per_DAI,hourly,calibration,DAI,Nearby-threshold sensitivity required.,26544,empirical_estimation,Phase 1A processed market panel,Registered empirical quantile,candidate_validated_for_review,provisional_sensitivity_required,Review jointly to preserve threshold ordering.,Later model-output calibration and FTX-independent validation.,c6880d0c6d892ae13c7336111caf8053cd162a9ef709c745a833e9b56a57c333,data/processed/estimation/phase2a/phase2a_candidate_parameters.json,fae0583fd2dc8a477df49d5954c80c486a209f8d3df963d779e5fe289fa5972d,"Candidate is a price boundary, not an observed belief parameter. | Observed peg quantiles do not directly identify behavioural confidence."
phase2a:016,2A,empirical_median_effective_gas_price_gwei,unmapped:empirical_median_effective_gas_price_gwei,gas_environment.median_effective_gas_price_gwei,,gas/gas_distribution.csv,gwei,hourly,normal_and_stress,Ethereum network,Empirical q01–q99 range; no parametric fit adopted.,26544,empirical_estimation,Phase 1B processed gas panel,Regime-conditional empirical distribution,candidate_validated_for_review,descriptive_only,Use for diagnostics and for a later gas sampler if authorised.,Separate sampling-interface design.,3f090a173ce74e585da4b36e3330d6123fdbfce460bedf41a303385f44c77c5f,data/processed/estimation/phase2a/phase2a_candidate_parameters.json,fae0583fd2dc8a477df49d5954c80c486a209f8d3df963d779e5fe289fa5972d,Gas environment candidate only; it is not a substitute for liquidation-specific gas units. | Gas price remains distinct from gas units and USD cost. | No current gas-environment field exists.
phase2a:017,2A,empirical_p90_effective_gas_price_gwei,unmapped:empirical_p90_effective_gas_price_gwei,gas_environment.p90_effective_gas_price_gwei,,gas/gas_distribution.csv,gwei,hourly,normal_and_stress,Ethereum network,Empirical q01–q99 range; no parametric fit adopted.,26544,empirical_estimation,Phase 1B processed gas panel,Regime-conditional empirical distribution,candidate_validated_for_review,descriptive_only,Use for diagnostics and for a later gas sampler if authorised.,Separate sampling-interface design.,de98ed2c862b2a9804f3c0951e26d956728ed9271563c9978887c83d2966e582,data/processed/estimation/phase2a/phase2a_candidate_parameters.json,fae0583fd2dc8a477df49d5954c80c486a209f8d3df963d779e5fe289fa5972d,Gas environment candidate only; it is not a substitute for liquidation-specific gas units. | Gas price remains distinct from gas units and USD cost. | No current gas-environment field exists.
phase2a:018,2A,empirical_p99_effective_gas_price_gwei,unmapped:empirical_p99_effective_gas_price_gwei,gas_environment.p99_effective_gas_price_gwei,,gas/gas_distribution.csv,gwei,hourly,normal_and_stress,Ethereum network,Empirical q01–q99 range; no parametric fit adopted.,26544,empirical_estimation,Phase 1B processed gas panel,Regime-conditional empirical distribution,candidate_validated_for_review,descriptive_only,Use for diagnostics and for a later gas sampler if authorised.,Separate sampling-interface design.,86b09a5642dacf32e6662be77f0dcf0679df841ba3a9c9420c4d8010771a31f9,data/processed/estimation/phase2a/phase2a_candidate_parameters.json,fae0583fd2dc8a477df49d5954c80c486a209f8d3df963d779e5fe289fa5972d,Gas environment candidate only; it is not a substitute for liquidation-specific gas units. | Gas price remains distinct from gas units and USD cost. | No current gas-environment field exists.
phase2a:019,2A,empirical_median_base_fee_gwei,unmapped:empirical_median_base_fee_gwei,gas_environment.median_base_fee_gwei,,gas/gas_distribution.csv,gwei,hourly,normal_and_stress,Ethereum network,Empirical q01–q99 range; no parametric fit adopted.,24972,empirical_estimation,Phase 1B processed gas panel,Regime-conditional empirical distribution,candidate_validated_for_review,descriptive_only,Use for diagnostics and for a later gas sampler if authorised.,Separate sampling-interface design.,71b3ea3bd88c0402728e8e25cdaf687fe299b20ca88d332ca2d746111edfa5b3,data/processed/estimation/phase2a/phase2a_candidate_parameters.json,fae0583fd2dc8a477df49d5954c80c486a209f8d3df963d779e5fe289fa5972d,Gas environment candidate only; it is not a substitute for liquidation-specific gas units. | Gas price remains distinct from gas units and USD cost. | No current gas-environment field exists.
phase2a:020,2A,empirical_median_priority_fee_gwei,unmapped:empirical_median_priority_fee_gwei,gas_environment.median_priority_fee_gwei,,gas/gas_distribution.csv,gwei,hourly,normal_and_stress,Ethereum network,Empirical q01–q99 range; no parametric fit adopted.,24972,empirical_estimation,Phase 1B processed gas panel,Regime-conditional empirical distribution,candidate_validated_for_review,descriptive_only,Use for diagnostics and for a later gas sampler if authorised.,Separate sampling-interface design.,bbf504884a60008c775c0f2f6acdb8c37dd4b98b47a960da069140bf89bfbf9e,data/processed/estimation/phase2a/phase2a_candidate_parameters.json,fae0583fd2dc8a477df49d5954c80c486a209f8d3df963d779e5fe289fa5972d,Gas environment candidate only; it is not a substitute for liquidation-specific gas units. | Gas price remains distinct from gas units and USD cost. | No current gas-environment field exists.
phase2a:021,2A,empirical_failed_transaction_share,unmapped:empirical_failed_transaction_share,gas_environment.failed_transaction_share,,gas/gas_distribution.csv,fraction,hourly,normal_and_stress,Ethereum network,Empirical q01–q99 range; no parametric fit adopted.,26544,empirical_estimation,Phase 1B processed gas panel,Regime-conditional empirical distribution,candidate_validated_for_review,descriptive_only,Use for diagnostics and for a later gas sampler if authorised.,Separate sampling-interface design.,b7b09ca5480b6134145e22dfe3a83eeb09f92b5c7a50ff79e3b11c55921ee7a3,data/processed/estimation/phase2a/phase2a_candidate_parameters.json,fae0583fd2dc8a477df49d5954c80c486a209f8d3df963d779e5fe289fa5972d,Gas environment candidate only; it is not a substitute for liquidation-specific gas units. | Gas price remains distinct from gas units and USD cost. | No current gas-environment field exists.
phase2a:022,2A,empirical_target_normalised_block_utilisation,unmapped:empirical_target_normalised_block_utilisation,gas_environment.target_normalised_block_utilisation,,gas/gas_distribution.csv,target_multiple,hourly,normal_and_stress,Ethereum network,Empirical q01–q99 range; no parametric fit adopted.,26544,empirical_estimation,Phase 1B processed gas panel,Regime-conditional empirical distribution,candidate_validated_for_review,descriptive_only,Use for diagnostics and for a later gas sampler if authorised.,Separate sampling-interface design.,ce0263185719eb6fdc294b023018921abf8b23d0a4554268772689c7b7722d73,data/processed/estimation/phase2a/phase2a_candidate_parameters.json,fae0583fd2dc8a477df49d5954c80c486a209f8d3df963d779e5fe289fa5972d,Gas environment candidate only; it is not a substitute for liquidation-specific gas units. | Gas price remains distinct from gas units and USD cost. | No current gas-environment field exists.
phase2a:023,2A,aligned_hourly_gas_market_blocks,unmapped:aligned_hourly_gas_market_blocks,gas_environment.empirical_sampling,,gas/gas_sampling_index.csv,source_hour_indices,hourly,mixed,system,"{""candidate_block_length_hours"": 168}",26543,empirical_estimation,Phase 1B joined market–gas panel,Aligned empirical block-sampling representation,candidate_validated_for_review,blocked_by_model_mapping,Retain the source-row index for a later sampler.,Authorised regime-dependent gas-sampling mechanics.,1c12d5ce7f4ce1c394c0f62e4b3242d77ca5fc7ca94ad52dc2ea6f8a9a4a31f9,data/processed/estimation/phase2a/phase2a_candidate_parameters.json,fae0583fd2dc8a477df49d5954c80c486a209f8d3df963d779e5fe289fa5972d,Cannot be inserted into YAML as a scalar. | Current liquidation mechanics use one fixed USD gas cost.
phase2a:024,2A,hourly_liquidation_arrival_distribution,unmapped:hourly_liquidation_arrival_distribution,liquidation.arrival_process,,liquidations/liquidation_count_models.csv,auctions_per_hour,hourly,normal_and_stress,exact_ilk_and_system,"Zero frequency, dispersion and AIC diagnostics retained.",26543,empirical_estimation,Phase 1C hourly liquidation panel,Empirical distribution with Poisson and negative-binomial benchmarks,candidate_validated_for_review,blocked_by_model_mapping,Use the decomposition if a stochastic arrival mechanism is later authorised.,Clarify whether the hurdle model is diagnostic or a mechanics extension.,d07fefc03694d32d311a99705320a8d661cdc5e7eff2d5838aa45a339d649950,data/processed/estimation/phase2a/phase2a_candidate_parameters.json,fae0583fd2dc8a477df49d5954c80c486a209f8d3df963d779e5fe289fa5972d,"The empirical zero-heavy representation remains primary; the count benchmarks are not automatically adopted. | The unconditional hourly q90 of volume remains zero. | Current liquidations are endogenous vault states, not an exogenous arrival process."
phase2a:025,2A,observed_auction_duration_distribution,unmapped:observed_auction_duration_distribution,liquidation.auction_duration,,liquidations/auction_distribution.csv,seconds,auction,normal_and_stress,ETH-A/B/C and WBTC-A/B/C,Empirical collateral- and regime-specific quantiles.,1132,empirical_estimation,Phase 1C auction summary,Empirical observed-duration distribution,candidate_validated_for_review,descriptive_only,Use to validate delay/capacity assumptions.,No direct adoption; mechanics change would be separate.,de2cd863b34524a158eb74e3685646ea0b7bc578c73a537098fbe102f1518ccc,data/processed/estimation/phase2a/phase2a_candidate_parameters.json,fae0583fd2dc8a477df49d5954c80c486a209f8d3df963d779e5fe289fa5972d,Open or unresolved lifecycles remain explicitly classified. | Observed diagnostic duration is not a settlement guarantee. | The simplified ABM has no explicit auction-duration state.
phase2a:026,2A,clean_take_transaction_gas_cost_usd,4.4.3,LiquidationConfig.gas_cost,,liquidations/liquidation_transaction_gas.csv,USD_per_top_level_transaction,transaction,calibration,ETH-A/B/C and WBTC-A/B/C,Transaction-level empirical quantiles; adoption requires review.,1287,empirical_estimation,Phase 1C transaction bridge joined to Phase 1A,Empirical clean single-Take/single-auction distribution,candidate_validated_for_review,provisional_sensitivity_required,Exclude or mark the four indeterminate zeros missing for primary estimation; retain-all as sensitivity.,Choose a documented scalar reduction and complete sensitivity review.,37b698cb42aa33ec5a441f4b4e12d5efef6ec6fd30c03308b62cc36f18e67502,data/processed/estimation/phase2a/phase2a_candidate_parameters.json,fae0583fd2dc8a477df49d5954c80c486a209f8d3df963d779e5fe289fa5972d,"Top-level transaction cost; gas units, gas price and USD cost remain separate. | Never replace the four zeros with the hourly median. | The model accepts one scalar while costs vary by transaction and regime."
phase2a:027,2A,observed_hourly_completion_capacity,4.4.6,LiquidationConfig.max_liquidations_per_step,,liquidations/hourly_liquidation_summary.csv,completed_auctions_per_hour,hourly,calibration,shared_system_capacity,Empirical q90/q95/q99; fixed cap remains reduced-form.,26544,empirical_estimation,Phase 1C hourly liquidation panel,Empirical throughput distribution,candidate_validated_for_review,provisional_sensitivity_required,Choose a labelled upper quantile after separating arrival from capacity.,Use active-hour throughput and Phase 1E-B exposure evidence.,0f4c9583586b2baf34f9ce02399f86a1e990d1f0e4207523fe746aa63aef713a,data/processed/estimation/phase2a/phase2a_candidate_parameters.json,fae0583fd2dc8a477df49d5954c80c486a209f8d3df963d779e5fe289fa5972d,"Observed maximum is a stress diagnostic, not automatically a capacity estimate. | Unconditional quantiles are zero and do not identify capacity."
phase2a:028,2A,ETH-A_liquidation_ratio_effective_history,4.4.1,CollateralConfig.liquidation_ratio,,protocol/protocol_parameter_summary.csv,ratio,effective_dated_hourly,historical_replay,ETH-A,Deterministic on-chain setting; no sampling interval.,27024,protocol_constant,Phase 1D hourly protocol panel,Direct effective-state extraction,candidate_validated_for_review,ready_for_later_adoption,Select the value effective at the replay or scenario baseline timestamp.,Choose and document the replay/baseline timestamp.,44a1a7dfcfb8e3314eca61321bbc88c5d0f55e8e72108c98aec2cdcb83f682db,data/processed/estimation/phase2a/phase2a_candidate_parameters.json,fae0583fd2dc8a477df49d5954c80c486a209f8d3df963d779e5fe289fa5972d,Time variation and exact-ilk identity are retained; no pooled governance average is adopted. | Never replace the effective history with an unlabelled average. | The current ABM cannot vary the setting within a run.
phase2a:029,2A,ETH-B_liquidation_ratio_effective_history,4.4.1,CollateralConfig.liquidation_ratio,,protocol/protocol_parameter_summary.csv,ratio,effective_dated_hourly,historical_replay,ETH-B,Deterministic on-chain setting; no sampling interval.,27024,protocol_constant,Phase 1D hourly protocol panel,Direct effective-state extraction,candidate_validated_for_review,ready_for_later_adoption,Select the value effective at the replay or scenario baseline timestamp.,Choose and document the replay/baseline timestamp.,27e664a04b0330e58f6173dac42c32719c92c0a4a9a65eb329cba4fa926aa993,data/processed/estimation/phase2a/phase2a_candidate_parameters.json,fae0583fd2dc8a477df49d5954c80c486a209f8d3df963d779e5fe289fa5972d,Time variation and exact-ilk identity are retained; no pooled governance average is adopted. | Never replace the effective history with an unlabelled average. | The current ABM cannot vary the setting within a run.
phase2a:030,2A,ETH-C_liquidation_ratio_effective_history,4.4.1,CollateralConfig.liquidation_ratio,,protocol/protocol_parameter_summary.csv,ratio,effective_dated_hourly,historical_replay,ETH-C,Deterministic on-chain setting; no sampling interval.,27024,protocol_constant,Phase 1D hourly protocol panel,Direct effective-state extraction,candidate_validated_for_review,ready_for_later_adoption,Select the value effective at the replay or scenario baseline timestamp.,Choose and document the replay/baseline timestamp.,f51cb360e7281c1540b5af980872656a549806a60deb64f15e4fab88561f9a11,data/processed/estimation/phase2a/phase2a_candidate_parameters.json,fae0583fd2dc8a477df49d5954c80c486a209f8d3df963d779e5fe289fa5972d,Time variation and exact-ilk identity are retained; no pooled governance average is adopted. | Never replace the effective history with an unlabelled average. | The current ABM cannot vary the setting within a run.
phase2a:031,2A,WBTC-A_liquidation_ratio_effective_history,4.4.1,CollateralConfig.liquidation_ratio,,protocol/protocol_parameter_summary.csv,ratio,effective_dated_hourly,historical_replay,WBTC-A,Deterministic on-chain setting; no sampling interval.,27024,protocol_constant,Phase 1D hourly protocol panel,Direct effective-state extraction,candidate_validated_for_review,ready_for_later_adoption,Select the value effective at the replay or scenario baseline timestamp.,Choose and document the replay/baseline timestamp.,846f25e417bba572c544f6582768dc6f2ba3694fe3699c0538d625f20b6297f5,data/processed/estimation/phase2a/phase2a_candidate_parameters.json,fae0583fd2dc8a477df49d5954c80c486a209f8d3df963d779e5fe289fa5972d,Time variation and exact-ilk identity are retained; no pooled governance average is adopted. | Never replace the effective history with an unlabelled average. | The current ABM cannot vary the setting within a run.
phase2a:032,2A,WBTC-B_liquidation_ratio_effective_history,4.4.1,CollateralConfig.liquidation_ratio,,protocol/protocol_parameter_summary.csv,ratio,effective_dated_hourly,historical_replay,WBTC-B,Deterministic on-chain setting; no sampling interval.,22833,protocol_constant,Phase 1D hourly protocol panel,Direct effective-state extraction,candidate_validated_for_review,ready_for_later_adoption,Select the value effective at the replay or scenario baseline timestamp.,Choose and document the replay/baseline timestamp.,6ee3817a8e4e6a196a664425eedad22942c918eb5ee57ce9518169f7e507c0d3,data/processed/estimation/phase2a/phase2a_candidate_parameters.json,fae0583fd2dc8a477df49d5954c80c486a209f8d3df963d779e5fe289fa5972d,Time variation and exact-ilk identity are retained; no pooled governance average is adopted. | Never replace the effective history with an unlabelled average. | The current ABM cannot vary the setting within a run.
phase2a:033,2A,WBTC-C_liquidation_ratio_effective_history,4.4.1,CollateralConfig.liquidation_ratio,,protocol/protocol_parameter_summary.csv,ratio,effective_dated_hourly,historical_replay,WBTC-C,Deterministic on-chain setting; no sampling interval.,22665,protocol_constant,Phase 1D hourly protocol panel,Direct effective-state extraction,candidate_validated_for_review,ready_for_later_adoption,Select the value effective at the replay or scenario baseline timestamp.,Choose and document the replay/baseline timestamp.,21850d3224cd2c37984354a4b89dd8771d42f7eb802a4dde62e310df646d6b8c,data/processed/estimation/phase2a/phase2a_candidate_parameters.json,fae0583fd2dc8a477df49d5954c80c486a209f8d3df963d779e5fe289fa5972d,Time variation and exact-ilk identity are retained; no pooled governance average is adopted. | Never replace the effective history with an unlabelled average. | The current ABM cannot vary the setting within a run.
phase2a:034,2A,ETH-A_liquidation_penalty_rate_effective_history,4.4.2,CollateralConfig.liquidation_penalty,,protocol/protocol_parameter_summary.csv,fraction_of_debt,effective_dated_hourly,historical_replay,ETH-A,Deterministic on-chain setting; no sampling interval.,27024,protocol_constant,Phase 1D hourly protocol panel,Direct effective-state extraction,candidate_validated_for_review,ready_for_later_adoption,Select the value effective at the replay or scenario baseline timestamp.,Choose and document the replay/baseline timestamp.,b2297a1f63c5dc02d89b0c2d486bbf997d7c76a179718d244c90db018b3aeab5,data/processed/estimation/phase2a/phase2a_candidate_parameters.json,fae0583fd2dc8a477df49d5954c80c486a209f8d3df963d779e5fe289fa5972d,Time variation and exact-ilk identity are retained; no pooled governance average is adopted. | Never replace the effective history with an unlabelled average. | The current ABM cannot vary the setting within a run.
phase2a:035,2A,ETH-B_liquidation_penalty_rate_effective_history,4.4.2,CollateralConfig.liquidation_penalty,,protocol/protocol_parameter_summary.csv,fraction_of_debt,effective_dated_hourly,historical_replay,ETH-B,Deterministic on-chain setting; no sampling interval.,27024,protocol_constant,Phase 1D hourly protocol panel,Direct effective-state extraction,candidate_validated_for_review,ready_for_later_adoption,Select the value effective at the replay or scenario baseline timestamp.,Choose and document the replay/baseline timestamp.,e78093c3e5c9697c8f2040366fd166608a4a7a4ddd6bfcc447ca809c311e595f,data/processed/estimation/phase2a/phase2a_candidate_parameters.json,fae0583fd2dc8a477df49d5954c80c486a209f8d3df963d779e5fe289fa5972d,Time variation and exact-ilk identity are retained; no pooled governance average is adopted. | Never replace the effective history with an unlabelled average. | The current ABM cannot vary the setting within a run.
phase2a:036,2A,ETH-C_liquidation_penalty_rate_effective_history,4.4.2,CollateralConfig.liquidation_penalty,,protocol/protocol_parameter_summary.csv,fraction_of_debt,effective_dated_hourly,historical_replay,ETH-C,Deterministic on-chain setting; no sampling interval.,27024,protocol_constant,Phase 1D hourly protocol panel,Direct effective-state extraction,candidate_validated_for_review,ready_for_later_adoption,Select the value effective at the replay or scenario baseline timestamp.,Choose and document the replay/baseline timestamp.,a054e4dbee2fc93384619fa0ae27e6787ab449c8304272817f613e89065fdc74,data/processed/estimation/phase2a/phase2a_candidate_parameters.json,fae0583fd2dc8a477df49d5954c80c486a209f8d3df963d779e5fe289fa5972d,Time variation and exact-ilk identity are retained; no pooled governance average is adopted. | Never replace the effective history with an unlabelled average. | The current ABM cannot vary the setting within a run.
phase2a:037,2A,WBTC-A_liquidation_penalty_rate_effective_history,4.4.2,CollateralConfig.liquidation_penalty,,protocol/protocol_parameter_summary.csv,fraction_of_debt,effective_dated_hourly,historical_replay,WBTC-A,Deterministic on-chain setting; no sampling interval.,27024,protocol_constant,Phase 1D hourly protocol panel,Direct effective-state extraction,candidate_validated_for_review,ready_for_later_adoption,Select the value effective at the replay or scenario baseline timestamp.,Choose and document the replay/baseline timestamp.,bec623fbfb58a798daf788ef637245d761b514ad0f9197e6931482e670d7f18f,data/processed/estimation/phase2a/phase2a_candidate_parameters.json,fae0583fd2dc8a477df49d5954c80c486a209f8d3df963d779e5fe289fa5972d,Time variation and exact-ilk identity are retained; no pooled governance average is adopted. | Never replace the effective history with an unlabelled average. | The current ABM cannot vary the setting within a run.
phase2a:038,2A,WBTC-B_liquidation_penalty_rate_effective_history,4.4.2,CollateralConfig.liquidation_penalty,,protocol/protocol_parameter_summary.csv,fraction_of_debt,effective_dated_hourly,historical_replay,WBTC-B,Deterministic on-chain setting; no sampling interval.,22833,protocol_constant,Phase 1D hourly protocol panel,Direct effective-state extraction,candidate_validated_for_review,ready_for_later_adoption,Select the value effective at the replay or scenario baseline timestamp.,Choose and document the replay/baseline timestamp.,7bc3ffcf4220adf0a14e4780759afb0f75504a94c9b52daef60bbcf69a65eb64,data/processed/estimation/phase2a/phase2a_candidate_parameters.json,fae0583fd2dc8a477df49d5954c80c486a209f8d3df963d779e5fe289fa5972d,Time variation and exact-ilk identity are retained; no pooled governance average is adopted. | Never replace the effective history with an unlabelled average. | The current ABM cannot vary the setting within a run.
phase2a:039,2A,WBTC-C_liquidation_penalty_rate_effective_history,4.4.2,CollateralConfig.liquidation_penalty,,protocol/protocol_parameter_summary.csv,fraction_of_debt,effective_dated_hourly,historical_replay,WBTC-C,Deterministic on-chain setting; no sampling interval.,22665,protocol_constant,Phase 1D hourly protocol panel,Direct effective-state extraction,candidate_validated_for_review,ready_for_later_adoption,Select the value effective at the replay or scenario baseline timestamp.,Choose and document the replay/baseline timestamp.,4761490adac168e447b3fb53c2bbe89aa1278ebb8b17851f8c25a7435369675f,data/processed/estimation/phase2a/phase2a_candidate_parameters.json,fae0583fd2dc8a477df49d5954c80c486a209f8d3df963d779e5fe289fa5972d,Time variation and exact-ilk identity are retained; no pooled governance average is adopted. | Never replace the effective history with an unlabelled average. | The current ABM cannot vary the setting within a run.
phase2a:040,2A,ETH-A_debt_ceiling_dai_effective_history,unmapped:ETH-A_debt_ceiling_dai_effective_history,protocol.debt_ceiling,,protocol/protocol_parameter_summary.csv,DAI,effective_dated_hourly,historical_replay,ETH-A,Deterministic on-chain setting; no sampling interval.,27024,protocol_constant,Phase 1D hourly protocol panel,Direct effective-state extraction,candidate_validated_for_review,blocked_by_model_mapping,"Retain for provenance, historical context and possible later mechanics.",Separate authorisation for a model-mechanics change.,5738e1b180c45d99db1836f54491fab06c93ba446d5b9284885b8039f1596ba7,data/processed/estimation/phase2a/phase2a_candidate_parameters.json,fae0583fd2dc8a477df49d5954c80c486a209f8d3df963d779e5fe289fa5972d,"Time variation and exact-ilk identity are retained; no pooled governance average is adopted. | Credible protocol evidence, but not currently adoptable configuration. | No current simulator field or mechanism consumes this setting."
phase2a:041,2A,ETH-B_debt_ceiling_dai_effective_history,unmapped:ETH-B_debt_ceiling_dai_effective_history,protocol.debt_ceiling,,protocol/protocol_parameter_summary.csv,DAI,effective_dated_hourly,historical_replay,ETH-B,Deterministic on-chain setting; no sampling interval.,27024,protocol_constant,Phase 1D hourly protocol panel,Direct effective-state extraction,candidate_validated_for_review,blocked_by_model_mapping,"Retain for provenance, historical context and possible later mechanics.",Separate authorisation for a model-mechanics change.,856359ea68ebada46ba45172a93dcd997807434a044d28640cb6c174c7039250,data/processed/estimation/phase2a/phase2a_candidate_parameters.json,fae0583fd2dc8a477df49d5954c80c486a209f8d3df963d779e5fe289fa5972d,"Time variation and exact-ilk identity are retained; no pooled governance average is adopted. | Credible protocol evidence, but not currently adoptable configuration. | No current simulator field or mechanism consumes this setting."
phase2a:042,2A,ETH-C_debt_ceiling_dai_effective_history,unmapped:ETH-C_debt_ceiling_dai_effective_history,protocol.debt_ceiling,,protocol/protocol_parameter_summary.csv,DAI,effective_dated_hourly,historical_replay,ETH-C,Deterministic on-chain setting; no sampling interval.,27024,protocol_constant,Phase 1D hourly protocol panel,Direct effective-state extraction,candidate_validated_for_review,blocked_by_model_mapping,"Retain for provenance, historical context and possible later mechanics.",Separate authorisation for a model-mechanics change.,4b5b7f3812105a41e3d947731be04c1befb5a6a2cefb1c4642a31727582ba8e2,data/processed/estimation/phase2a/phase2a_candidate_parameters.json,fae0583fd2dc8a477df49d5954c80c486a209f8d3df963d779e5fe289fa5972d,"Time variation and exact-ilk identity are retained; no pooled governance average is adopted. | Credible protocol evidence, but not currently adoptable configuration. | No current simulator field or mechanism consumes this setting."
phase2a:043,2A,WBTC-A_debt_ceiling_dai_effective_history,unmapped:WBTC-A_debt_ceiling_dai_effective_history,protocol.debt_ceiling,,protocol/protocol_parameter_summary.csv,DAI,effective_dated_hourly,historical_replay,WBTC-A,Deterministic on-chain setting; no sampling interval.,27024,protocol_constant,Phase 1D hourly protocol panel,Direct effective-state extraction,candidate_validated_for_review,blocked_by_model_mapping,"Retain for provenance, historical context and possible later mechanics.",Separate authorisation for a model-mechanics change.,b4ab46d898b14bab2504afadc1cbe3174f8a0cc38003ebeee62a90f9f034d8e9,data/processed/estimation/phase2a/phase2a_candidate_parameters.json,fae0583fd2dc8a477df49d5954c80c486a209f8d3df963d779e5fe289fa5972d,"Time variation and exact-ilk identity are retained; no pooled governance average is adopted. | Credible protocol evidence, but not currently adoptable configuration. | No current simulator field or mechanism consumes this setting."
phase2a:044,2A,WBTC-B_debt_ceiling_dai_effective_history,unmapped:WBTC-B_debt_ceiling_dai_effective_history,protocol.debt_ceiling,,protocol/protocol_parameter_summary.csv,DAI,effective_dated_hourly,historical_replay,WBTC-B,Deterministic on-chain setting; no sampling interval.,22833,protocol_constant,Phase 1D hourly protocol panel,Direct effective-state extraction,candidate_validated_for_review,blocked_by_model_mapping,"Retain for provenance, historical context and possible later mechanics.",Separate authorisation for a model-mechanics change.,080123ff9e12de790342df9a97bf3244160553f9b0e29ce8b57a86ff22df9e74,data/processed/estimation/phase2a/phase2a_candidate_parameters.json,fae0583fd2dc8a477df49d5954c80c486a209f8d3df963d779e5fe289fa5972d,"Time variation and exact-ilk identity are retained; no pooled governance average is adopted. | Credible protocol evidence, but not currently adoptable configuration. | No current simulator field or mechanism consumes this setting."
phase2a:045,2A,WBTC-C_debt_ceiling_dai_effective_history,unmapped:WBTC-C_debt_ceiling_dai_effective_history,protocol.debt_ceiling,,protocol/protocol_parameter_summary.csv,DAI,effective_dated_hourly,historical_replay,WBTC-C,Deterministic on-chain setting; no sampling interval.,22665,protocol_constant,Phase 1D hourly protocol panel,Direct effective-state extraction,candidate_validated_for_review,blocked_by_model_mapping,"Retain for provenance, historical context and possible later mechanics.",Separate authorisation for a model-mechanics change.,ffc02a16577969c6b5024c623424b42fbdf3cca6d7a615306adb09808db29239,data/processed/estimation/phase2a/phase2a_candidate_parameters.json,fae0583fd2dc8a477df49d5954c80c486a209f8d3df963d779e5fe289fa5972d,"Time variation and exact-ilk identity are retained; no pooled governance average is adopted. | Credible protocol evidence, but not currently adoptable configuration. | No current simulator field or mechanism consumes this setting."
phase2a:046,2A,ETH-A_minimum_debt_dai_effective_history,unmapped:ETH-A_minimum_debt_dai_effective_history,protocol.minimum_debt,,protocol/protocol_parameter_summary.csv,DAI,effective_dated_hourly,historical_replay,ETH-A,Deterministic on-chain setting; no sampling interval.,27024,protocol_constant,Phase 1D hourly protocol panel,Direct effective-state extraction,candidate_validated_for_review,blocked_by_model_mapping,"Retain for provenance, historical context and possible later mechanics.",Separate authorisation for a model-mechanics change.,38357c09be95c521f08b6a184d5ce14a36e73f9297c236cd26c57ca707147531,data/processed/estimation/phase2a/phase2a_candidate_parameters.json,fae0583fd2dc8a477df49d5954c80c486a209f8d3df963d779e5fe289fa5972d,"Time variation and exact-ilk identity are retained; no pooled governance average is adopted. | Credible protocol evidence, but not currently adoptable configuration. | No current simulator field or mechanism consumes this setting."
phase2a:047,2A,ETH-B_minimum_debt_dai_effective_history,unmapped:ETH-B_minimum_debt_dai_effective_history,protocol.minimum_debt,,protocol/protocol_parameter_summary.csv,DAI,effective_dated_hourly,historical_replay,ETH-B,Deterministic on-chain setting; no sampling interval.,27024,protocol_constant,Phase 1D hourly protocol panel,Direct effective-state extraction,candidate_validated_for_review,blocked_by_model_mapping,"Retain for provenance, historical context and possible later mechanics.",Separate authorisation for a model-mechanics change.,429074ea941ac0d03c75330534fdedf6eac64a5b1f9e76adb45dba732ebb6400,data/processed/estimation/phase2a/phase2a_candidate_parameters.json,fae0583fd2dc8a477df49d5954c80c486a209f8d3df963d779e5fe289fa5972d,"Time variation and exact-ilk identity are retained; no pooled governance average is adopted. | Credible protocol evidence, but not currently adoptable configuration. | No current simulator field or mechanism consumes this setting."
phase2a:048,2A,ETH-C_minimum_debt_dai_effective_history,unmapped:ETH-C_minimum_debt_dai_effective_history,protocol.minimum_debt,,protocol/protocol_parameter_summary.csv,DAI,effective_dated_hourly,historical_replay,ETH-C,Deterministic on-chain setting; no sampling interval.,27024,protocol_constant,Phase 1D hourly protocol panel,Direct effective-state extraction,candidate_validated_for_review,blocked_by_model_mapping,"Retain for provenance, historical context and possible later mechanics.",Separate authorisation for a model-mechanics change.,14982e70db0043eb2a5f934a0c45654c3517e2f8ae845c7b0b8bcadea11ebb88,data/processed/estimation/phase2a/phase2a_candidate_parameters.json,fae0583fd2dc8a477df49d5954c80c486a209f8d3df963d779e5fe289fa5972d,"Time variation and exact-ilk identity are retained; no pooled governance average is adopted. | Credible protocol evidence, but not currently adoptable configuration. | No current simulator field or mechanism consumes this setting."
phase2a:049,2A,WBTC-A_minimum_debt_dai_effective_history,unmapped:WBTC-A_minimum_debt_dai_effective_history,protocol.minimum_debt,,protocol/protocol_parameter_summary.csv,DAI,effective_dated_hourly,historical_replay,WBTC-A,Deterministic on-chain setting; no sampling interval.,27024,protocol_constant,Phase 1D hourly protocol panel,Direct effective-state extraction,candidate_validated_for_review,blocked_by_model_mapping,"Retain for provenance, historical context and possible later mechanics.",Separate authorisation for a model-mechanics change.,67b1a06166a6c22844baa3683d8d1327d7194ead3473d649a44d4e7a3fb287a8,data/processed/estimation/phase2a/phase2a_candidate_parameters.json,fae0583fd2dc8a477df49d5954c80c486a209f8d3df963d779e5fe289fa5972d,"Time variation and exact-ilk identity are retained; no pooled governance average is adopted. | Credible protocol evidence, but not currently adoptable configuration. | No current simulator field or mechanism consumes this setting."
phase2a:050,2A,WBTC-B_minimum_debt_dai_effective_history,unmapped:WBTC-B_minimum_debt_dai_effective_history,protocol.minimum_debt,,protocol/protocol_parameter_summary.csv,DAI,effective_dated_hourly,historical_replay,WBTC-B,Deterministic on-chain setting; no sampling interval.,22833,protocol_constant,Phase 1D hourly protocol panel,Direct effective-state extraction,candidate_validated_for_review,blocked_by_model_mapping,"Retain for provenance, historical context and possible later mechanics.",Separate authorisation for a model-mechanics change.,593c81b2e3dcb913f1dd9551505a28ac804c7fa28c05c5c9a37127c4882dce95,data/processed/estimation/phase2a/phase2a_candidate_parameters.json,fae0583fd2dc8a477df49d5954c80c486a209f8d3df963d779e5fe289fa5972d,"Time variation and exact-ilk identity are retained; no pooled governance average is adopted. | Credible protocol evidence, but not currently adoptable configuration. | No current simulator field or mechanism consumes this setting."
phase2a:051,2A,WBTC-C_minimum_debt_dai_effective_history,unmapped:WBTC-C_minimum_debt_dai_effective_history,protocol.minimum_debt,,protocol/protocol_parameter_summary.csv,DAI,effective_dated_hourly,historical_replay,WBTC-C,Deterministic on-chain setting; no sampling interval.,22665,protocol_constant,Phase 1D hourly protocol panel,Direct effective-state extraction,candidate_validated_for_review,blocked_by_model_mapping,"Retain for provenance, historical context and possible later mechanics.",Separate authorisation for a model-mechanics change.,3101ea775c2678c769b164dfb434008dba674d567db7c7c53da8e6582cca9aad,data/processed/estimation/phase2a/phase2a_candidate_parameters.json,fae0583fd2dc8a477df49d5954c80c486a209f8d3df963d779e5fe289fa5972d,"Time variation and exact-ilk identity are retained; no pooled governance average is adopted. | Credible protocol evidence, but not currently adoptable configuration. | No current simulator field or mechanism consumes this setting."
phase2a:052,2A,ETH-A_annualised_stability_fee_effective_history,unmapped:ETH-A_annualised_stability_fee_effective_history,protocol.annualised_stability_fee,,protocol/protocol_parameter_summary.csv,annual_fraction,effective_dated_hourly,historical_replay,ETH-A,Deterministic on-chain setting; no sampling interval.,27024,protocol_constant,Phase 1D hourly protocol panel,Direct effective-state extraction,candidate_validated_for_review,blocked_by_model_mapping,"Retain for provenance, historical context and possible later mechanics.",Separate authorisation for a model-mechanics change.,69ec553893f26701a0990947706973475adbcc0f2f37504a9f3946cca941617a,data/processed/estimation/phase2a/phase2a_candidate_parameters.json,fae0583fd2dc8a477df49d5954c80c486a209f8d3df963d779e5fe289fa5972d,"Time variation and exact-ilk identity are retained; no pooled governance average is adopted. | Credible protocol evidence, but not currently adoptable configuration. | No current simulator field or mechanism consumes this setting."
phase2a:053,2A,ETH-B_annualised_stability_fee_effective_history,unmapped:ETH-B_annualised_stability_fee_effective_history,protocol.annualised_stability_fee,,protocol/protocol_parameter_summary.csv,annual_fraction,effective_dated_hourly,historical_replay,ETH-B,Deterministic on-chain setting; no sampling interval.,27024,protocol_constant,Phase 1D hourly protocol panel,Direct effective-state extraction,candidate_validated_for_review,blocked_by_model_mapping,"Retain for provenance, historical context and possible later mechanics.",Separate authorisation for a model-mechanics change.,96e14ced535a7039b3521e08eb2109ceca3ffc4d2143d010d8144190453c37a2,data/processed/estimation/phase2a/phase2a_candidate_parameters.json,fae0583fd2dc8a477df49d5954c80c486a209f8d3df963d779e5fe289fa5972d,"Time variation and exact-ilk identity are retained; no pooled governance average is adopted. | Credible protocol evidence, but not currently adoptable configuration. | No current simulator field or mechanism consumes this setting."
phase2a:054,2A,ETH-C_annualised_stability_fee_effective_history,unmapped:ETH-C_annualised_stability_fee_effective_history,protocol.annualised_stability_fee,,protocol/protocol_parameter_summary.csv,annual_fraction,effective_dated_hourly,historical_replay,ETH-C,Deterministic on-chain setting; no sampling interval.,27024,protocol_constant,Phase 1D hourly protocol panel,Direct effective-state extraction,candidate_validated_for_review,blocked_by_model_mapping,"Retain for provenance, historical context and possible later mechanics.",Separate authorisation for a model-mechanics change.,0c180ff6080c4081ce892e311f5b14457d590944f3d48c15e36950654727a9a0,data/processed/estimation/phase2a/phase2a_candidate_parameters.json,fae0583fd2dc8a477df49d5954c80c486a209f8d3df963d779e5fe289fa5972d,"Time variation and exact-ilk identity are retained; no pooled governance average is adopted. | Credible protocol evidence, but not currently adoptable configuration. | No current simulator field or mechanism consumes this setting."
phase2a:055,2A,WBTC-A_annualised_stability_fee_effective_history,unmapped:WBTC-A_annualised_stability_fee_effective_history,protocol.annualised_stability_fee,,protocol/protocol_parameter_summary.csv,annual_fraction,effective_dated_hourly,historical_replay,WBTC-A,Deterministic on-chain setting; no sampling interval.,27024,protocol_constant,Phase 1D hourly protocol panel,Direct effective-state extraction,candidate_validated_for_review,blocked_by_model_mapping,"Retain for provenance, historical context and possible later mechanics.",Separate authorisation for a model-mechanics change.,461f5831000014990ebe7fd6fa24ff96eaf676009bea10651c14cf77eb883428,data/processed/estimation/phase2a/phase2a_candidate_parameters.json,fae0583fd2dc8a477df49d5954c80c486a209f8d3df963d779e5fe289fa5972d,"Time variation and exact-ilk identity are retained; no pooled governance average is adopted. | Credible protocol evidence, but not currently adoptable configuration. | No current simulator field or mechanism consumes this setting."
phase2a:056,2A,WBTC-B_annualised_stability_fee_effective_history,unmapped:WBTC-B_annualised_stability_fee_effective_history,protocol.annualised_stability_fee,,protocol/protocol_parameter_summary.csv,annual_fraction,effective_dated_hourly,historical_replay,WBTC-B,Deterministic on-chain setting; no sampling interval.,22833,protocol_constant,Phase 1D hourly protocol panel,Direct effective-state extraction,candidate_validated_for_review,blocked_by_model_mapping,"Retain for provenance, historical context and possible later mechanics.",Separate authorisation for a model-mechanics change.,1ad156c72e55f1d39514625abe198121f57ee27e8c18be76d8c8bf42403c1331,data/processed/estimation/phase2a/phase2a_candidate_parameters.json,fae0583fd2dc8a477df49d5954c80c486a209f8d3df963d779e5fe289fa5972d,"Time variation and exact-ilk identity are retained; no pooled governance average is adopted. | Credible protocol evidence, but not currently adoptable configuration. | No current simulator field or mechanism consumes this setting."
phase2a:057,2A,WBTC-C_annualised_stability_fee_effective_history,unmapped:WBTC-C_annualised_stability_fee_effective_history,protocol.annualised_stability_fee,,protocol/protocol_parameter_summary.csv,annual_fraction,effective_dated_hourly,historical_replay,WBTC-C,Deterministic on-chain setting; no sampling interval.,22665,protocol_constant,Phase 1D hourly protocol panel,Direct effective-state extraction,candidate_validated_for_review,blocked_by_model_mapping,"Retain for provenance, historical context and possible later mechanics.",Separate authorisation for a model-mechanics change.,d2e5baae148522ec0564fdf0b56bf0964f4dedeae73477097111770364b800e9,data/processed/estimation/phase2a/phase2a_candidate_parameters.json,fae0583fd2dc8a477df49d5954c80c486a209f8d3df963d779e5fe289fa5972d,"Time variation and exact-ilk identity are retained; no pooled governance average is adopted. | Credible protocol evidence, but not currently adoptable configuration. | No current simulator field or mechanism consumes this setting."
phase2a:058,2A,ETH-A_auction_stopped_effective_history,unmapped:ETH-A_auction_stopped_effective_history,protocol.auction_stopped,,protocol/protocol_parameter_summary.csv,integer_state,effective_dated_hourly,historical_replay,ETH-A,Deterministic on-chain setting; no sampling interval.,27024,protocol_constant,Phase 1D hourly protocol panel,Direct effective-state extraction,candidate_validated_for_review,blocked_by_model_mapping,"Retain for provenance, historical context and possible later mechanics.",Separate authorisation for a model-mechanics change.,7839a5e4a81054a88cea7791febc33e7bc399f2380800c41f3b3bd966972a05c,data/processed/estimation/phase2a/phase2a_candidate_parameters.json,fae0583fd2dc8a477df49d5954c80c486a209f8d3df963d779e5fe289fa5972d,"Time variation and exact-ilk identity are retained; no pooled governance average is adopted. | Credible protocol evidence, but not currently adoptable configuration. | No current simulator field or mechanism consumes this setting."
phase2a:059,2A,ETH-B_auction_stopped_effective_history,unmapped:ETH-B_auction_stopped_effective_history,protocol.auction_stopped,,protocol/protocol_parameter_summary.csv,integer_state,effective_dated_hourly,historical_replay,ETH-B,Deterministic on-chain setting; no sampling interval.,27024,protocol_constant,Phase 1D hourly protocol panel,Direct effective-state extraction,candidate_validated_for_review,blocked_by_model_mapping,"Retain for provenance, historical context and possible later mechanics.",Separate authorisation for a model-mechanics change.,8b5feaef528c81f7fb7d4ac49508149c0d7e6b99ed012a7be8d76a445b1c081f,data/processed/estimation/phase2a/phase2a_candidate_parameters.json,fae0583fd2dc8a477df49d5954c80c486a209f8d3df963d779e5fe289fa5972d,"Time variation and exact-ilk identity are retained; no pooled governance average is adopted. | Credible protocol evidence, but not currently adoptable configuration. | No current simulator field or mechanism consumes this setting."
phase2a:060,2A,ETH-C_auction_stopped_effective_history,unmapped:ETH-C_auction_stopped_effective_history,protocol.auction_stopped,,protocol/protocol_parameter_summary.csv,integer_state,effective_dated_hourly,historical_replay,ETH-C,Deterministic on-chain setting; no sampling interval.,27024,protocol_constant,Phase 1D hourly protocol panel,Direct effective-state extraction,candidate_validated_for_review,blocked_by_model_mapping,"Retain for provenance, historical context and possible later mechanics.",Separate authorisation for a model-mechanics change.,45579f7ed14dddcc7b4751d7998c8d1641dd55d33e6070c24c6b03d2cd720c14,data/processed/estimation/phase2a/phase2a_candidate_parameters.json,fae0583fd2dc8a477df49d5954c80c486a209f8d3df963d779e5fe289fa5972d,"Time variation and exact-ilk identity are retained; no pooled governance average is adopted. | Credible protocol evidence, but not currently adoptable configuration. | No current simulator field or mechanism consumes this setting."
phase2a:061,2A,WBTC-A_auction_stopped_effective_history,unmapped:WBTC-A_auction_stopped_effective_history,protocol.auction_stopped,,protocol/protocol_parameter_summary.csv,integer_state,effective_dated_hourly,historical_replay,WBTC-A,Deterministic on-chain setting; no sampling interval.,27024,protocol_constant,Phase 1D hourly protocol panel,Direct effective-state extraction,candidate_validated_for_review,blocked_by_model_mapping,"Retain for provenance, historical context and possible later mechanics.",Separate authorisation for a model-mechanics change.,681592ca9e6d8857c51a738d2d7c45943f6752d711c915017c5068c71a65148e,data/processed/estimation/phase2a/phase2a_candidate_parameters.json,fae0583fd2dc8a477df49d5954c80c486a209f8d3df963d779e5fe289fa5972d,"Time variation and exact-ilk identity are retained; no pooled governance average is adopted. | Credible protocol evidence, but not currently adoptable configuration. | No current simulator field or mechanism consumes this setting."
phase2a:062,2A,WBTC-B_auction_stopped_effective_history,unmapped:WBTC-B_auction_stopped_effective_history,protocol.auction_stopped,,protocol/protocol_parameter_summary.csv,integer_state,effective_dated_hourly,historical_replay,WBTC-B,Deterministic on-chain setting; no sampling interval.,22833,protocol_constant,Phase 1D hourly protocol panel,Direct effective-state extraction,candidate_validated_for_review,blocked_by_model_mapping,"Retain for provenance, historical context and possible later mechanics.",Separate authorisation for a model-mechanics change.,42250ec8375f14da20f11bcc7b17ac76341714b949ef74f06ecd7dac1ae8b70b,data/processed/estimation/phase2a/phase2a_candidate_parameters.json,fae0583fd2dc8a477df49d5954c80c486a209f8d3df963d779e5fe289fa5972d,"Time variation and exact-ilk identity are retained; no pooled governance average is adopted. | Credible protocol evidence, but not currently adoptable configuration. | No current simulator field or mechanism consumes this setting."
phase2a:063,2A,WBTC-C_auction_stopped_effective_history,unmapped:WBTC-C_auction_stopped_effective_history,protocol.auction_stopped,,protocol/protocol_parameter_summary.csv,integer_state,effective_dated_hourly,historical_replay,WBTC-C,Deterministic on-chain setting; no sampling interval.,22665,protocol_constant,Phase 1D hourly protocol panel,Direct effective-state extraction,candidate_validated_for_review,blocked_by_model_mapping,"Retain for provenance, historical context and possible later mechanics.",Separate authorisation for a model-mechanics change.,5a285707c91a5fb8faf47828149692a558c476753b5814e94683e89dfc3196d4,data/processed/estimation/phase2a/phase2a_candidate_parameters.json,fae0583fd2dc8a477df49d5954c80c486a209f8d3df963d779e5fe289fa5972d,"Time variation and exact-ilk identity are retained; no pooled governance average is adopted. | Credible protocol evidence, but not currently adoptable configuration. | No current simulator field or mechanism consumes this setting."
phase2b:000,2B,n_vaults,4.1.2,SimulationConfig.n_vaults,500,"{""observed_active_range"": [3258, 3381], ""quiet_opening_scaling_factor"": 6.592, ""simulation_sizes"": [100, 250, 500, 1000]}",synthetic vaults,four validated boundaries,cross-regime scaling choice,six target ilks mapped to ETH and BTC,"{""lower"": 100, ""type"": ""sensitivity_range"", ""upper"": 1000}",3296,empirical_review,quiet and USDC/SVB opening/closing vault-state CSVs,Computational scaling choice informed by observed active counts; not a direct historical-count estimate,provisional_scaling_choice,provisional_scaling_choice,direct scalar support,Require multi-size convergence before adoption,,data/processed/estimation/phase2b_vaults/phase2b_parameter_candidates.json,f345ded318fe5fb18c36106e4812dff8e1d64edd1bba9fd9b2b090522d0f0049,Representative windows are regime-conditional and purposive; candidate is not an unconditional historical frequency.
phase2b:001,2B,target_debt_share,4.2.3,CollateralConfig.target_debt_share,"{""BTC"": 0.1516058873203592, ""ETH"": 0.8483941126796408}",Quiet closing and USDC/SVB opening/closing shares; exact-ilk shares in target_debt_share_estimates.csv,share of six-ilk active DAI debt,opening boundary,quiet_mature,ETH and BTC families; exact ilks retained,"{""BTC"": [0.08485334085946024, 0.2451900989821847], ""ETH"": [0.7324089774246498, 0.9119418233850346]}",1886,empirical_review,quiet and USDC/SVB opening/closing vault-state CSVs,Direct active-debt share by collateral family,ready_for_review,ready_for_review,Direct collateral-specific scalar support; no STABLE candidate from the six-ilk evidence,Review whether baseline should represent quiet opening or a declared scenario composition,,data/processed/estimation/phase2b_vaults/phase2b_parameter_candidates.json,f345ded318fe5fb18c36106e4812dff8e1d64edd1bba9fd9b2b090522d0f0049,Representative windows are regime-conditional and purposive; candidate is not an unconditional historical frequency.
phase2b:002,2B,debt_mean,4.2.4,SimulationConfig.debt_mean,468757.69960311166,"{""log_mean"": 9.046254266358591, ""median"": 20158.220211181553, ""winsorised_q99_mean"": 212692.81791221185}",DAI per active indebted vault,opening boundary,quiet_mature,six target ilks pooled for current global scalar,"[304867.26935673, 673545.8994049379]",1886,empirical_review,quiet and USDC/SVB opening/closing vault-state CSVs,Unweighted cross-sectional arithmetic mean,provisional_distribution_choice,provisional_distribution_choice,Scalar supported; empirical distribution and collateral-specific moments are not,Raw debt is heavy-tailed; review Gaussian moment loss before adoption,,data/processed/estimation/phase2b_vaults/phase2b_parameter_candidates.json,f345ded318fe5fb18c36106e4812dff8e1d64edd1bba9fd9b2b090522d0f0049,Representative windows are regime-conditional and purposive; candidate is not an unconditional historical frequency.
phase2b:003,2B,debt_std,4.2.5,SimulationConfig.debt_std,4401408.323422565,"{""interquartile_range"": 91399.58045306828, ""log_std"": 3.4429402579338264, ""winsorised_q99_std"": 730049.0902411457}",DAI per active indebted vault,opening boundary,quiet_mature,six target ilks pooled for current global scalar,"[2070966.7925030058, 6481807.442729119]",1886,empirical_review,quiet and USDC/SVB opening/closing vault-state CSVs,Unweighted cross-sectional sample standard deviation,provisional_distribution_choice,provisional_distribution_choice,Scalar supported; empirical distribution and collateral-specific dispersion are not,Review heavy-tail sensitivity and realised Gaussian clipping,,data/processed/estimation/phase2b_vaults/phase2b_parameter_candidates.json,f345ded318fe5fb18c36106e4812dff8e1d64edd1bba9fd9b2b090522d0f0049,Representative windows are regime-conditional and purposive; candidate is not an unconditional historical frequency.
phase2b:004,2B,collateral_ratio_mean,4.2.6,SimulationConfig.collateral_ratio_mean,15.160134900552466,"{""log_mean"": 1.8389113086348199, ""median"": 4.455996923360745, ""winsorised_q99_mean"": 11.536018781777084}",dimensionless collateral-value/debt multiple,opening boundary,quiet_mature,six target ilks pooled for current global scalar,"[11.858675148244732, 19.562662480878174]",1886,empirical_review,quiet and USDC/SVB opening/closing vault-state CSVs,Mean among active indebted vaults with valid ratios,provisional_distribution_choice,provisional_distribution_choice,Global scalar supported; exact-ilk distributions are not,Review upper-tail influence and liquidation-ratio heterogeneity,,data/processed/estimation/phase2b_vaults/phase2b_parameter_candidates.json,f345ded318fe5fb18c36106e4812dff8e1d64edd1bba9fd9b2b090522d0f0049,Representative windows are regime-conditional and purposive; candidate is not an unconditional historical frequency.
phase2b:005,2B,collateral_ratio_std,4.2.7,SimulationConfig.collateral_ratio_std,91.15871291040759,"{""interquartile_range"": 10.142708424783745, ""log_std"": 1.0416364811994756, ""winsorised_q99_std"": 16.668528065185914}",dimensionless collateral-value/debt multiple,opening boundary,quiet_mature,six target ilks pooled for current global scalar,"[20.676341317140803, 144.28163188155492]",1886,empirical_review,quiet and USDC/SVB opening/closing vault-state CSVs,Sample standard deviation among valid ratios,provisional_distribution_choice,provisional_distribution_choice,Global scalar supported; exact-ilk distributions are not,Review upper-tail sensitivity and lower-tail fit after generator clipping,,data/processed/estimation/phase2b_vaults/phase2b_parameter_candidates.json,f345ded318fe5fb18c36106e4812dff8e1d64edd1bba9fd9b2b090522d0f0049,Representative windows are regime-conditional and purposive; candidate is not an unconditional historical frequency.
phase2b:006,2B,min_collateral_ratio_buffer,4.2.8,generate_*_vaults(min_collateral_ratio_buffer),0.4927578319238673,"{""q01"": 0.19071164996105142, ""q10"": 0.6848860308224369, ""relative_q05"": 0.31596227969327667, ""sample_minimum"": 0.06540720304908132}",absolute dimensionless ratio above liquidation threshold,opening boundary,quiet_mature,six target ilks normalised by exact threshold,"[0.422144732390789, 0.5318617044495484]",1886,empirical_review,quiet and USDC/SVB opening/closing vault-state CSVs,"Empirical lower-tail q05, not literal sample minimum",provisional_distribution_choice,provisional_distribution_choice,Global absolute scalar supported; collateral-specific and relative buffers are not,Bootstrap the q05 itself and review exact-ilk alternatives before adoption,,data/processed/estimation/phase2b_vaults/phase2b_parameter_candidates.json,f345ded318fe5fb18c36106e4812dff8e1d64edd1bba9fd9b2b090522d0f0049,"Representative windows are regime-conditional and purposive; candidate is not an unconditional historical frequency. The field is a simulator safeguard, not the protocol liquidation ratio."
phase2b:007,2B,max_normal_liquidatable_share,4.5.4,ConfidenceConfig.max_normal_liquidatable_share,0.0,"{""active_indebted_denominator_maximum"": 0.0, ""maximum"": 0.0, ""q90"": 0.0, ""q99"": 0.0}",share of all active vaults,all 696 hourly snapshots,quiet_mature,six target ilks,"[0.0, 0.0]",696,empirical_review,"opening state, in-window mutations, sparse rates, Phase 1A prices and Phase 1D liquidation ratios",Ninety-fifth percentile of reconstructed hourly share,ready_for_review,ready_for_review,direct global scalar support,Validate classification sensitivity outside the quiet window,,data/processed/estimation/phase2b_vaults/phase2b_parameter_candidates.json,f345ded318fe5fb18c36106e4812dff8e1d64edd1bba9fd9b2b090522d0f0049,Representative windows are regime-conditional and purposive; candidate is not an unconditional historical frequency. Liquidatable state is distinct from Bark or grab execution.
phase2b:008,2B,max_stress_liquidatable_share,4.5.5,ConfidenceConfig.max_stress_liquidatable_share,0.0005775460206379942,"{""classifier_stress_maximum"": 0.0011855364552459987, ""classifier_stress_q99"": 0.0010638030014861334, ""full_named_window_q95"": 0.0, ""unconstrained_classifier_stress_q95"": 0.0005775460206379942}",share of all active vaults,Phase 2A classifier-stress hours within USDC/SVB,stress,six target ilks,"[0.0, 0.0008886255924170616]",42,empirical_review,"opening state, in-window mutations, sparse rates, Phase 1A prices, Phase 1D ratios and frozen Phase 2A classifier","Ninety-fifth percentile of reconstructed hourly share, constrained not below the normal candidate",ready_for_review,ready_for_review,direct global scalar support,Terra/CeFi stress-tail validation remains required before adoption,,data/processed/estimation/phase2b_vaults/phase2b_parameter_candidates.json,f345ded318fe5fb18c36106e4812dff8e1d64edd1bba9fd9b2b090522d0f0049,Representative windows are regime-conditional and purposive; candidate is not an unconditional historical frequency. The FTX interval was not used. Liquidatable state is distinct from observed liquidation execution.
phase2c:000,2C,max_close_factor,4.4.5,LiquidationConfig.max_close_factor / CollateralConfig.max_close_factor,1.0,,fraction of pre-liquidation vault debt,Terra/CeFi,Terra/CeFi,six ilks; optional collateral override exists,exact degenerate distribution; structural uncertainty is the protocol-transition versus simulator-stage mapping,649,empirical_review,full unsafe-position transition by Vat.grab,abs(grab.dart) / pre-grab art using exact integer values,protocol_value_ready_for_review,protocol_value_ready_for_review,compatible only at protocol close stage; not keeper throughput or per-Take execution size,explicit model-design decision to retain the one-stage liquidation abstraction and backward-compatibility review,,data/processed/estimation/phase2c_liquidations/phase2c_parameter_candidates.json,6487b22a7cbfa3acc6bcdd5e2df5cff6473431f247065f1d6c6e6495ccef067e,No candidate was adopted; all 649 usable values equal 1.0.
phase2c:001,2C,auction_execution_fraction,interface:auction_execution,auction_execution.missing,auction_execution_fractions.csv,auction_execution_fractions.csv,fraction of initial auction tab or lot,Terra/CeFi,Terra/CeFi,six exact ilks,empirical distribution; state reconciliation flags retained,676,empirical_review,debt and collateral progressed per Clipper Take,decoded remaining state difference and owe per Take,blocked_by_model_interface,blocked_by_model_interface,distinct from max_close_factor,new auction-execution distribution field,,data/processed/estimation/phase2c_liquidations/phase2c_parameter_candidates.json,6487b22a7cbfa3acc6bcdd5e2df5cff6473431f247065f1d6c6e6495ccef067e,Zero-Take and incomplete auctions remain explicit.
phase2c:002,2C,max_liquidations_per_step,4.4.6,LiquidationConfig.max_liquidations_per_step,liquidation_sequence_estimates.csv,liquidation_sequence_estimates.csv,liquidations per hourly simulation step,Terra/CeFi,Terra/CeFi,shared global capacity; exact-ilk concentration retained,sequence/day dependence; raw empirical distribution preferred,649,empirical_review,hourly grab throughput and positive sequence counts,empirical hourly counts and 54 one-hour-gap sequences,provisional_distribution_choice,provisional_distribution_choice,compatible only after scalar reduction,choose scalar sensitivity or add regime distribution,,data/processed/estimation/phase2c_liquidations/phase2c_parameter_candidates.json,6487b22a7cbfa3acc6bcdd5e2df5cff6473431f247065f1d6c6e6495ccef067e,54 sequences; do not treat max_close_factor as this capacity control.
phase2c:003,2C,liquidation_arrival_process,interface:liquidation_arrival,liquidation_arrival.missing,hurdle + empirical positive counts,hurdle + empirical positive counts,hourly occurrence probability and conditional count,Terra/CeFi,Terra/CeFi,global; ilk concentration diagnostic,one purposive stress window; no complex Hawkes fit,1104,empirical_review,quiet-hour hurdle and clustered positive grab counts,"empirical zero mass, overdispersion and sequence distribution",blocked_by_model_interface,blocked_by_model_interface,not present in current model,new distribution interface and cross-window review,,data/processed/estimation/phase2c_liquidations/phase2c_parameter_candidates.json,6487b22a7cbfa3acc6bcdd5e2df5cff6473431f247065f1d6c6e6495ccef067e,Poisson is not preferred; a transparent hurdle is recommended.
phase2c:004,2C,max_stress_liquidatable_share,4.5.5,ConfidenceConfig.max_stress_liquidatable_share,"{""moderate_usdc_svb_q95"": 0.0005775460206379942, ""terra_cefi_maximum"": 0.0284697508896797, ""terra_cefi_q95"": 0.001852517548856703}",,share of all active vaults,labelled hierarchy: moderate USDC/SVB and severe Terra/CeFi,labelled hierarchy: moderate USDC/SVB and severe Terra/CeFi,global primary; exact-ilk diagnostics,"{""terra_q95_day_block_interval"": [0.0004661399314760731, 0.004080066315158479]}",1104,empirical_review,hourly liquidatable urns divided by all active urns,hourly empirical q95 and maximum with day-block interval,provisional_distribution_choice,provisional_distribution_choice,scalar interface cannot preserve severity hierarchy,choose declared stress severity or add regime-specific threshold,,data/processed/estimation/phase2c_liquidations/phase2c_parameter_candidates.json,6487b22a7cbfa3acc6bcdd5e2df5cff6473431f247065f1d6c6e6495ccef067e,Retain 0.000577546 as moderate-stress evidence; do not pool labelled windows or supersede it silently.
phase2c:005,2C,min_collateral_ratio_buffer,4.2.8,generate_*_vaults.min_collateral_ratio_buffer,0.4927578319238673,,absolute collateral-ratio difference,quiet normal initialisation; Terra/CeFi is stress validation,quiet normal initialisation; Terra/CeFi is stress validation,global scalar with exact-ilk review,Phase 2B urn-cluster interval; Terra tail shown separately,3388,empirical_review,lower tail of opening collateral-ratio buffer,quiet opening q05 retained from Phase 2B,ready_for_review,ready_for_review,direct for normal initialisation only,review clipping and collateral-specific sensitivity,,data/processed/estimation/phase2c_liquidations/phase2c_parameter_candidates.json,6487b22a7cbfa3acc6bcdd5e2df5cff6473431f247065f1d6c6e6495ccef067e,Do not replace with the Terra minimum or use it as stress dynamics.
phase2c:006,2C,auction_duration,interface:auction_execution,auction_duration.missing,auction_execution_fractions.csv,auction_execution_fractions.csv,seconds,Terra/CeFi,Terra/CeFi,six exact ilks,bounded Phase 1C lifecycle and decoded state limitations,581,empirical_review,Bark-to-completion milestone times,elapsed time from Bark to cumulative debt milestones,descriptive_only,descriptive_only,cannot be represented by current one-stage model,explicit multi-stage auction mechanics,,data/processed/estimation/phase2c_liquidations/phase2c_parameter_candidates.json,6487b22a7cbfa3acc6bcdd5e2df5cff6473431f247065f1d6c6e6495ccef067e,"Descriptive review only; no simulator mechanics changed. | Known source-registry inconsistency: this registry preserves sample size 581, whereas the durable auction identity (clipper_contract, auction_id) and the Phase 2C report establish 649 auctions. Preserve the registry value here; do not use the duration sample size for adoption until a separately authorised registry regeneration."
