parameter_subsection,parameter,simulator_field,implementing_class_or_function,current_value,current_semantics,units,timestep_frequency,representation,scope,mechanics_or_experiment,current_tests,empirical_candidate,candidate_source,uncertainty,candidate_units,candidate_frequency,latest_candidate_status,regime,collateral,primary_adoption_class,semantic_compatibility,interface_compatibility,unit_compatibility,frequency_compatibility,proposed_treatment,required_code_change,required_test,adoption_priority,adopted,notes
4.1.1,`n_steps`,n_steps,"SimulationConfig, CollateralPortfolioConfig or run_simulation",200,Implemented runtime or experimental control for n_steps.,simulation steps,initialisation or run-level,scalar/control,global,experimental configuration,module smoke checks in simulation.py/collateral.py; multi-collateral experiment diagnostics; no dedicated pytest for every field,,Experimental design,,,,scenario_only,not regime-specific,global,scenario_only,compatible subject to stated units and scope,no mechanics change,compatible,compatible or not applicable,"Retain as a labelled experimental control, outside empirical adoption.",none,scenario schema and established-experiment regression tests,low,False,One row represents one authoritative subsection; grouped subsections retain all named implementation fields.
4.1.2,`n_vaults`,n_vaults,"SimulationConfig, CollateralPortfolioConfig or run_simulation",100,Implemented runtime or experimental control for n_vaults.,synthetic vaults,initialisation or run-level,scalar/control,global,model mechanics,module smoke checks in simulation.py/collateral.py; multi-collateral experiment diagnostics; no dedicated pytest for every field,"[{""candidate_key"": ""phase2b:000"", ""collateral"": ""six target ilks mapped to ETH and BTC"", ""distribution"": ""{\""observed_active_range\"": [3258, 3381], \""quiet_opening_scaling_factor\"": 6.592, \""simulation_sizes\"": [100, 250, 500, 1000]}"", ""parameter"": ""n_vaults"", ""regime"": ""cross-regime scaling choice"", ""status"": ""provisional_scaling_choice"", ""value"": ""500""}]",2B,"{""lower"": 100, ""type"": ""sensitivity_range"", ""upper"": 1000}",synthetic vaults,four validated boundaries,provisional_scaling_choice,cross-regime scaling choice,six target ilks mapped to ETH and BTC,configuration_ready_with_sensitivity,compatible subject to stated units and scope,no mechanics change,compatible,compatible or not applicable,Review in a separate empirical configuration with the recorded uncertainty and current hand-set baseline retained.,configuration only,"schema, units, sensitivity and baseline regression tests",medium,False,One row represents one authoritative subsection; grouped subsections retain all named implementation fields.
4.1.3,`random_seed`,random_seed,"SimulationConfig, CollateralPortfolioConfig or run_simulation",42,Implemented runtime or experimental control for random_seed.,integer seed,initialisation or run-level,scalar/control,global,experimental configuration,module smoke checks in simulation.py/collateral.py; multi-collateral experiment diagnostics; no dedicated pytest for every field,,Experimental design,,,,scenario_only,not regime-specific,global,scenario_only,compatible subject to stated units and scope,no mechanics change,compatible,compatible or not applicable,"Retain as a labelled experimental control, outside empirical adoption.",none,scenario schema and established-experiment regression tests,low,False,One row represents one authoritative subsection; grouped subsections retain all named implementation fields.
4.1.4,`execute_liquidations`,execute_liquidations,"SimulationConfig, CollateralPortfolioConfig or run_simulation",true,Implemented runtime or experimental control for execute_liquidations.,boolean,initialisation or run-level,scalar/control,global,experimental configuration,module smoke checks in simulation.py/collateral.py; multi-collateral experiment diagnostics; no dedicated pytest for every field,,Experimental design,,,,scenario_only,not regime-specific,global,scenario_only,compatible subject to stated units and scope,no mechanics change,compatible,compatible or not applicable,"Retain as a labelled experimental control, outside empirical adoption.",none,scenario schema and established-experiment regression tests,low,False,One row represents one authoritative subsection; grouped subsections retain all named implementation fields.
4.1.5,"`collateral_portfolio`, `collaterals` and portfolio `name`","collateral_portfolio, collaterals and portfolio name","SimulationConfig, CollateralPortfolioConfig or run_simulation",None; implicit ETH-only portfolio,"Implemented runtime or experimental control for collateral_portfolio, collaterals and portfolio name.",portfolio object,initialisation or run-level,scalar/control,global,experimental configuration,module smoke checks in simulation.py/collateral.py; multi-collateral experiment diagnostics; no dedicated pytest for every field,,Experimental design,,,,scenario_only,not regime-specific,global,scenario_only,compatible subject to stated units and scope,no mechanics change,compatible,compatible or not applicable,"Retain as a labelled experimental control, outside empirical adoption.",none,scenario schema and established-experiment regression tests,low,False,One row represents one authoritative subsection; grouped subsections retain all named implementation fields.
4.1.6,collateral `name` and vault `collateral_type`,collateral name and vault collateral_type,"SimulationConfig, CollateralPortfolioConfig or run_simulation",ETH in legacy default; ETH/BTC/STABLE supported,Implemented runtime or experimental control for collateral name and vault collateral_type.,categorical identifier,initialisation or run-level,scalar/control,global with collateral-specific support,model mechanics,module smoke checks in simulation.py/collateral.py; multi-collateral experiment diagnostics; no dedicated pytest for every field,,Phase 1D protocol parameter panel,,,,protocol_constant,not regime-specific,global with collateral-specific support,protocol_constant_ready,compatible subject to stated units and scope,no mechanics change,compatible,compatible or not applicable,Historical replay uses effective-dated exact-ilk values; generic experiments use one declared baseline timestamp and explicit overrides.,configuration mapping only for represented fields,"exact-ilk mapping, baseline timestamp and override tests",high,False,One row represents one authoritative subsection; grouped subsections retain all named implementation fields.
4.1.7,`price_col` and `oracle_col`,price_col and oracle_col,"SimulationConfig, CollateralPortfolioConfig or run_simulation",eth_price / oracle_eth_price legacy defaults,Implemented runtime or experimental control for price_col and oracle_col.,column identifier,initialisation or run-level,scalar/control,global,model mechanics,module smoke checks in simulation.py/collateral.py; multi-collateral experiment diagnostics; no dedicated pytest for every field,,Experimental design,,,,scenario_only,not regime-specific,global,superseded_or_unused,compatible subject to stated units and scope,no mechanics change,compatible,compatible or not applicable,Resolve according to primary class superseded_or_unused.,interface-specific review,"unit, semantic and backward-compatibility tests",low,False,One row represents one authoritative subsection; grouped subsections retain all named implementation fields.
4.2.1,`initial_eth_price` and collateral `initial_price`,initial_eth_price and collateral initial_price,"SimulationConfig, CollateralConfig and vault generators",2000 USD for ETH; portfolio-specific otherwise,Implemented runtime or experimental control for initial_eth_price and collateral initial_price.,USD per collateral unit,initialisation or run-level,scalar/control,global with collateral-specific support,model mechanics,vault.py/simulation.py smoke checks; tests/test_phase2b_vault_estimation.py,,Phase 1A market panel,,,,phase2a_estimable,not regime-specific,global with collateral-specific support,configuration_ready_with_sensitivity,compatible subject to stated units and scope,no mechanics change,compatible,compatible or not applicable,Review in a separate empirical configuration with the recorded uncertainty and current hand-set baseline retained.,configuration only,"schema, units, sensitivity and baseline regression tests",medium,False,One row represents one authoritative subsection; grouped subsections retain all named implementation fields.
4.2.2,`initial_dai_price`,initial_dai_price,"SimulationConfig, CollateralConfig and vault generators",1.0 USD,Implemented runtime or experimental control for initial_dai_price.,USD per DAI,initialisation or run-level,scalar/control,global,model mechanics,vault.py/simulation.py smoke checks; tests/test_phase2b_vault_estimation.py,,Phase 1A market panel,,,,phase2a_estimable,not regime-specific,global,configuration_ready_with_sensitivity,compatible subject to stated units and scope,no mechanics change,compatible,compatible or not applicable,Review in a separate empirical configuration with the recorded uncertainty and current hand-set baseline retained.,configuration only,"schema, units, sensitivity and baseline regression tests",medium,False,One row represents one authoritative subsection; grouped subsections retain all named implementation fields.
4.2.3,`target_debt_share`,target_debt_share,"SimulationConfig, CollateralConfig and vault generators",1.0 ETH in default portfolio,Implemented runtime or experimental control for target_debt_share.,share of system debt,initialisation or run-level,scalar/control,global with collateral-specific support,model mechanics,vault.py/simulation.py smoke checks; tests/test_phase2b_vault_estimation.py,"[{""candidate_key"": ""phase2b:001"", ""collateral"": ""ETH and BTC families; exact ilks retained"", ""distribution"": ""Quiet closing and USDC/SVB opening/closing shares; exact-ilk shares in target_debt_share_estimates.csv"", ""parameter"": ""target_debt_share"", ""regime"": ""quiet_mature"", ""status"": ""ready_for_review"", ""value"": ""{\""BTC\"": 0.1516058873203592, \""ETH\"": 0.8483941126796408}""}]",2B,"{""BTC"": [0.08485334085946024, 0.2451900989821847], ""ETH"": [0.7324089774246498, 0.9119418233850346]}",share of six-ilk active DAI debt,opening boundary,ready_for_review,quiet_mature,ETH and BTC families; exact ilks retained,configuration_ready_with_sensitivity,compatible subject to stated units and scope,no mechanics change,compatible,compatible or not applicable,Review in a separate empirical configuration with the recorded uncertainty and current hand-set baseline retained.,configuration only,"schema, units, sensitivity and baseline regression tests",medium,False,One row represents one authoritative subsection; grouped subsections retain all named implementation fields.
4.2.4,`debt_mean`,debt_mean,"SimulationConfig, CollateralConfig and vault generators",5000 DAI,Implemented runtime or experimental control for debt_mean.,DAI per vault,initialisation or run-level,scalar/control,global,model mechanics,vault.py/simulation.py smoke checks; tests/test_phase2b_vault_estimation.py,"[{""candidate_key"": ""phase2b:002"", ""collateral"": ""six target ilks pooled for current global scalar"", ""distribution"": ""{\""log_mean\"": 9.046254266358591, \""median\"": 20158.220211181553, \""winsorised_q99_mean\"": 212692.81791221185}"", ""parameter"": ""debt_mean"", ""regime"": ""quiet_mature"", ""status"": ""provisional_distribution_choice"", ""value"": ""468757.69960311166""}]",2B,"[304867.26935673, 673545.8994049379]",DAI per active indebted vault,opening boundary,provisional_distribution_choice,quiet_mature,six target ilks pooled for current global scalar,requires_distribution_interface,compatible subject to stated units and scope,requires_distribution_interface,compatible,compatible or not applicable,Primary: collateral-specific empirical joint resampling. Fallback: collateral-specific truncated/lognormal marginals with an explicit dependence model.,optional vault-initialisation distribution schema and sampler,"distribution fit, support, dependence, deterministic seed and ETH-only fallback tests",high,False,One row represents one authoritative subsection; grouped subsections retain all named implementation fields.
4.2.5,`debt_std`,debt_std,"SimulationConfig, CollateralConfig and vault generators",1000 DAI,Implemented runtime or experimental control for debt_std.,DAI per vault,initialisation or run-level,scalar/control,global,model mechanics,vault.py/simulation.py smoke checks; tests/test_phase2b_vault_estimation.py,"[{""candidate_key"": ""phase2b:003"", ""collateral"": ""six target ilks pooled for current global scalar"", ""distribution"": ""{\""interquartile_range\"": 91399.58045306828, \""log_std\"": 3.4429402579338264, \""winsorised_q99_std\"": 730049.0902411457}"", ""parameter"": ""debt_std"", ""regime"": ""quiet_mature"", ""status"": ""provisional_distribution_choice"", ""value"": ""4401408.323422565""}]",2B,"[2070966.7925030058, 6481807.442729119]",DAI per active indebted vault,opening boundary,provisional_distribution_choice,quiet_mature,six target ilks pooled for current global scalar,requires_distribution_interface,compatible subject to stated units and scope,requires_distribution_interface,compatible,compatible or not applicable,Primary: collateral-specific empirical joint resampling. Fallback: collateral-specific truncated/lognormal marginals with an explicit dependence model.,optional vault-initialisation distribution schema and sampler,"distribution fit, support, dependence, deterministic seed and ETH-only fallback tests",high,False,One row represents one authoritative subsection; grouped subsections retain all named implementation fields.
4.2.6,`collateral_ratio_mean`,collateral_ratio_mean,"SimulationConfig, CollateralConfig and vault generators",2.0,Implemented runtime or experimental control for collateral_ratio_mean.,collateral-value/debt multiple,initialisation or run-level,scalar/control,global,model mechanics,vault.py/simulation.py smoke checks; tests/test_phase2b_vault_estimation.py,"[{""candidate_key"": ""phase2b:004"", ""collateral"": ""six target ilks pooled for current global scalar"", ""distribution"": ""{\""log_mean\"": 1.8389113086348199, \""median\"": 4.455996923360745, \""winsorised_q99_mean\"": 11.536018781777084}"", ""parameter"": ""collateral_ratio_mean"", ""regime"": ""quiet_mature"", ""status"": ""provisional_distribution_choice"", ""value"": ""15.160134900552466""}]",2B,"[11.858675148244732, 19.562662480878174]",dimensionless collateral-value/debt multiple,opening boundary,provisional_distribution_choice,quiet_mature,six target ilks pooled for current global scalar,requires_distribution_interface,compatible subject to stated units and scope,requires_distribution_interface,compatible,compatible or not applicable,Primary: collateral-specific empirical joint resampling. Fallback: collateral-specific truncated/lognormal marginals with an explicit dependence model.,optional vault-initialisation distribution schema and sampler,"distribution fit, support, dependence, deterministic seed and ETH-only fallback tests",high,False,One row represents one authoritative subsection; grouped subsections retain all named implementation fields.
4.2.7,`collateral_ratio_std`,collateral_ratio_std,"SimulationConfig, CollateralConfig and vault generators",0.25,Implemented runtime or experimental control for collateral_ratio_std.,collateral-value/debt multiple,initialisation or run-level,scalar/control,global,model mechanics,vault.py/simulation.py smoke checks; tests/test_phase2b_vault_estimation.py,"[{""candidate_key"": ""phase2b:005"", ""collateral"": ""six target ilks pooled for current global scalar"", ""distribution"": ""{\""interquartile_range\"": 10.142708424783745, \""log_std\"": 1.0416364811994756, \""winsorised_q99_std\"": 16.668528065185914}"", ""parameter"": ""collateral_ratio_std"", ""regime"": ""quiet_mature"", ""status"": ""provisional_distribution_choice"", ""value"": ""91.15871291040759""}]",2B,"[20.676341317140803, 144.28163188155492]",dimensionless collateral-value/debt multiple,opening boundary,provisional_distribution_choice,quiet_mature,six target ilks pooled for current global scalar,requires_distribution_interface,compatible subject to stated units and scope,requires_distribution_interface,compatible,compatible or not applicable,Primary: collateral-specific empirical joint resampling. Fallback: collateral-specific truncated/lognormal marginals with an explicit dependence model.,optional vault-initialisation distribution schema and sampler,"distribution fit, support, dependence, deterministic seed and ETH-only fallback tests",high,False,One row represents one authoritative subsection; grouped subsections retain all named implementation fields.
4.2.8,`min_collateral_ratio_buffer`,min_collateral_ratio_buffer,"SimulationConfig, CollateralConfig and vault generators",0.05 absolute ratio points,Lower clipping floor above the liquidation ratio during synthetic vault generation.,absolute ratio difference,initialisation or run-level,scalar/control,global,model mechanics,vault.py/simulation.py smoke checks; tests/test_phase2b_vault_estimation.py,"[{""candidate_key"": ""phase2b:006"", ""collateral"": ""six target ilks normalised by exact threshold"", ""distribution"": ""{\""q01\"": 0.19071164996105142, \""q10\"": 0.6848860308224369, \""relative_q05\"": 0.31596227969327667, \""sample_minimum\"": 0.06540720304908132}"", ""parameter"": ""min_collateral_ratio_buffer"", ""regime"": ""quiet_mature"", ""status"": ""provisional_distribution_choice"", ""value"": ""0.4927578319238673""}, {""candidate_key"": ""phase2c:005"", ""collateral"": ""global scalar with exact-ilk review"", ""distribution"": """", ""parameter"": ""min_collateral_ratio_buffer"", ""regime"": ""quiet normal initialisation; Terra/CeFi is stress validation"", ""status"": ""ready_for_review"", ""value"": ""0.4927578319238673""}]",2B; 2C,"Phase 2B urn-cluster interval; Terra tail shown separately; [0.422144732390789, 0.5318617044495484]",absolute collateral-ratio difference; absolute dimensionless ratio above liquidation threshold,opening boundary; quiet normal initialisation; Terra/CeFi is stress validation,provisional_distribution_choice; ready_for_review,quiet normal initialisation; Terra/CeFi is stress validation; quiet_mature,global scalar with exact-ilk review; six target ilks normalised by exact threshold,configuration_ready_with_sensitivity,compatible subject to stated units and scope,no mechanics change,compatible,compatible or not applicable,Review in a separate empirical configuration with the recorded uncertainty and current hand-set baseline retained.,configuration only,"schema, units, sensitivity and baseline regression tests",medium,False,One row represents one authoritative subsection; grouped subsections retain all named implementation fields.
4.3.1,`price_path`,price_path,price_process path generators and oracle-delay adapters,generated or supplied path,Exogenous collateral market/oracle path supplied to the simulation.,USD price path,per price-path step or scenario boundary,distribution/path,global,model mechanics,price_process.py smoke checks; tests/test_phase2a_estimation.py; tests/test_phase2a_candidate_review.py,"[{""candidate_key"": ""phase2a:002"", ""collateral"": ""ETH"", ""distribution"": ""market/return_block_index.csv"", ""parameter"": ""eth_aligned_empirical_return_blocks"", ""regime"": ""mixed"", ""status"": ""provisional_sensitivity_required"", ""value"": """"}, {""candidate_key"": ""phase2a:006"", ""collateral"": ""WBTC"", ""distribution"": ""market/return_block_index.csv"", ""parameter"": ""wbtc_aligned_empirical_return_blocks"", ""regime"": ""mixed"", ""status"": ""provisional_sensitivity_required"", ""value"": """"}, {""candidate_key"": ""phase2a:010"", ""collateral"": ""USDC"", ""distribution"": ""market/return_block_index.csv"", ""parameter"": ""usdc_aligned_empirical_return_blocks"", ""regime"": ""mixed"", ""status"": ""provisional_sensitivity_required"", ""value"": """"}]",2A,"{""candidate_block_length_hours"": 168}",source_row_indices,hourly,provisional_sensitivity_required,mixed,ETH; USDC; WBTC,requires_distribution_interface,compatible subject to stated units and scope,requires_distribution_interface,compatible,requires confirmation that one simulation step is one hour,Primary: aligned 168-hour moving blocks with 72–336-hour sensitivity. Fallback: current GBM with reviewed hourly moments.,optional empirical price-process strategy,"block continuity, cross-collateral dependence, seed and GBM fallback tests",medium,False,One row represents one authoritative subsection; grouped subsections retain all named implementation fields.
4.3.2,`mu`,mu,price_process path generators and oracle-delay adapters,0.0 per GBM time unit,Implemented runtime or experimental control for mu.,log return per model time unit,per price-path step or scenario boundary,scalar/control,global,model mechanics,price_process.py smoke checks; tests/test_phase2a_estimation.py; tests/test_phase2a_candidate_review.py,"[{""candidate_key"": ""phase2a:000"", ""collateral"": ""ETH"", ""distribution"": """", ""parameter"": ""eth_hourly_mean"", ""regime"": ""all_calibration"", ""status"": ""provisional_sensitivity_required"", ""value"": ""2.0683874929400927e-05""}, {""candidate_key"": ""phase2a:004"", ""collateral"": ""WBTC"", ""distribution"": """", ""parameter"": ""wbtc_hourly_mean"", ""regime"": ""all_calibration"", ""status"": ""provisional_sensitivity_required"", ""value"": ""2.8097430039838248e-05""}, {""candidate_key"": ""phase2a:008"", ""collateral"": ""USDC"", ""distribution"": """", ""parameter"": ""usdc_hourly_mean"", ""regime"": ""all_calibration"", ""status"": ""provisional_sensitivity_required"", ""value"": ""-9.961245747512497e-08""}]",2A,"{""lower"": -3.763833088654339e-06, ""method"": ""moving_block_bootstrap_95pct"", ""replications"": 200, ""upper"": 4.513705105149652e-06}; {""lower"": -5.518905237844368e-05, ""method"": ""moving_block_bootstrap_95pct"", ""replications"": 200, ""upper"": 0.00010995592088449305}; {""lower"": -7.002320764304304e-05, ""method"": ""moving_block_bootstrap_95pct"", ""replications"": 200, ""upper"": 0.0001188027944447265}",log_return_per_hour,hourly,provisional_sensitivity_required,all_calibration,ETH; USDC; WBTC,configuration_ready_with_sensitivity,compatible subject to stated units and scope,no mechanics change,requires explicit conversion from hourly empirical moments to the configured GBM dt convention,requires confirmation that one simulation step is one hour,Review in a separate empirical configuration with the recorded uncertainty and current hand-set baseline retained.,configuration only,"schema, units, sensitivity and baseline regression tests",medium,False,One row represents one authoritative subsection; grouped subsections retain all named implementation fields.
4.3.3,`sigma`,sigma,price_process path generators and oracle-delay adapters,0.80 per square-root GBM time unit,Implemented runtime or experimental control for sigma.,log return per square-root model time unit,per price-path step or scenario boundary,scalar/control,global,model mechanics,price_process.py smoke checks; tests/test_phase2a_estimation.py; tests/test_phase2a_candidate_review.py,"[{""candidate_key"": ""phase2a:001"", ""collateral"": ""ETH"", ""distribution"": """", ""parameter"": ""eth_hourly_std"", ""regime"": ""all_calibration"", ""status"": ""provisional_sensitivity_required"", ""value"": ""0.006082614959678903""}, {""candidate_key"": ""phase2a:005"", ""collateral"": ""WBTC"", ""distribution"": """", ""parameter"": ""wbtc_hourly_std"", ""regime"": ""all_calibration"", ""status"": ""provisional_sensitivity_required"", ""value"": ""0.0047429127302706054""}, {""candidate_key"": ""phase2a:009"", ""collateral"": ""USDC"", ""distribution"": """", ""parameter"": ""usdc_hourly_std"", ""regime"": ""all_calibration"", ""status"": ""provisional_sensitivity_required"", ""value"": ""0.0006672093036257861""}]",2A,"{""lower"": 0.00047162649675026365, ""method"": ""moving_block_bootstrap_95pct"", ""replications"": 200, ""upper"": 0.0008699284360299629}; {""lower"": 0.004423154339260324, ""method"": ""moving_block_bootstrap_95pct"", ""replications"": 200, ""upper"": 0.005086337618791436}; {""lower"": 0.005650130832775232, ""method"": ""moving_block_bootstrap_95pct"", ""replications"": 200, ""upper"": 0.006618243181681036}",log_return_per_sqrt_hour,hourly,provisional_sensitivity_required,all_calibration,ETH; USDC; WBTC,configuration_ready_with_sensitivity,compatible subject to stated units and scope,no mechanics change,requires explicit conversion from hourly empirical moments to the configured GBM dt convention,requires confirmation that one simulation step is one hour,Review in a separate empirical configuration with the recorded uncertainty and current hand-set baseline retained.,configuration only,"schema, units, sensitivity and baseline regression tests",medium,False,One row represents one authoritative subsection; grouped subsections retain all named implementation fields.
4.3.4,`dt`,dt,price_process path generators and oracle-delay adapters,1/365,Implemented runtime or experimental control for dt.,years per step in GBM,per price-path step or scenario boundary,scalar/control,global,experimental configuration,price_process.py smoke checks; tests/test_phase2a_estimation.py; tests/test_phase2a_candidate_review.py,,Experimental design,,,,scenario_only,not regime-specific,global,scenario_only,compatible subject to stated units and scope,no mechanics change,compatible,compatible or not applicable,"Retain as a labelled experimental control, outside empirical adoption.",none,scenario schema and established-experiment regression tests,low,False,One row represents one authoritative subsection; grouped subsections retain all named implementation fields.
4.3.5,`floor_price`,floor_price,price_process path generators and oracle-delay adapters,1e-8 USD,Implemented runtime or experimental control for floor_price.,USD per collateral unit,per price-path step or scenario boundary,scalar/control,global,experimental configuration,price_process.py smoke checks; tests/test_phase2a_estimation.py; tests/test_phase2a_candidate_review.py,,Experimental design,,,,scenario_only,not regime-specific,global,scenario_only,compatible subject to stated units and scope,no mechanics change,compatible,compatible or not applicable,"Retain as a labelled experimental control, outside empirical adoption.",none,scenario schema and established-experiment regression tests,low,False,One row represents one authoritative subsection; grouped subsections retain all named implementation fields.
4.3.6,`shock_time`,shock_time,price_process path generators and oracle-delay adapters,50 in generator; normally 30 in experiments,Implemented runtime or experimental control for shock_time.,simulation step,per price-path step or scenario boundary,scalar/control,global,experimental configuration,price_process.py smoke checks; tests/test_phase2a_estimation.py; tests/test_phase2a_candidate_review.py,,Experimental design,,,,scenario_only,not regime-specific,global,scenario_only,compatible subject to stated units and scope,no mechanics change,compatible,compatible or not applicable,"Retain as a labelled experimental control, outside empirical adoption.",none,scenario schema and established-experiment regression tests,low,False,One row represents one authoritative subsection; grouped subsections retain all named implementation fields.
4.3.7,"`shock_size`, `shock_sizes`, `crypto_crash_size` and","shock_size, shock_sizes, crypto_crash_size and stable_depeg_size",price_process path generators and oracle-delay adapters,-0.43 crypto; -0.20 stable in multi-collateral scenarios,"Implemented runtime or experimental control for shock_size, shock_sizes, crypto_crash_size and stable_depeg_size.",proportional price change,per price-path step or scenario boundary,scalar/control,global,experimental configuration,price_process.py smoke checks; tests/test_phase2a_estimation.py; tests/test_phase2a_candidate_review.py,"[{""candidate_key"": ""phase2a:003"", ""collateral"": ""ETH"", ""distribution"": ""market/return_distribution.csv"", ""parameter"": ""eth_hourly_lower_tail"", ""regime"": ""all_calibration"", ""status"": ""descriptive_only"", ""value"": """"}, {""candidate_key"": ""phase2a:007"", ""collateral"": ""WBTC"", ""distribution"": ""market/return_distribution.csv"", ""parameter"": ""wbtc_hourly_lower_tail"", ""regime"": ""all_calibration"", ""status"": ""descriptive_only"", ""value"": """"}, {""candidate_key"": ""phase2a:011"", ""collateral"": ""USDC"", ""distribution"": ""market/return_distribution.csv"", ""parameter"": ""usdc_hourly_lower_tail"", ""regime"": ""all_calibration"", ""status"": ""descriptive_only"", ""value"": """"}]",2A,See moving-block-bootstrap quantile intervals.,log_return,hourly,descriptive_only,all_calibration,ETH; USDC; WBTC,scenario_only,compatible subject to stated units and scope,no mechanics change,compatible,compatible or not applicable,"Retain as a labelled experimental control, outside empirical adoption.",none,scenario schema and established-experiment regression tests,low,False,One row represents one authoritative subsection; grouped subsections retain all named implementation fields.
4.3.8,`pre_shock_drift` and `post_shock_drift`,pre_shock_drift and post_shock_drift,price_process path generators and oracle-delay adapters,0.0 / 0.0,Implemented runtime or experimental control for pre_shock_drift and post_shock_drift.,drift per model time unit,per price-path step or scenario boundary,scalar/control,global,experimental configuration,price_process.py smoke checks; tests/test_phase2a_estimation.py; tests/test_phase2a_candidate_review.py,,Experimental design,,,,scenario_only,not regime-specific,global,scenario_only,compatible subject to stated units and scope,no mechanics change,compatible,compatible or not applicable,"Retain as a labelled experimental control, outside empirical adoption.",none,scenario schema and established-experiment regression tests,low,False,One row represents one authoritative subsection; grouped subsections retain all named implementation fields.
4.3.9,`recovery_start`,recovery_start,price_process path generators and oracle-delay adapters,40,Implemented runtime or experimental control for recovery_start.,simulation step,per price-path step or scenario boundary,scalar/control,global,experimental configuration,price_process.py smoke checks; tests/test_phase2a_estimation.py; tests/test_phase2a_candidate_review.py,,Experimental design,,,,scenario_only,not regime-specific,global,scenario_only,compatible subject to stated units and scope,no mechanics change,compatible,compatible or not applicable,"Retain as a labelled experimental control, outside empirical adoption.",none,scenario schema and established-experiment regression tests,low,False,One row represents one authoritative subsection; grouped subsections retain all named implementation fields.
4.3.10,`recovery_end`,recovery_end,price_process path generators and oracle-delay adapters,90,Implemented runtime or experimental control for recovery_end.,simulation step,per price-path step or scenario boundary,scalar/control,global,experimental configuration,price_process.py smoke checks; tests/test_phase2a_estimation.py; tests/test_phase2a_candidate_review.py,,Experimental design,,,,scenario_only,not regime-specific,global,scenario_only,compatible subject to stated units and scope,no mechanics change,compatible,compatible or not applicable,"Retain as a labelled experimental control, outside empirical adoption.",none,scenario schema and established-experiment regression tests,low,False,One row represents one authoritative subsection; grouped subsections retain all named implementation fields.
4.3.11,`recovery_fraction`,recovery_fraction,price_process path generators and oracle-delay adapters,0.5,Implemented runtime or experimental control for recovery_fraction.,fraction of shock recovered,per price-path step or scenario boundary,scalar/control,global,experimental configuration,price_process.py smoke checks; tests/test_phase2a_estimation.py; tests/test_phase2a_candidate_review.py,,Experimental design,,,,scenario_only,not regime-specific,global,scenario_only,compatible subject to stated units and scope,no mechanics change,compatible,compatible or not applicable,"Retain as a labelled experimental control, outside empirical adoption.",none,scenario schema and established-experiment regression tests,low,False,One row represents one authoritative subsection; grouped subsections retain all named implementation fields.
4.3.12,`oracle_delay_steps` and `delay_steps`,oracle_delay_steps and delay_steps,price_process path generators and oracle-delay adapters,0 steps,Implemented runtime or experimental control for oracle_delay_steps and delay_steps.,simulation steps,per price-path step or scenario boundary,scalar/control,global,model mechanics,price_process.py smoke checks; tests/test_phase2a_estimation.py; tests/test_phase2a_candidate_review.py,,Phase 1D mappings plus oracle documentation/literature,,,,literature_required,not regime-specific,global,literature_required,compatible subject to stated units and scope,no mechanics change,compatible,compatible or not applicable,Resolve according to primary class literature_required.,interface-specific review,"unit, semantic and backward-compatibility tests",low,False,One row represents one authoritative subsection; grouped subsections retain all named implementation fields.
4.4.1,`liquidation_ratio`,liquidation_ratio,LiquidationConfig and liquidation execution,1.5 global; collateral override supported,Implemented runtime or experimental control for liquidation_ratio.,collateral-value/debt multiple,per liquidation attempt or simulation step,scalar/control,global with collateral-specific support,model mechanics,liquidation.py smoke checks; tests/test_phase2a_estimation.py; tests/test_phase2c_liquidation_estimation.py,"[{""candidate_key"": ""phase2a:028"", ""collateral"": ""ETH-A"", ""distribution"": ""protocol/protocol_parameter_summary.csv"", ""parameter"": ""ETH-A_liquidation_ratio_effective_history"", ""regime"": ""historical_replay"", ""status"": ""ready_for_later_adoption"", ""value"": """"}, {""candidate_key"": ""phase2a:029"", ""collateral"": ""ETH-B"", ""distribution"": ""protocol/protocol_parameter_summary.csv"", ""parameter"": ""ETH-B_liquidation_ratio_effective_history"", ""regime"": ""historical_replay"", ""status"": ""ready_for_later_adoption"", ""value"": """"}, {""candidate_key"": ""phase2a:030"", ""collateral"": ""ETH-C"", ""distribution"": ""protocol/protocol_parameter_summary.csv"", ""parameter"": ""ETH-C_liquidation_ratio_effective_history"", ""regime"": ""historical_replay"", ""status"": ""ready_for_later_adoption"", ""value"": """"}, {""candidate_key"": ""phase2a:031"", ""collateral"": ""WBTC-A"", ""distribution"": ""protocol/protocol_parameter_summary.csv"", ""parameter"": ""WBTC-A_liquidation_ratio_effective_history"", ""regime"": ""historical_replay"", ""status"": ""ready_for_later_adoption"", ""value"": """"}, {""candidate_key"": ""phase2a:032"", ""collateral"": ""WBTC-B"", ""distribution"": ""protocol/protocol_parameter_summary.csv"", ""parameter"": ""WBTC-B_liquidation_ratio_effective_history"", ""regime"": ""historical_replay"", ""status"": ""ready_for_later_adoption"", ""value"": """"}, {""candidate_key"": ""phase2a:033"", ""collateral"": ""WBTC-C"", ""distribution"": ""protocol/protocol_parameter_summary.csv"", ""parameter"": ""WBTC-C_liquidation_ratio_effective_history"", ""regime"": ""historical_replay"", ""status"": ""ready_for_later_adoption"", ""value"": """"}]",2A,Deterministic on-chain setting; no sampling interval.,ratio,effective_dated_hourly,ready_for_later_adoption,historical_replay,ETH-A; ETH-B; ETH-C; WBTC-A; WBTC-B; WBTC-C,protocol_constant_ready,compatible subject to stated units and scope,no mechanics change,compatible,compatible or not applicable,Historical replay uses effective-dated exact-ilk values; generic experiments use one declared baseline timestamp and explicit overrides.,configuration mapping only for represented fields,"exact-ilk mapping, baseline timestamp and override tests",high,False,One row represents one authoritative subsection; grouped subsections retain all named implementation fields.
4.4.2,`liquidation_penalty`,liquidation_penalty,LiquidationConfig and liquidation execution,0.13 global; collateral override supported,Implemented runtime or experimental control for liquidation_penalty.,fraction of repaid debt,per liquidation attempt or simulation step,scalar/control,global with collateral-specific support,model mechanics,liquidation.py smoke checks; tests/test_phase2a_estimation.py; tests/test_phase2c_liquidation_estimation.py,"[{""candidate_key"": ""phase2a:034"", ""collateral"": ""ETH-A"", ""distribution"": ""protocol/protocol_parameter_summary.csv"", ""parameter"": ""ETH-A_liquidation_penalty_rate_effective_history"", ""regime"": ""historical_replay"", ""status"": ""ready_for_later_adoption"", ""value"": """"}, {""candidate_key"": ""phase2a:035"", ""collateral"": ""ETH-B"", ""distribution"": ""protocol/protocol_parameter_summary.csv"", ""parameter"": ""ETH-B_liquidation_penalty_rate_effective_history"", ""regime"": ""historical_replay"", ""status"": ""ready_for_later_adoption"", ""value"": """"}, {""candidate_key"": ""phase2a:036"", ""collateral"": ""ETH-C"", ""distribution"": ""protocol/protocol_parameter_summary.csv"", ""parameter"": ""ETH-C_liquidation_penalty_rate_effective_history"", ""regime"": ""historical_replay"", ""status"": ""ready_for_later_adoption"", ""value"": """"}, {""candidate_key"": ""phase2a:037"", ""collateral"": ""WBTC-A"", ""distribution"": ""protocol/protocol_parameter_summary.csv"", ""parameter"": ""WBTC-A_liquidation_penalty_rate_effective_history"", ""regime"": ""historical_replay"", ""status"": ""ready_for_later_adoption"", ""value"": """"}, {""candidate_key"": ""phase2a:038"", ""collateral"": ""WBTC-B"", ""distribution"": ""protocol/protocol_parameter_summary.csv"", ""parameter"": ""WBTC-B_liquidation_penalty_rate_effective_history"", ""regime"": ""historical_replay"", ""status"": ""ready_for_later_adoption"", ""value"": """"}, {""candidate_key"": ""phase2a:039"", ""collateral"": ""WBTC-C"", ""distribution"": ""protocol/protocol_parameter_summary.csv"", ""parameter"": ""WBTC-C_liquidation_penalty_rate_effective_history"", ""regime"": ""historical_replay"", ""status"": ""ready_for_later_adoption"", ""value"": """"}]",2A,Deterministic on-chain setting; no sampling interval.,fraction_of_debt,effective_dated_hourly,ready_for_later_adoption,historical_replay,ETH-A; ETH-B; ETH-C; WBTC-A; WBTC-B; WBTC-C,protocol_constant_ready,compatible subject to stated units and scope,no mechanics change,compatible,compatible or not applicable,Historical replay uses effective-dated exact-ilk values; generic experiments use one declared baseline timestamp and explicit overrides.,configuration mapping only for represented fields,"exact-ilk mapping, baseline timestamp and override tests",high,False,One row represents one authoritative subsection; grouped subsections retain all named implementation fields.
4.4.3,`gas_cost`,gas_cost,LiquidationConfig and liquidation execution,100 USD/DAI per attempted liquidation,Fixed top-level USD/DAI cost subtracted from each keeper attempt.,USD/DAI per attempted liquidation,per liquidation attempt or simulation step,scalar/control,global,model mechanics,liquidation.py smoke checks; tests/test_phase2a_estimation.py; tests/test_phase2c_liquidation_estimation.py,"[{""candidate_key"": ""phase2a:026"", ""collateral"": ""ETH-A/B/C and WBTC-A/B/C"", ""distribution"": ""liquidations/liquidation_transaction_gas.csv"", ""parameter"": ""clean_take_transaction_gas_cost_usd"", ""regime"": ""calibration"", ""status"": ""provisional_sensitivity_required"", ""value"": """"}]",2A,Transaction-level empirical quantiles; adoption requires review.,USD_per_top_level_transaction,transaction,provisional_sensitivity_required,calibration,ETH-A/B/C and WBTC-A/B/C,requires_scalar_reduction,compatible subject to stated units and scope,requires_scalar_reduction,compatible,compatible or not applicable,Reduce the clean successful-Take USD-cost distribution to a declared scalar only for the compatibility baseline; preserve gas units and gas price separately in the future sampler.,none for scalar; optional gas sampler later,"zero-cost exclusion, units, regime sensitivity and keeper-profit tests",high,False,One row represents one authoritative subsection; grouped subsections retain all named implementation fields.
4.4.4,`risk_cost_rate`,risk_cost_rate,LiquidationConfig and liquidation execution,0.0 share of repaid debt,Proportional reduced-form cost subtracted from keeper profit.,fraction of repaid debt,per liquidation attempt or simulation step,scalar/control,global,model mechanics,liquidation.py smoke checks; tests/test_phase2a_estimation.py; tests/test_phase2c_liquidation_estimation.py,,Phase 1A–1C target moments and later simulator outputs,,,,requires_model_calibration,not regime-specific,global,requires_new_model_mechanism,"mismatch: empirical evidence identifies a participation threshold, not an arbitrary proportional risk cost",requires_new_model_mechanism,compatible,compatible or not applicable,Deprecate arbitrary tuning in favour of an empirically defined minimum expected-profit participation threshold; retain the legacy field until a migration is approved.,keeper participation-threshold mechanism or semantic migration,"profit threshold, gas/risk separation and legacy regression tests",medium,False,One row represents one authoritative subsection; grouped subsections retain all named implementation fields.
4.4.5,`max_close_factor`,max_close_factor,LiquidationConfig and liquidation execution,1.0 global; collateral override supported,Maximum fraction of one vault's debt repaid in one simulated liquidation.,fraction of one vault's debt,per liquidation attempt or simulation step,scalar/control,global with collateral-specific support,model mechanics,liquidation.py smoke checks; tests/test_phase2a_estimation.py; tests/test_phase2c_liquidation_estimation.py,"[{""candidate_key"": ""phase2c:000"", ""collateral"": ""six ilks; optional collateral override exists"", ""distribution"": """", ""parameter"": ""max_close_factor"", ""regime"": ""Terra/CeFi"", ""status"": ""protocol_value_ready_for_review"", ""value"": ""1.0""}]",2C,exact degenerate distribution; structural uncertainty is the protocol-transition versus simulator-stage mapping,fraction of pre-liquidation vault debt,Terra/CeFi,protocol_value_ready_for_review,Terra/CeFi,six ilks; optional collateral override exists,configuration_ready,compatible at protocol-close stage; auction execution remains distinct,no mechanics change,compatible,compatible or not applicable,Retain the field and review 1.0 in an empirical configuration; do not rename until a compatibility migration is separately approved.,configuration only,"profit, partial/full liquidation and established-scenario regression tests",high,False,One row represents one authoritative subsection; grouped subsections retain all named implementation fields.
4.4.6,`max_liquidations_per_step`,max_liquidations_per_step,LiquidationConfig and liquidation execution,None default; 2–20 in established experiments,Global count cap on profitable liquidations executed in one step.,liquidations per simulation step,per liquidation attempt or simulation step,scalar/control,global,model mechanics,liquidation.py smoke checks; tests/test_phase2a_estimation.py; tests/test_phase2c_liquidation_estimation.py,"[{""candidate_key"": ""phase2a:027"", ""collateral"": ""shared_system_capacity"", ""distribution"": ""liquidations/hourly_liquidation_summary.csv"", ""parameter"": ""observed_hourly_completion_capacity"", ""regime"": ""calibration"", ""status"": ""provisional_sensitivity_required"", ""value"": """"}, {""candidate_key"": ""phase2c:002"", ""collateral"": ""shared global capacity; exact-ilk concentration retained"", ""distribution"": ""liquidation_sequence_estimates.csv"", ""parameter"": ""max_liquidations_per_step"", ""regime"": ""Terra/CeFi"", ""status"": ""provisional_distribution_choice"", ""value"": ""liquidation_sequence_estimates.csv""}]",2A; 2C,Empirical q90/q95/q99; fixed cap remains reduced-form.; sequence/day dependence; raw empirical distribution preferred,completed_auctions_per_hour; liquidations per hourly simulation step,Terra/CeFi; hourly,provisional_distribution_choice; provisional_sensitivity_required,Terra/CeFi; calibration,shared global capacity; exact-ilk concentration retained; shared_system_capacity,requires_scalar_reduction,compatible subject to stated units and scope,requires_scalar_reduction,compatible,requires confirmation that one simulation step is one hour,Keep deterministic capacity separate from endogenous liquidation demand; review an active-hour scalar before any hurdle sampler.,none for scalar reduction; distribution interface for hurdle process,"capacity, backlog, zero-hour and clustered-demand tests",medium,False,One row represents one authoritative subsection; grouped subsections retain all named implementation fields.
4.5.1,`normal_lower_price`,normal_lower_price,ConfidenceConfig and confidence classification,0.99 USD/DAI,Implemented runtime or experimental control for normal_lower_price.,USD per DAI,per simulation step,scalar/control,global; confidence state may alter use,model mechanics,confidence.py validation/smoke checks and Phase 2A threshold diagnostics; no dedicated pytest for every behavioural field,"[{""candidate_key"": ""phase2a:013"", ""collateral"": ""DAI"", ""distribution"": """", ""parameter"": ""dai_normal_lower_candidate"", ""regime"": ""calibration"", ""status"": ""provisional_sensitivity_required"", ""value"": ""0.9992875291666665""}]",2A,Nearby-threshold sensitivity required.,USD_per_DAI,hourly,provisional_sensitivity_required,calibration,DAI,configuration_ready_with_sensitivity,compatible subject to stated units and scope,no mechanics change,compatible,compatible or not applicable,Review in a separate empirical configuration with the recorded uncertainty and current hand-set baseline retained.,configuration only,"schema, units, sensitivity and baseline regression tests",medium,False,One row represents one authoritative subsection; grouped subsections retain all named implementation fields.
4.5.2,`normal_upper_price`,normal_upper_price,ConfidenceConfig and confidence classification,1.01 USD/DAI,Implemented runtime or experimental control for normal_upper_price.,USD per DAI,per simulation step,scalar/control,global; confidence state may alter use,model mechanics,confidence.py validation/smoke checks and Phase 2A threshold diagnostics; no dedicated pytest for every behavioural field,"[{""candidate_key"": ""phase2a:014"", ""collateral"": ""DAI"", ""distribution"": """", ""parameter"": ""dai_normal_upper_candidate"", ""regime"": ""calibration"", ""status"": ""provisional_sensitivity_required"", ""value"": ""1.0030259083333335""}]",2A,Nearby-threshold sensitivity required.,USD_per_DAI,hourly,provisional_sensitivity_required,calibration,DAI,configuration_ready_with_sensitivity,compatible subject to stated units and scope,no mechanics change,compatible,compatible or not applicable,Review in a separate empirical configuration with the recorded uncertainty and current hand-set baseline retained.,configuration only,"schema, units, sensitivity and baseline regression tests",medium,False,One row represents one authoritative subsection; grouped subsections retain all named implementation fields.
4.5.3,`stress_lower_price`,stress_lower_price,ConfidenceConfig and confidence classification,0.97 USD/DAI,Implemented runtime or experimental control for stress_lower_price.,USD per DAI,per simulation step,scalar/control,global; confidence state may alter use,model mechanics,confidence.py validation/smoke checks and Phase 2A threshold diagnostics; no dedicated pytest for every behavioural field,"[{""candidate_key"": ""phase2a:015"", ""collateral"": ""DAI"", ""distribution"": """", ""parameter"": ""dai_stress_lower_candidate"", ""regime"": ""calibration"", ""status"": ""provisional_sensitivity_required"", ""value"": ""0.9967380166666668""}]",2A,Nearby-threshold sensitivity required.,USD_per_DAI,hourly,provisional_sensitivity_required,calibration,DAI,configuration_ready_with_sensitivity,compatible subject to stated units and scope,no mechanics change,compatible,compatible or not applicable,Review in a separate empirical configuration with the recorded uncertainty and current hand-set baseline retained.,configuration only,"schema, units, sensitivity and baseline regression tests",medium,False,One row represents one authoritative subsection; grouped subsections retain all named implementation fields.
4.5.4,`max_normal_liquidatable_share`,max_normal_liquidatable_share,ConfidenceConfig and confidence classification,0.05 share,Largest liquidatable share still consistent with normal confidence.,share of all active vaults,per simulation step,scalar/control,global; confidence state may alter use,model mechanics,confidence.py validation/smoke checks and Phase 2A threshold diagnostics; no dedicated pytest for every behavioural field,"[{""candidate_key"": ""phase2b:007"", ""collateral"": ""six target ilks"", ""distribution"": ""{\""active_indebted_denominator_maximum\"": 0.0, \""maximum\"": 0.0, \""q90\"": 0.0, \""q99\"": 0.0}"", ""parameter"": ""max_normal_liquidatable_share"", ""regime"": ""quiet_mature"", ""status"": ""ready_for_review"", ""value"": ""0.0""}]",2B,"[0.0, 0.0]",share of all active vaults,all 696 hourly snapshots,ready_for_review,quiet_mature,six target ilks,configuration_ready_with_sensitivity,compatible subject to stated units and scope,no mechanics change,compatible,requires confirmation that one simulation step is one hour,Review in a separate empirical configuration with the recorded uncertainty and current hand-set baseline retained.,configuration only,"schema, units, sensitivity and baseline regression tests",medium,False,One row represents one authoritative subsection; grouped subsections retain all named implementation fields.
4.5.5,`max_stress_liquidatable_share`,max_stress_liquidatable_share,ConfidenceConfig and confidence classification,0.30 share,Liquidatable share above which panic may be triggered.,share of all active vaults,per simulation step,scalar/control,global; confidence state may alter use,model mechanics,confidence.py validation/smoke checks and Phase 2A threshold diagnostics; no dedicated pytest for every behavioural field,"[{""candidate_key"": ""phase2b:008"", ""collateral"": ""six target ilks"", ""distribution"": ""{\""classifier_stress_maximum\"": 0.0011855364552459987, \""classifier_stress_q99\"": 0.0010638030014861334, \""full_named_window_q95\"": 0.0, \""unconstrained_classifier_stress_q95\"": 0.0005775460206379942}"", ""parameter"": ""max_stress_liquidatable_share"", ""regime"": ""stress"", ""status"": ""ready_for_review"", ""value"": ""0.0005775460206379942""}, {""candidate_key"": ""phase2c:004"", ""collateral"": ""global primary; exact-ilk diagnostics"", ""distribution"": """", ""parameter"": ""max_stress_liquidatable_share"", ""regime"": ""labelled hierarchy: moderate USDC/SVB and severe Terra/CeFi"", ""status"": ""provisional_distribution_choice"", ""value"": ""{\""moderate_usdc_svb_q95\"": 0.0005775460206379942, \""terra_cefi_maximum\"": 0.0284697508896797, \""terra_cefi_q95\"": 0.001852517548856703}""}]",2B; 2C,"[0.0, 0.0008886255924170616]; {""terra_q95_day_block_interval"": [0.0004661399314760731, 0.004080066315158479]}",share of all active vaults,Phase 2A classifier-stress hours within USDC/SVB; labelled hierarchy: moderate USDC/SVB and severe Terra/CeFi,provisional_distribution_choice; ready_for_review,labelled hierarchy: moderate USDC/SVB and severe Terra/CeFi; stress,global primary; exact-ilk diagnostics; six target ilks,requires_regime_interface,compatible subject to stated units and scope,requires_regime_interface,compatible,requires confirmation that one simulation step is one hour,Preserve moderate USDC/SVB and severe Terra/CeFi thresholds as named evidence; select only within an explicit scenario until a regime override interface exists.,optional regime-specific confidence thresholds,"threshold ordering, named-regime and withheld FTX validation tests",medium,False,One row represents one authoritative subsection; grouped subsections retain all named implementation fields.
4.5.6,`bad_debt_panic_threshold`,bad_debt_panic_threshold,ConfidenceConfig and confidence classification,1000 DAI,Implemented runtime or experimental control for bad_debt_panic_threshold.,DAI bad debt,per simulation step,scalar/control,global; confidence state may alter use,model mechanics,confidence.py validation/smoke checks and Phase 2A threshold diagnostics; no dedicated pytest for every behavioural field,,Phase 1A–1C target moments and later simulator outputs,,,,requires_model_calibration,not regime-specific,global; confidence state may alter use,not_identifiable,compatible subject to stated units and scope,not_identifiable,compatible,compatible or not applicable,Estimate later by simulation matching or retain as an explicitly labelled scenario control; do not claim direct empirical identification.,none until behavioural calibration is designed,"simulation-matching, ablation and withheld-validation tests",low,False,One row represents one authoritative subsection; grouped subsections retain all named implementation fields.
4.5.7,`normal_confidence`,normal_confidence,ConfidenceConfig and confidence classification,1.0,Implemented runtime or experimental control for normal_confidence.,dimensionless confidence index,per simulation step,scalar/control,global; confidence state may alter use,experimental configuration,confidence.py validation/smoke checks and Phase 2A threshold diagnostics; no dedicated pytest for every behavioural field,,Phase 1A–1C target moments and later simulator outputs,,,,requires_model_calibration,not regime-specific,global; confidence state may alter use,scenario_only,compatible subject to stated units and scope,no mechanics change,compatible,compatible or not applicable,"Retain as a labelled experimental control, outside empirical adoption.",none,scenario schema and established-experiment regression tests,low,False,One row represents one authoritative subsection; grouped subsections retain all named implementation fields.
4.5.8,`stress_confidence`,stress_confidence,ConfidenceConfig and confidence classification,0.5,Implemented runtime or experimental control for stress_confidence.,dimensionless confidence index,per simulation step,scalar/control,global; confidence state may alter use,experimental configuration,confidence.py validation/smoke checks and Phase 2A threshold diagnostics; no dedicated pytest for every behavioural field,,Phase 1A–1C target moments and later simulator outputs,,,,requires_model_calibration,not regime-specific,global; confidence state may alter use,scenario_only,compatible subject to stated units and scope,no mechanics change,compatible,compatible or not applicable,"Retain as a labelled experimental control, outside empirical adoption.",none,scenario schema and established-experiment regression tests,low,False,One row represents one authoritative subsection; grouped subsections retain all named implementation fields.
4.5.9,`panic_confidence`,panic_confidence,ConfidenceConfig and confidence classification,0.1,Implemented runtime or experimental control for panic_confidence.,dimensionless confidence index,per simulation step,scalar/control,global; confidence state may alter use,experimental configuration,confidence.py validation/smoke checks and Phase 2A threshold diagnostics; no dedicated pytest for every behavioural field,,Phase 1A–1C target moments and later simulator outputs,,,,requires_model_calibration,not regime-specific,global; confidence state may alter use,scenario_only,compatible subject to stated units and scope,no mechanics change,compatible,compatible or not applicable,"Retain as a labelled experimental control, outside empirical adoption.",none,scenario schema and established-experiment regression tests,low,False,One row represents one authoritative subsection; grouped subsections retain all named implementation fields.
4.5.10,`panic_selling_multiplier`,panic_selling_multiplier,ConfidenceConfig and confidence classification,2.0 multiplier,Implemented runtime or experimental control for panic_selling_multiplier.,dimensionless multiplier,per simulation step,scalar/control,global; confidence state may alter use,model mechanics,confidence.py validation/smoke checks and Phase 2A threshold diagnostics; no dedicated pytest for every behavioural field,,Phase 1A–1C target moments and later simulator outputs,,,,requires_model_calibration,not regime-specific,global; confidence state may alter use,not_identifiable,compatible subject to stated units and scope,not_identifiable,compatible,compatible or not applicable,Estimate later by simulation matching or retain as an explicitly labelled scenario control; do not claim direct empirical identification.,none until behavioural calibration is designed,"simulation-matching, ablation and withheld-validation tests",low,False,One row represents one authoritative subsection; grouped subsections retain all named implementation fields.
4.6.1,`peg_price`,peg_price,DAIMarketConfig and DAI price update,1.0 USD/DAI,Implemented runtime or experimental control for peg_price.,USD per DAI,per simulation step,scalar/control,global; confidence state may alter use,model mechanics,dai_market.py validation/smoke checks and established experiment regressions; no dedicated pytest for every behavioural field,,Phase 1D protocol parameter panel,,,,protocol_constant,not regime-specific,global; confidence state may alter use,protocol_constant_ready,compatible subject to stated units and scope,no mechanics change,compatible,compatible or not applicable,Historical replay uses effective-dated exact-ilk values; generic experiments use one declared baseline timestamp and explicit overrides.,configuration mapping only for represented fields,"exact-ilk mapping, baseline timestamp and override tests",high,False,One row represents one authoritative subsection; grouped subsections retain all named implementation fields.
4.6.2,`price_adjustment_speed`,price_adjustment_speed,DAIMarketConfig and DAI price update,0.02 per step,Implemented runtime or experimental control for price_adjustment_speed.,per simulation step,per simulation step,scalar/control,global; confidence state may alter use,model mechanics,dai_market.py validation/smoke checks and established experiment regressions; no dedicated pytest for every behavioural field,,Phase 1A–1C target moments and later simulator outputs,,,,requires_model_calibration,not regime-specific,global; confidence state may alter use,not_identifiable,compatible subject to stated units and scope,not_identifiable,compatible,compatible or not applicable,Estimate later by simulation matching or retain as an explicitly labelled scenario control; do not claim direct empirical identification.,none until behavioural calibration is designed,"simulation-matching, ablation and withheld-validation tests",low,False,One row represents one authoritative subsection; grouped subsections retain all named implementation fields.
4.6.3,`arbitrage_strength`,arbitrage_strength,DAIMarketConfig and DAI price update,1.0,Implemented runtime or experimental control for arbitrage_strength.,dimensionless response coefficient,per simulation step,scalar/control,global; confidence state may alter use,model mechanics,dai_market.py validation/smoke checks and established experiment regressions; no dedicated pytest for every behavioural field,,Phase 1A–1C target moments and later simulator outputs,,,,requires_model_calibration,not regime-specific,global; confidence state may alter use,not_identifiable,compatible subject to stated units and scope,not_identifiable,compatible,compatible or not applicable,Estimate later by simulation matching or retain as an explicitly labelled scenario control; do not claim direct empirical identification.,none until behavioural calibration is designed,"simulation-matching, ablation and withheld-validation tests",low,False,One row represents one authoritative subsection; grouped subsections retain all named implementation fields.
4.6.4,`above_peg_supply_strength`,above_peg_supply_strength,DAIMarketConfig and DAI price update,1.0,Implemented runtime or experimental control for above_peg_supply_strength.,dimensionless response coefficient,per simulation step,scalar/control,global; confidence state may alter use,model mechanics,dai_market.py validation/smoke checks and established experiment regressions; no dedicated pytest for every behavioural field,,Phase 1A–1C target moments and later simulator outputs,,,,requires_model_calibration,not regime-specific,global; confidence state may alter use,not_identifiable,compatible subject to stated units and scope,not_identifiable,compatible,compatible or not applicable,Estimate later by simulation matching or retain as an explicitly labelled scenario control; do not claim direct empirical identification.,none until behavioural calibration is designed,"simulation-matching, ablation and withheld-validation tests",low,False,One row represents one authoritative subsection; grouped subsections retain all named implementation fields.
4.6.5,`panic_strength`,panic_strength,DAIMarketConfig and DAI price update,1.0,Implemented runtime or experimental control for panic_strength.,dimensionless response coefficient,per simulation step,scalar/control,global; confidence state may alter use,model mechanics,dai_market.py validation/smoke checks and established experiment regressions; no dedicated pytest for every behavioural field,,Phase 1A–1C target moments and later simulator outputs,,,,requires_model_calibration,not regime-specific,global; confidence state may alter use,not_identifiable,compatible subject to stated units and scope,not_identifiable,compatible,compatible or not applicable,Estimate later by simulation matching or retain as an explicitly labelled scenario control; do not claim direct empirical identification.,none until behavioural calibration is designed,"simulation-matching, ablation and withheld-validation tests",low,False,One row represents one authoritative subsection; grouped subsections retain all named implementation fields.
4.6.6,`noise_std`,noise_std,DAIMarketConfig and DAI price update,0.0005 USD/DAI per step,Implemented runtime or experimental control for noise_std.,USD per DAI per step,per simulation step,scalar/control,global; confidence state may alter use,model mechanics,dai_market.py validation/smoke checks and established experiment regressions; no dedicated pytest for every behavioural field,,Phase 1A–1C target moments and later simulator outputs,,,,requires_model_calibration,not regime-specific,global; confidence state may alter use,not_identifiable,compatible subject to stated units and scope,not_identifiable,compatible,compatible or not applicable,Estimate later by simulation matching or retain as an explicitly labelled scenario control; do not claim direct empirical identification.,none until behavioural calibration is designed,"simulation-matching, ablation and withheld-validation tests",low,False,One row represents one authoritative subsection; grouped subsections retain all named implementation fields.
4.6.7,`min_price`,min_price,DAIMarketConfig and DAI price update,0.50 USD/DAI,Implemented runtime or experimental control for min_price.,USD per DAI,per simulation step,scalar/control,global; confidence state may alter use,experimental configuration,dai_market.py validation/smoke checks and established experiment regressions; no dedicated pytest for every behavioural field,,Experimental design,,,,scenario_only,not regime-specific,global; confidence state may alter use,scenario_only,compatible subject to stated units and scope,no mechanics change,compatible,compatible or not applicable,"Retain as a labelled experimental control, outside empirical adoption.",none,scenario schema and established-experiment regression tests,low,False,One row represents one authoritative subsection; grouped subsections retain all named implementation fields.
4.6.8,`max_price`,max_price,DAIMarketConfig and DAI price update,1.50 USD/DAI,Implemented runtime or experimental control for max_price.,USD per DAI,per simulation step,scalar/control,global; confidence state may alter use,experimental configuration,dai_market.py validation/smoke checks and established experiment regressions; no dedicated pytest for every behavioural field,,Experimental design,,,,scenario_only,not regime-specific,global; confidence state may alter use,scenario_only,compatible subject to stated units and scope,no mechanics change,compatible,compatible or not applicable,"Retain as a labelled experimental control, outside empirical adoption.",none,scenario schema and established-experiment regression tests,low,False,One row represents one authoritative subsection; grouped subsections retain all named implementation fields.
4.6.9,`enable_peg_recovery`,enable_peg_recovery,DAIMarketConfig and DAI price update,false,Implemented runtime or experimental control for enable_peg_recovery.,boolean,per simulation step,scalar/control,global; confidence state may alter use,experimental configuration,dai_market.py validation/smoke checks and established experiment regressions; no dedicated pytest for every behavioural field,,Experimental design,,,,scenario_only,not regime-specific,global; confidence state may alter use,scenario_only,compatible subject to stated units and scope,no mechanics change,compatible,compatible or not applicable,"Retain as a labelled experimental control, outside empirical adoption.",none,scenario schema and established-experiment regression tests,low,False,One row represents one authoritative subsection; grouped subsections retain all named implementation fields.
4.6.10,`arbitrage_recovery_strength`,arbitrage_recovery_strength,DAIMarketConfig and DAI price update,0.0,Implemented runtime or experimental control for arbitrage_recovery_strength.,dimensionless response coefficient,per simulation step,scalar/control,global; confidence state may alter use,model mechanics,dai_market.py validation/smoke checks and established experiment regressions; no dedicated pytest for every behavioural field,,Phase 1A–1C target moments and later simulator outputs,,,,requires_model_calibration,not regime-specific,global; confidence state may alter use,not_identifiable,compatible subject to stated units and scope,not_identifiable,compatible,compatible or not applicable,Estimate later by simulation matching or retain as an explicitly labelled scenario control; do not claim direct empirical identification.,none until behavioural calibration is designed,"simulation-matching, ablation and withheld-validation tests",low,False,One row represents one authoritative subsection; grouped subsections retain all named implementation fields.
4.6.11,`policy_feedback_strength`,policy_feedback_strength,DAIMarketConfig and DAI price update,0.0,Implemented runtime or experimental control for policy_feedback_strength.,dimensionless response coefficient,per simulation step,scalar/control,global; confidence state may alter use,model mechanics,dai_market.py validation/smoke checks and established experiment regressions; no dedicated pytest for every behavioural field,,Phase 1A–1C target moments and later simulator outputs,,,,requires_model_calibration,not regime-specific,global; confidence state may alter use,not_identifiable,compatible subject to stated units and scope,not_identifiable,compatible,compatible or not applicable,Estimate later by simulation matching or retain as an explicitly labelled scenario control; do not claim direct empirical identification.,none until behavioural calibration is designed,"simulation-matching, ablation and withheld-validation tests",low,False,One row represents one authoritative subsection; grouped subsections retain all named implementation fields.
4.6.12,`bad_debt_recovery_drag`,bad_debt_recovery_drag,DAIMarketConfig and DAI price update,1.0,Implemented runtime or experimental control for bad_debt_recovery_drag.,dimensionless drag coefficient,per simulation step,scalar/control,global; confidence state may alter use,model mechanics,dai_market.py validation/smoke checks and established experiment regressions; no dedicated pytest for every behavioural field,,Phase 1A–1C target moments and later simulator outputs,,,,requires_model_calibration,not regime-specific,global; confidence state may alter use,not_identifiable,compatible subject to stated units and scope,not_identifiable,compatible,compatible or not applicable,Estimate later by simulation matching or retain as an explicitly labelled scenario control; do not claim direct empirical identification.,none until behavioural calibration is designed,"simulation-matching, ablation and withheld-validation tests",low,False,One row represents one authoritative subsection; grouped subsections retain all named implementation fields.
4.6.13,`min_recovery_confidence`,min_recovery_confidence,DAIMarketConfig and DAI price update,0.0,Implemented runtime or experimental control for min_recovery_confidence.,dimensionless confidence index,per simulation step,scalar/control,global; confidence state may alter use,model mechanics,dai_market.py validation/smoke checks and established experiment regressions; no dedicated pytest for every behavioural field,,Phase 1A–1C target moments and later simulator outputs,,,,requires_model_calibration,not regime-specific,global; confidence state may alter use,not_identifiable,compatible subject to stated units and scope,not_identifiable,compatible,compatible or not applicable,Estimate later by simulation matching or retain as an explicitly labelled scenario control; do not claim direct empirical identification.,none until behavioural calibration is designed,"simulation-matching, ablation and withheld-validation tests",low,False,One row represents one authoritative subsection; grouped subsections retain all named implementation fields.
