scope,identification_level,observation_count,positive_participation_count,negative_participation_count,nonpositive_profit_proxy_count,direct_profit_minimum,direct_profit_p05,direct_profit_p10,direct_profit_p25,direct_profit_median,direct_margin_minimum,direct_margin_p05,direct_margin_p10,direct_margin_p25,direct_margin_median,model_coefficients,direct_cost_only,keeper_hurdle_low,keeper_hurdle_high,uncertainty,classification
SYSTEM_ALL,level_2_successful_execution_only,1064,1058,0,6,-1976.48033167,665.37400589,774.954963349,1639.2135015,2974.84144419,-0.232226022007,0.10510090048,0.118023949341,0.124431757397,0.127957594532,,0,0.10510090048,0.124431757397,successful executions bound acceptance only; no defensible rejected executable opportunities,profit_hurdle_partially_identified
FAMILY_ETH,collateral_diagnostic_successful_only,887,884,0,3,-1976.48033167,638.373916237,745.794237494,1600.64552739,2817.9602615,-0.124821659529,0.10510090048,0.118299420041,0.124312312578,0.127965637209,,,,,successful executions bound acceptance only; no defensible rejected executable opportunities,diagnostic_only
FAMILY_WBTC,collateral_diagnostic_successful_only,177,174,0,3,-137.696238888,741.129818653,1084.75043568,2178.59016825,3765.06127291,-0.232226022007,0.101606371053,0.117242380983,0.124995527199,0.12794337202,,,,,successful executions bound acceptance only; no defensible rejected executable opportunities,diagnostic_only
ETH-A,collateral_diagnostic_successful_only,633,630,0,3,-1976.48033167,699.893359987,1102.59450592,2091.84388388,2849.87438432,-0.124821659529,0.110947092821,0.119683216003,0.125171916068,0.128112701903,,,,,successful executions bound acceptance only; no defensible rejected executable opportunities,diagnostic_only
ETH-B,collateral_diagnostic_successful_only,50,50,0,0,3611.52192612,4549.59236351,4821.09112064,6456.64322368,13744.6576118,0.117655706565,0.120920364802,0.122938948862,0.127661889358,0.128973292668,,,,,successful executions bound acceptance only; no defensible rejected executable opportunities,diagnostic_only
ETH-C,collateral_diagnostic_successful_only,204,204,0,0,247.837651879,547.561885053,643.032303777,774.954963349,1537.87454219,0.0437197333612,0.087596155591,0.103875165667,0.121836107865,0.126453594856,,,,,successful executions bound acceptance only; no defensible rejected executable opportunities,diagnostic_only
WBTC-A,collateral_diagnostic_successful_only,149,146,0,3,-137.696238888,726.343077072,1120.48953372,2176.32304097,3387.87576195,-0.232226022007,0.100484254618,0.115594702802,0.124465364521,0.127554192449,,,,,successful executions bound acceptance only; no defensible rejected executable opportunities,diagnostic_only
WBTC-B,collateral_diagnostic_successful_only,14,14,0,0,4647.3576256,4647.3576256,4723.40155405,8059.76216161,11054.4360679,0.126047961866,0.126047961866,0.127232111073,0.128794088836,0.129578451719,,,,,successful executions bound acceptance only; no defensible rejected executable opportunities,diagnostic_only
WBTC-C,collateral_diagnostic_successful_only,14,14,0,0,1014.27548727,1014.27548727,1074.38531151,1084.75043568,2556.47741897,0.11877665343,0.11877665343,0.122533626899,0.126988015688,0.127912036124,,,,,successful executions bound acceptance only; no defensible rejected executable opportunities,diagnostic_only
