contrast_family,setting,metric,operationality,materiality,sign_relative_to_core,raw_paired_mean,direction_normalised_advantage,count,standard_error,ci95_lower,ci95_upper,median,p05,p25,p75,p95
R-A,baseline,backlog_area_share,operational,material,retained,-0.0737546731796147,0.0737546731796147,64,0.024728231100981827,0.025287340221690324,0.12222200613753909,0.0006938571725180297,0.0,-0.0,0.009876840616732496,0.3536231144833695
R-A,baseline,liquidated_debt_share,operational,material,retained,-0.03576271706869232,0.03576271706869232,64,0.010867366828297595,0.014462678085229035,0.057062756052155605,0.00032946679463939795,0.0,-0.0,0.005634306554211628,0.25575451683401246
R-A,baseline,maximum_unresolved_tab_share,operational,material,retained,-0.023540753255412147,0.023540753255412147,64,0.010149518980032895,0.0036476960545476743,0.04343381045627662,0.00032946679463939795,0.0,-0.0,0.0031328201166159852,0.1608336932630799
R-A,population_250,backlog_area_share,operational,material,retained,-0.0659325157012462,0.0659325157012462,64,0.02351075342943187,0.01985143897955973,0.11201359242293266,-0.0,0.0,-0.0,0.015229208856361476,0.4467517874956093
R-A,population_250,liquidated_debt_share,operational,material,retained,-0.03160026123739142,0.03160026123739142,64,0.011921371805856748,0.00823437249791219,0.054966149976870646,-0.0,0.0,-0.0,0.012640023453964113,0.16042417897031253
R-A,population_250,maximum_unresolved_tab_share,operational,material,retained,-0.025765131364670235,0.025765131364670235,64,0.009748863796754999,0.006657358323030438,0.04487290440631003,-0.0,0.0,-0.0,0.005195500572322288,0.1739012827866693
R-A,population_1000,backlog_area_share,operational,material,retained,-0.07229821719695764,0.07229821719695764,64,0.022391062260482833,0.028411735166411288,0.11618469922750399,0.0025122129476581644,0.0,-0.0,0.030903650310361706,0.4333608233788851
R-A,population_1000,liquidated_debt_share,operational,material,retained,-0.033062286591083026,0.033062286591083026,64,0.010540535342064115,0.01240283732063736,0.05372173586152869,0.0010791155973841064,0.0,0.00023231035042521668,0.017507178443008902,0.16384465746598462
R-A,population_1000,maximum_unresolved_tab_share,operational,material,retained,-0.015425730386562584,0.015425730386562584,64,0.006674580464557105,0.002343552676030659,0.02850790809709451,0.0004712366088193049,-0.0012146995360433825,-0.0,0.006310407992525469,0.09302763630943513
R-A,market_block_72,backlog_area_share,operational,material,retained,-0.04606658397923991,0.04606658397923991,64,0.014489067697354155,0.01766801129242577,0.07446515666605405,0.0012361838733666443,0.0,-0.0,0.024937230091446057,0.33692141421159627
R-A,market_block_72,liquidated_debt_share,operational,material,retained,-0.03784236347159621,0.03784236347159621,64,0.010339171322496414,0.017577587679503237,0.058107139263689184,0.0005927557086986592,0.0,-0.0,0.02491668306793416,0.22383832683962773
R-A,market_block_72,maximum_unresolved_tab_share,operational,material,retained,-0.017423885667416754,0.017423885667416754,64,0.006773410134887577,0.004148001803037102,0.030699769531796407,0.00050876994741211,0.0,-0.0,0.01002835737228498,0.05427207957632425
R-A,market_block_336,backlog_area_share,operational,material,retained,-0.05242287567039808,0.05242287567039808,64,0.021250062669702672,0.010772752837780841,0.09407299850301531,0.00012415271243490652,0.0,-0.0,0.012751713446937882,0.3098753917966801
R-A,market_block_336,liquidated_debt_share,operational,material,retained,-0.03309123063546253,0.03309123063546253,64,0.010373833354495092,0.01275851726065215,0.05342394401027291,0.00044335643316320247,0.0,-0.0,0.00856424225877785,0.25052221042637346
R-A,market_block_336,maximum_unresolved_tab_share,operational,material,retained,-0.012360872388680666,0.012360872388680666,64,0.004887042083497801,0.0027822699050249755,0.021939474872336356,8.326223984496706e-05,0.0,-0.0,0.002880163169322405,0.07028685497113846
R-A,keeper_hurdle_low,backlog_area_share,operational,material,retained,-0.09336348023929016,0.09336348023929016,64,0.029806886875319082,0.034941981963664756,0.15178497851491557,0.0011240237867671306,0.0,-0.0,0.04027335692278715,0.49146674825477027
R-A,keeper_hurdle_low,liquidated_debt_share,operational,material,retained,-0.035611836135658374,0.035611836135658374,64,0.01084021592865588,0.014365012915492852,0.0568586593558239,0.0003000666678980448,0.0,-0.0,0.00545693834195358,0.25299936264799155
R-A,keeper_hurdle_low,maximum_unresolved_tab_share,operational,material,retained,-0.023777275063220284,0.023777275063220284,64,0.01015433518293713,0.0038747781046635094,0.04367977202177706,0.00036922628417796117,0.0,-0.0,0.004177945711026932,0.160821434542023
R-A,keeper_hurdle_high,backlog_area_share,operational,material,retained,-0.20357368345770904,0.20357368345770904,64,0.061981305325921776,0.08209032501890236,0.32505704189651574,0.003698221502978695,0.0,-0.0,0.07278644184314761,1.3148966110225764
R-A,keeper_hurdle_high,liquidated_debt_share,operational,material,retained,-0.03494481463227176,0.03494481463227176,64,0.010742896224367228,0.013888738032511994,0.05600089123203153,-0.0,0.0,-0.0,0.00492059888754264,0.24890187929419091
R-A,keeper_hurdle_high,maximum_unresolved_tab_share,operational,material,retained,-0.024445905641181966,0.024445905641181966,64,0.010189743251562683,0.004474008868119106,0.044417802414244825,0.0005152563023918717,0.0,-0.0,0.005845898745499403,0.1609723969323955
R-B,baseline,backlog_area_share,operational,material,retained,-0.07374689351795033,0.07374689351795033,64,0.024726396111185982,0.025283157140025804,0.12221062989587486,0.0006938571725180297,0.0,-0.0,0.009876840616732496,0.3536231144833695
R-B,baseline,liquidated_debt_share,operational,material,retained,-0.03575222987736017,0.03575222987736017,64,0.010867821069369704,0.014451300581395547,0.05705315917332479,0.00032946679463939795,0.0,-0.0,0.005466511492897142,0.25575451683401246
R-B,baseline,maximum_unresolved_tab_share,operational,material,retained,-0.023536863424579967,0.023536863424579967,64,0.010148620367176618,0.003645567504913797,0.04342815934424614,0.00032946679463939795,0.0,-0.0,0.0031328201166159852,0.16062208646580917
R-B,population_250,backlog_area_share,operational,material,retained,-0.06585218127217002,0.06585218127217002,64,0.023514589086915668,0.01976358666181531,0.11194077588252473,-0.0,0.0,-0.0,0.015229208856361476,0.4467517874956093
R-B,population_250,liquidated_debt_share,operational,material,retained,-0.03155291381374388,0.03155291381374388,64,0.011922969546729934,0.008183893502153209,0.054921934125334554,-0.0,0.0,-0.0,0.012640023453964113,0.16042417897031253
R-B,population_250,maximum_unresolved_tab_share,operational,material,retained,-0.02574464935405587,0.02574464935405587,64,0.009749455221186098,0.006635717120531119,0.04485358158758062,-0.0,0.0,-0.0,0.005195500572322288,0.1739012827866693
R-B,population_1000,backlog_area_share,operational,material,retained,-0.07230363934921091,0.07230363934921091,64,0.0223909131417982,0.02841744959128644,0.11618982910713538,0.0025122129476581644,0.0,-0.0,0.030903650310361706,0.4333608233788851
R-B,population_1000,liquidated_debt_share,operational,material,retained,-0.033062286591083026,0.033062286591083026,64,0.010540535342064115,0.01240283732063736,0.05372173586152869,0.0010791155973841064,0.0,0.00023231035042521668,0.017507178443008902,0.16384465746598462
R-B,population_1000,maximum_unresolved_tab_share,operational,material,retained,-0.015427178601024497,0.015427178601024497,64,0.00667362815789422,0.0023468674115518263,0.028507489790497168,0.0004712366088193049,-0.0012146995360433825,-0.0,0.006310407992525469,0.09302763630943513
R-B,market_block_72,backlog_area_share,operational,material,retained,-0.04606658397923991,0.04606658397923991,64,0.014489067697354155,0.01766801129242577,0.07446515666605405,0.0012361838733666443,0.0,-0.0,0.024937230091446057,0.33692141421159627
R-B,market_block_72,liquidated_debt_share,operational,material,retained,-0.03784236347159621,0.03784236347159621,64,0.010339171322496414,0.017577587679503237,0.058107139263689184,0.0005927557086986592,0.0,-0.0,0.02491668306793416,0.22383832683962773
R-B,market_block_72,maximum_unresolved_tab_share,operational,material,retained,-0.017423885667416754,0.017423885667416754,64,0.006773410134887577,0.004148001803037102,0.030699769531796407,0.00050876994741211,0.0,-0.0,0.01002835737228498,0.05427207957632425
R-B,market_block_336,backlog_area_share,operational,material,retained,-0.05240389804298763,0.05240389804298763,64,0.021240549836017083,0.010772420364394152,0.0940353757215811,0.00012415271243490652,0.0,-0.0,0.012751713446937882,0.3098753917966801
R-B,market_block_336,liquidated_debt_share,operational,material,retained,-0.03309123063546253,0.03309123063546253,64,0.010373833354495092,0.01275851726065215,0.05342394401027291,0.00044335643316320247,0.0,-0.0,0.00856424225877785,0.25052221042637346
R-B,market_block_336,maximum_unresolved_tab_share,operational,material,retained,-0.012364220744702354,0.012364220744702354,64,0.0048896937679174055,0.002780420959584239,0.02194802052982047,8.326223984496706e-05,0.0,-0.0,0.002880163169322405,0.07028685497113846
R-B,keeper_hurdle_low,backlog_area_share,operational,material,retained,-0.0933557005776258,0.0933557005776258,64,0.029805378733530563,0.03493715825990589,0.1517742428953457,0.0011240237867671306,0.0,-0.0,0.04027335692278715,0.49146674825477027
R-B,keeper_hurdle_low,liquidated_debt_share,operational,material,retained,-0.03560134894432622,0.03560134894432622,64,0.010840668990548754,0.014353637722850664,0.056849060165801775,0.0003000666678980448,0.0,-0.0,0.005289143280639093,0.25299936264799155
R-B,keeper_hurdle_low,maximum_unresolved_tab_share,operational,material,retained,-0.023773385232388103,0.023773385232388103,64,0.01015343852232745,0.0038726457286263026,0.0436741247361499,0.00036922628417796117,0.0,-0.0,0.004177945711026932,0.1606098277447523
R-B,keeper_hurdle_high,backlog_area_share,operational,material,retained,-0.20354492941338034,0.20354492941338034,64,0.06198135957678539,0.08206146464288099,0.3250283941838797,0.003698221502978695,0.0,-0.0,0.07278644184314761,1.3148966110225764
R-B,keeper_hurdle_high,liquidated_debt_share,operational,material,retained,-0.034934327440939605,0.034934327440939605,64,0.01074335602891061,0.01387734962427481,0.0559913052576044,-0.0,0.0,-0.0,0.0047528038262281535,0.24890187929419091
R-B,keeper_hurdle_high,maximum_unresolved_tab_share,operational,material,retained,-0.024431528619017626,0.024431528619017626,64,0.010189165755368738,0.0044607637384949,0.04440229349954035,0.0005152563023918717,0.0,-0.0,0.0053425135615559425,0.16076079013512484
R-C,baseline,backlog_area_share,operational,material,retained,-0.06305871502989688,0.06305871502989688,64,0.022670032924203533,0.018625450498457957,0.1074919795613358,-0.0,0.0,-0.0,0.004388863353883308,0.4763454444657677
R-C,baseline,liquidated_debt_share,operational,material,retained,-0.027556326865573744,0.027556326865573744,64,0.011707716485675004,0.004609202553650736,0.05050345117749675,-0.0,0.0,-0.0,0.003027903332180291,0.18771546532835948
R-C,baseline,maximum_unresolved_tab_share,operational,material,retained,-0.012999751726509893,0.012999751726509893,64,0.00558581234024963,0.0020515595396206187,0.023947943913399168,-0.0,0.0,-0.0,0.0012641930716437914,0.061037846709828716
R-C,population_250,backlog_area_share,operational,material,retained,-0.010623635507729337,0.010623635507729337,64,0.006408708606590186,-0.0019374333611874277,0.023184704376646104,-0.0,-0.001558044605492651,-0.0,0.006171615000468477,0.06943617023902748
R-C,population_250,liquidated_debt_share,operational,material,retained,-0.011058405950510067,0.011058405950510067,64,0.005659600222279524,-3.4410485157799695e-05,0.022151222386177935,-0.0,-0.0032301007750619093,-0.0,0.0019399208883178211,0.0640526133378629
R-C,population_250,maximum_unresolved_tab_share,operational,material,retained,-0.0012742686055930536,0.0012742686055930536,64,0.002625058051430675,-0.003870845175211069,0.006419382386397176,-0.0,-0.002706058803280671,-0.0,0.0010203695412900828,0.016549548883284165
R-C,population_1000,backlog_area_share,operational,material,retained,-0.05620069554672427,0.05620069554672427,64,0.019968015558177222,0.017063385052696917,0.09533800604075163,0.0006813586635051677,0.0,-0.0,0.009479694884139606,0.3908838237091882
R-C,population_1000,liquidated_debt_share,operational,material,retained,-0.020462284135235955,0.020462284135235955,64,0.005615041930608884,0.009456801951242544,0.031467766319229366,0.00033083369852878293,0.0,-0.0,0.0063569736685530264,0.12383065975586734
R-C,population_1000,maximum_unresolved_tab_share,operational,material,retained,-0.006263386935363056,0.006263386935363056,64,0.0030697960346957255,0.0002465867073594341,0.01228018716336668,0.00023339259618102758,0.0,-0.0,0.0018879433572342968,0.06056383975722715
R-C,market_block_72,backlog_area_share,operational,material,retained,-0.02294152851959478,0.02294152851959478,64,0.008102654581860757,0.007060325539147698,0.03882273150004186,-0.0,0.0,-0.0,0.007897837487453995,0.13556004504864783
R-C,market_block_72,liquidated_debt_share,operational,material,retained,-0.0169554952097734,0.0169554952097734,64,0.006221318315276499,0.004761711311831462,0.02914927910771534,4.0298258310654665e-05,0.0,-0.0,0.003834213240329103,0.07059291880677529
R-C,market_block_72,maximum_unresolved_tab_share,operational,material,retained,-0.009791703895659632,0.009791703895659632,64,0.004251487599128257,0.0014587882013682475,0.018124619589951017,-0.0,0.0,-0.0,0.0019169978778692987,0.05101181152418811
R-C,market_block_336,backlog_area_share,operational,material,retained,-0.07515852313594873,0.07515852313594873,64,0.035194209695181625,0.006177872133392742,0.14413917413850472,-0.0,0.0,-0.0,0.0022171320735247116,0.3952221428227032
R-C,market_block_336,liquidated_debt_share,operational,material,retained,-0.022862555208640965,0.022862555208640965,64,0.008326013305478667,0.006543569129902779,0.03918154128737915,-0.0,0.0,-0.0,0.0019985799605336347,0.19404378833869712
R-C,market_block_336,maximum_unresolved_tab_share,operational,material,retained,-0.017269091682664807,0.017269091682664807,64,0.006897572153196528,0.003749850262399613,0.03078833310293,-0.0,0.0,-0.0,0.0006346064674451128,0.11608030387883095
R-C,keeper_hurdle_low,backlog_area_share,operational,material,retained,-0.07695512312179695,0.07695512312179695,64,0.026612749414537822,0.02479413426930282,0.12911611197429107,-0.0,0.0,-0.0,0.010186091806216739,0.6609788429168202
R-C,keeper_hurdle_low,liquidated_debt_share,operational,material,retained,-0.027422356324215823,0.027422356324215823,64,0.011692090508792911,0.0045058589269817186,0.05033885372144993,-0.0,0.0,-0.0,0.00291483549898357,0.1872046121580371
R-C,keeper_hurdle_low,maximum_unresolved_tab_share,operational,material,retained,-0.013190384264837618,0.013190384264837618,64,0.00559355084883932,0.0022270246011125514,0.024153743928562683,-0.0,0.0,-0.0,0.0017242435306563785,0.06269260746372365
R-C,keeper_hurdle_high,backlog_area_share,operational,material,retained,-0.16413014101087836,0.16413014101087836,64,0.052438395246372504,0.061350886327988255,0.2669093956937685,-0.0,0.0,-0.0,0.03889886356756666,1.5171564691626598
R-C,keeper_hurdle_high,liquidated_debt_share,operational,material,retained,-0.026975064211615815,0.026975064211615815,64,0.011655769891883681,0.004129755223523799,0.049820373199707835,-0.0,0.0,-0.0,0.002230449100013761,0.1842730697341067
R-C,keeper_hurdle_high,maximum_unresolved_tab_share,operational,material,retained,-0.013888886788817487,0.013888886788817487,64,0.005645343334121152,0.0028240138539400283,0.024953759723694943,-0.0,0.0,-0.0,0.0026177417038462376,0.07361249898799692
R-D,baseline,backlog_area_share,operational,material,retained,-0.010413319412205304,0.010413319412205304,64,0.005173850069995442,0.000272573275014237,0.020554065549396372,-0.0,0.0,-0.0,0.0,0.03637107171345673
R-D,baseline,liquidated_debt_share,operational,material,retained,-0.005295988721251123,0.005295988721251123,64,0.0023671125334476144,0.0006564481556937986,0.009935529286808447,-0.0,0.0,-0.0,0.0,0.04777984204111842
R-D,baseline,maximum_unresolved_tab_share,operational,material,retained,-0.0026908079261539746,0.0026908079261539746,64,0.001380239354401488,-1.4461208472941935e-05,0.005396077060780892,-0.0,0.0,-0.0,0.0,0.011247090911506663
R-D,baseline,stable_attributed_liquidated_debt_share,degenerate,immaterial,retained,0.0,0.0,64,0.0,0.0,0.0,-0.0,0.0,-0.0,0.0,-0.0
R-D,baseline,stable_exposure_normalised_liquidated_debt,degenerate,immaterial,retained,0.0,0.0,64,0.0,0.0,0.0,-0.0,0.0,-0.0,0.0,-0.0
R-D,population_250,backlog_area_share,operational,material,retained,0.01778921555917744,-0.01778921555917744,64,0.023894318054758872,-0.06462207894650483,0.029043647828149947,-0.0,0.0,-0.0,0.0,0.0006725873181776123
R-D,population_250,liquidated_debt_share,operational,material,retained,-0.002559219618506206,0.002559219618506206,64,0.002705033450614081,-0.0027426459446973925,0.007861085181709804,-0.0,0.0,-0.0,0.0,0.0009221639888717199
R-D,population_250,maximum_unresolved_tab_share,operational,material,retained,-0.000634476282716625,0.000634476282716625,64,0.0022390160406210065,-0.0037539951569005472,0.005022947722333797,-0.0,0.0,-0.0,0.0,0.0006254376843423499
R-D,population_250,stable_attributed_liquidated_debt_share,degenerate,immaterial,retained,0.0,0.0,64,0.0,0.0,0.0,-0.0,0.0,-0.0,0.0,-0.0
R-D,population_250,stable_exposure_normalised_liquidated_debt,degenerate,immaterial,retained,0.0,0.0,64,0.0,0.0,0.0,-0.0,0.0,-0.0,0.0,-0.0
R-D,population_1000,backlog_area_share,operational,material,retained,-0.022510933852427584,0.022510933852427584,64,0.009182791557535843,0.004512662399657332,0.04050920530519783,-0.0,0.0,-0.0,0.0,0.24856603210645878
R-D,population_1000,liquidated_debt_share,operational,material,retained,-0.009515194543406767,0.009515194543406767,64,0.003756835815487986,0.002151796345050314,0.016878592741763218,-0.0,0.0,-0.0,0.0,0.10097758392842911
R-D,population_1000,maximum_unresolved_tab_share,operational,material,retained,-0.004891706751038075,0.004891706751038075,64,0.0021440903327876962,0.0006892896987741905,0.009094123803301959,-0.0,0.0,-0.0,0.0,0.023343274352337785
R-D,population_1000,stable_attributed_liquidated_debt_share,degenerate,immaterial,retained,0.0,0.0,64,0.0,0.0,0.0,-0.0,0.0,-0.0,0.0,-0.0
R-D,population_1000,stable_exposure_normalised_liquidated_debt,degenerate,immaterial,retained,0.0,0.0,64,0.0,0.0,0.0,-0.0,0.0,-0.0,0.0,-0.0
R-D,market_block_72,backlog_area_share,operational,material,retained,-0.011392274035573772,0.011392274035573772,64,0.009430215096430048,-0.007090947553429124,0.02987549562457667,-0.0,0.0,-0.0,0.0,0.004809447471798992
R-D,market_block_72,liquidated_debt_share,operational,material,retained,-0.0032523444743879377,0.0032523444743879377,64,0.0017949633668771095,-0.00026578372469119715,0.0067704726734670725,-0.0,0.0,-0.0,0.0,0.004620440532794087
R-D,market_block_72,maximum_unresolved_tab_share,operational,material,retained,-0.001773091617406645,0.001773091617406645,64,0.0011216197611938943,-0.0004252831145333878,0.003971466349346678,-0.0,0.0,-0.0,0.0,0.0036302217974706875
R-D,market_block_72,stable_attributed_liquidated_debt_share,degenerate,immaterial,retained,0.0,0.0,64,0.0,0.0,0.0,-0.0,0.0,-0.0,0.0,-0.0
R-D,market_block_72,stable_exposure_normalised_liquidated_debt,degenerate,immaterial,retained,0.0,0.0,64,0.0,0.0,0.0,-0.0,0.0,-0.0,0.0,-0.0
R-D,market_block_336,backlog_area_share,operational,material,retained,-0.0014291434641325678,0.0014291434641325678,64,0.0011931368753721268,-0.0009094048115968006,0.003767691739861936,-0.0,0.0,-0.0,0.0,0.0023414803164871463
R-D,market_block_336,liquidated_debt_share,operational,material,retained,-0.0009909903128982119,0.0009909903128982119,64,0.0008677680427305117,-0.0007098350508535911,0.002691815676650015,-0.0,0.0,-0.0,0.0,0.0003726127961970213
R-D,market_block_336,maximum_unresolved_tab_share,operational,material,retained,9.656552153415043e-05,-9.656552153415043e-05,64,0.00021633007110741172,-0.0005205724609046773,0.00032744141783637654,-0.0,0.0,-0.0,0.0,0.00027859738673895006
R-D,market_block_336,stable_attributed_liquidated_debt_share,degenerate,immaterial,retained,0.0,0.0,64,0.0,0.0,0.0,-0.0,0.0,-0.0,0.0,-0.0
R-D,market_block_336,stable_exposure_normalised_liquidated_debt,degenerate,immaterial,retained,0.0,0.0,64,0.0,0.0,0.0,-0.0,0.0,-0.0,0.0,-0.0
R-D,keeper_hurdle_low,backlog_area_share,operational,material,retained,-0.014367094293618404,0.014367094293618404,64,0.007200895557829374,0.00025333900027283036,0.02848084958696398,-0.0,0.0,-0.0,0.0,0.071662747008949
R-D,keeper_hurdle_low,liquidated_debt_share,operational,material,retained,-0.005263292699491004,0.005263292699491004,64,0.002357008807523758,0.000643555436744438,0.00988302996223757,-0.0,0.0,-0.0,0.0,0.04676318564804021
R-D,keeper_hurdle_low,maximum_unresolved_tab_share,operational,material,retained,-0.002705342193105005,0.002705342193105005,64,0.0013781557206520231,4.1569806270395915e-06,0.00540652740558297,-0.0,0.0,-0.0,0.0,0.011247090911506663
R-D,keeper_hurdle_low,stable_attributed_liquidated_debt_share,degenerate,immaterial,retained,0.0,0.0,64,0.0,0.0,0.0,-0.0,0.0,-0.0,0.0,-0.0
R-D,keeper_hurdle_low,stable_exposure_normalised_liquidated_debt,degenerate,immaterial,retained,0.0,0.0,64,0.0,0.0,0.0,-0.0,0.0,-0.0,0.0,-0.0
R-D,keeper_hurdle_high,backlog_area_share,operational,material,retained,-0.03441372590623316,0.03441372590623316,64,0.016591003647467475,0.001895358757196909,0.0669320930552694,-0.0,0.0,-0.0,0.0,0.2585317677592538
R-D,keeper_hurdle_high,liquidated_debt_share,operational,material,retained,-0.005140414146822307,0.005140414146822307,64,0.002309370509343579,0.0006140479485088925,0.009666780345135722,-0.0,0.0,-0.0,0.0,0.04444383655806879
R-D,keeper_hurdle_high,maximum_unresolved_tab_share,operational,material,retained,-0.0027865208374201434,0.0027865208374201434,64,0.0014090718976044914,2.473991811534045e-05,0.005548301756724947,-0.0,0.0,-0.0,0.0,0.011247090911506663
R-D,keeper_hurdle_high,stable_attributed_liquidated_debt_share,degenerate,immaterial,retained,0.0,0.0,64,0.0,0.0,0.0,-0.0,0.0,-0.0,0.0,-0.0
R-D,keeper_hurdle_high,stable_exposure_normalised_liquidated_debt,degenerate,immaterial,retained,0.0,0.0,64,0.0,0.0,0.0,-0.0,0.0,-0.0,0.0,-0.0
